"","kmenas_KernelPCA_clip_9","phenoshapeAll.1","phenoshapeAll.2","phenoshapeAll.3","phenoshapeAll.4","phenoshapeAll.5","phenoshapeAll.6","phenoshapeAll.7","phenoshapeAll.8","phenoshapeAll.9","phenoshapeAll.10","phenoshapeAll.11","phenoshapeAll.12","phenoshapeAll.13","phenoshapeAll.14","phenoshapeAll.15","phenoshapeAll.16","phenoshapeAll.17","phenoshapeAll.18","phenoshapeAll.19","phenoshapeAll.20","phenoshapeAll.21","phenoshapeAll.22","phenoshapeAll.23","phenoshapeAll.24","phenoshapeAll.25","phenoshapeAll.26","phenoshapeAll.27","phenoshapeAll.28","phenoshapeAll.29","phenoshapeAll.30","phenoshapeAll.31","phenoshapeAll.32","phenoshapeAll.33","phenoshapeAll.34","phenoshapeAll.35","phenoshapeAll.36","phenoshapeAll.37","phenoshapeAll.38","phenoshapeAll.39","phenoshapeAll.40","phenoshapeAll.41","phenoshapeAll.42","phenoshapeAll.43","phenoshapeAll.44","phenoshapeAll.45","phenoshapeAll.46","phenoshapeAll.47","phenoshapeAll.48","phenoshapeAll.49","phenoshapeAll.50","phenoshapeAll.51","phenoshapeAll.52","sos","pos","eos","vsos","vpos","veos","los","msp","mau","vmsp","vmau","ampl","ios","rog","ros","sw","rmse_all","rmse_SOS","rmse_POS","rmse_EOS","dem_10m"
"1",2,-0.195924764890282,-0.359695733345151,-0.195154313301902,-0.114060701400931,-0.0555539988488435,-0.0133064824687312,0.0120642116412791,-0.0394504512597319,-0.197522166054938,-0.209638389746625,-0.261901322435336,-0.269356074883987,-0.219821768053179,-0.0592432974192936,-0.0633706238818307,0.063230573479413,0.133473655861707,0.178281540676263,0.151577773679215,0.18098369456752,0.138247275732767,0.145574889218755,0.144821810734434,0.174321312253446,0.218812638509119,0.207534611344167,0.193726810205232,0.197622158296159,0.192902190610273,0.19845221046061,0.194706481989488,0.200055908674056,0.192336052727117,0.179996171929914,0.156187372579286,0.170627850070829,0.164387760954802,0.168346059631045,0.125420744695786,0.0242623306042931,-0.11833603906321,-0.277028992407979,-0.388937029402824,-0.463879482232083,-0.51534040745504,-0.496816860980239,-0.408639058643736,-0.326620802445578,-0.241424600048389,-0.219159382774567,-0.0126013228343065,-0.521958243340533,96,174,266,-0.0592432974192936,0.218812638509119,0.168346059631045,170,132,223,0.151577773679215,0.200055908674056,0.740770881849652,25.9718402354774,0.0035648196913899,-0.000548549770413846,-2.63675670949176,0.0112236792463359,0.00963017531482741,0.0092605555764732,0.00692781216825632,81
"2",3,0.451511582253632,0.451511582253632,0.51764539386665,0.515787631296848,0.515870694306063,0.551887291535921,0.526695920863693,0.522511935022215,0.542344381612914,0.568061426242595,0.562668972799235,0.605197265550181,0.648502249463583,0.715944763215882,0.815925896507874,0.879395771685249,0.917057460210583,0.971667641746238,1.02109412873097,1.01182050727095,1.06507944338905,1.09098608128441,1.11927580300155,1.12132003971944,1.10265422870999,1.06569669540786,1.06812220077499,0.97933853698483,0.959082867566609,0.943421980988548,0.948113735511604,0.8758998442092,0.873964601383089,0.818849573040916,0.838493684230662,0.740526732387369,0.767387054874485,0.77960064819333,0.762968951679669,0.712149593224195,0.719172332541713,0.660285447293166,0.616487061590887,0.58886858422831,0.5514020021738,0.541438704254965,0.540159401877344,0.541624887527751,0.545161759181435,0.54953544373123,0.555531189718,0.541075467818219,89,167,245,0.648502249463583,1.12132003971944,0.838493684230662,156,125,202,0.971667641746238,0.959082867566609,0.66980845746581,138.125564983459,0.00606176654174178,-0.00362597891652282,-0.443147481529167,0.0122341982943824,0.0118053861055103,0.0103591001571903,0.0070377160716783,1104
"3",7,-0.194931773879142,-0.0554625834164698,0.170225833883753,0.277244963225476,0.331107361575654,0.294716711470469,0.191465853144228,0.107016443069539,0.085800147904393,0.108945974646947,0.140508363535894,0.177981359413988,0.230351245918935,0.270838931972855,0.336003390473829,0.44235694754395,0.55336284092541,0.667805771145912,0.727345071725519,0.673341037283512,0.721031353606529,0.70698320807163,0.62910406014638,0.554322029888885,0.586833050995871,0.566188918037078,0.610627919040654,0.660602797024697,0.721345318682034,0.710730516398303,0.627342902668071,0.56474287576844,0.551787814976401,0.505072686743354,0.486827545146434,0.41389310279989,0.368556212433592,0.304019104574534,0.210676971751822,0.053893514619814,0.0827920330628531,0.0346365014490702,-0.031633954874601,-0.0148870665218255,0.0892644488053573,0.0893752928881511,0.0918020385840736,0.0970526514289586,0.0835787143943,0.042584759825211,-0.0199017615176152,-0.0644934333958724,75,132,259,0.140508363535894,0.727345071725519,0.368556212433592,184,103,195,0.336003390473829,0.660602797024697,0.922276845604661,94.9127326790219,0.010295380845432,-0.00282510912828289,-0.928005460150472,0.0105587359990477,0.0102293758910194,0.00960733113507204,0.00803388151514899,313
"4",5,0.854310887350535,0.850146531641987,1.05952867803727,1.15522356961367,1.21405873033153,1.33326847566486,1.30083756839104,1.32159629118045,1.37434956696154,1.40388016442921,1.43874856308795,1.51718774565916,1.52741400362768,1.55528935054128,1.5122481159838,1.43710315050361,1.18739545334282,0.984462480056704,0.721992988016452,0.618962371326549,0.437623114009137,0.404146264070452,0.37451596235693,0.348516090450224,0.297074294823028,0.287866143495961,0.284007940979809,0.293902349073579,0.29689957529374,0.295063553236143,0.311870396165863,0.315166889218131,0.31261429410693,0.30967695771947,0.326940020812293,0.317205373888609,0.317036166828439,0.327345420756731,0.341048222890997,0.328514441989692,0.344276793902286,0.350672460814653,0.353215671856209,0.345152990767252,0.335004432367714,0.327999987191014,0.34007935294376,0.374227376149013,0.48509512925927,0.484755489521461,0.876420458912496,0.266432398179619,54,96,160,1.32159629118045,1.55528935054128,0.37451596235693,106,75,125,1.43874856308795,0.984462480056704,1.28885695236166,107.706816879402,0.00556412046097208,-0.0184495841903805,-0.726630586599291,0.00778930196394495,0.00672876454967547,0.00662450908560579,0.00535546074319696,2792
"5",2,0.346153846153846,0.626669885723483,0.239610273209741,0.183580816018009,0.0888361829337161,0.271195157555652,0.277789603318044,0.261878491597866,0.341087233772728,0.391352706220315,0.344351057988592,0.353681977196365,0.415528683251879,0.370685690797182,0.310546477433027,0.255489053721257,0.222307053967776,0.191080736597937,0.177551407749012,0.180386955483718,0.174061389902896,0.155690303873132,0.149720109695578,0.14894207512486,0.149171807112793,0.149321142812564,0.174988717296058,0.184509747328497,0.200819694095749,0.220628617229293,0.229374865274299,0.229076739686929,0.2263818741604,0.219462050298359,0.221783934107077,0.231559341844214,0.246818496477446,0.292443140647302,0.271825695550203,0.169418768495705,-0.00517341086908682,-0.136801581990099,-0.305760257272132,-0.383699938017146,-0.444406016080117,-0.43784272428259,-0.480397619951638,-0.356623910284956,-0.204254146276534,-0.091886862550142,0.482312297055393,-0.0241701579116984,5,12,153,0.346153846153846,0.626669885723483,0.155690303873132,148,5,82,0.346153846153846,0.353681977196365,1.10706750567512,37.1478302716649,0.0400737199385196,-0.00334028072234291,1.05230846269077,0.00902289229050302,0.00902289229050302,0.00732164746674385,0.00391915781922552,-604
"6",3,0.558010423748017,0.56276968316004,0.570248519378933,0.555044739714076,0.563272501297456,0.567895079351718,0.55793403786419,0.560089565479316,0.568759615189585,0.580007653261703,0.627036979595509,0.734156955589686,0.849842485828013,0.93043922450289,0.982815332770554,1.00029098858568,0.96350780094984,0.899537634295428,0.884461536171565,0.930148540455861,0.884648170736134,0.916973032650558,0.890010181423213,0.879042033273937,0.847514908343723,0.840820576517075,0.785743471353571,0.868587898338014,0.85077078580915,0.816484788732624,0.912850265272727,0.984458438281696,1.00675996834936,1.00910541062337,1.07522142688705,0.968684968368912,0.937649461711852,0.775881930453926,0.779454904585286,0.707163802447098,0.687296396220126,0.700124701351212,0.721548434201176,0.686937095136278,0.622838311545443,0.628355728255702,0.529840379185124,0.528380323882465,0.519495401032811,0.518795334576429,0.521129445793528,0.466528954555003,103,245,301,0.982815332770554,1.07522142688705,0.721548434201176,198,174,273,0.847514908343723,0.779454904585286,0.608692472332047,162.644589376922,0.000650747141665467,-0.00631558915510491,-0.260970583672295,0.0299926963371668,0.0292637809516474,0.0284005699540716,0.0259452325734005,902
"7",2,-0.101169064748201,-0.267171172055144,-0.325127176116473,-0.282787527226145,-0.238581757086673,-0.195836016779031,-0.137435192223081,-0.1400850481398,-0.183775170719814,-0.151524703782987,-0.0591858158539304,0.0442222851022675,0.183977102238898,0.265176632825266,0.225293736716824,0.0993978724032571,-0.0385265290011702,-0.174193980414741,-0.286074397378663,-0.281316302092793,-0.127892541491782,0.0270605390079107,0.142143506162496,0.231410991159263,0.277775065621322,0.237489517318908,0.205201412947728,0.205780369015127,0.217034844967237,0.240166905314099,0.242394760499553,0.240937956301767,0.259759651225566,0.301598796669717,0.303266518907663,0.331431355266721,0.372905510612785,0.341564610321165,0.220645724862656,0.0731872546276525,-0.0261887160235142,-0.208151303875898,-0.29540106494248,-0.231386899650129,-0.167346546309111,-0.154993363983125,-0.102187453973004,-0.0589896569716071,-0.134990115130482,-0.228644979149582,-0.214046224744418,-0.590059610117609,153,259,301,0.0270605390079107,0.372905510612785,-0.29540106494248,148,209,280,0.240166905314099,0.0731872546276525,0.962965120730394,30.0059430730997,0.00326268841136674,-0.0159120613227444,-1.77762235906979,0.00915955462133235,0.00768887082217219,0.0076493070610992,0.00609949573979304,-35
"8",2,0.468716230819105,0.459826266354566,0.454344121601434,0.446935817880984,0.411818591852582,0.377906830956333,0.34150420026914,0.29010427917645,0.24139258530599,0.224515099153045,0.191926262861531,0.186806409972674,0.196065594240267,0.192478905627451,0.188486084749437,0.196544463757997,0.190211162173983,0.181187705064169,0.180906193720081,0.173929130871609,0.178578766782685,0.171684191273105,0.155993921305289,0.156204916093538,0.15589800666757,0.151400832391172,0.154401218847056,0.164046711462661,0.167478503070461,0.168403498721888,0.216033269796729,0.20657072605808,0.211603684506343,0.214031464307817,0.227680407415963,0.18869624157151,0.302450555000903,0.450965843885877,0.452708411311455,0.450388041020533,0.521231511660455,0.542424342845862,0.507525236322427,0.562429213289973,0.459190483276829,0.317870784072713,0.0632464356492632,-0.222867405329266,-0.442889402827569,-0.444673396972784,-0.617749191458241,-0.320377038762974,216,308,329,0.216033269796729,0.562429213289973,0.0632464356492632,113,259,315,0.302450555000903,0.459190483276829,1.18017840474821,37.6956792762313,0.00376517329883961,-0.0237706084590814,-0.119058548476786,0.015092813484585,0.0148840888269516,0.0148861722666509,0.0146816144884162,1168
"9",2,-0.145100716968249,-0.231218658718267,-0.272426385477688,-0.21938015661982,-0.204193393620051,-0.180983980603418,-0.112535945942091,-0.0776043829211994,-0.166492572573365,-0.130387960497402,-0.132792936561623,-0.145155645686321,-0.120457215795778,-0.0144216782381163,0.0493814944085498,0.174845905783164,0.298679338435629,0.402322313995024,0.469073648522686,0.499357616603921,0.513038377491035,0.543773721621023,0.638208815285199,0.687656823837926,0.744175767893293,0.876169369428411,0.908301952598502,0.846033066851071,0.927771768061596,0.922610548853979,0.856070181700115,0.815399054189469,0.800353464535309,0.680532619545717,0.695321829277208,0.626155075126715,0.673483002336366,0.550293138079642,0.443435646179356,0.253322676567339,0.117863958816951,-0.101839544458276,-0.161271286112513,-0.21050328479003,-0.214267586688461,-0.219405525251484,-0.240561373775374,-0.167247075012837,-0.196455593653667,-0.2050222029446,-0.33003688273798,-0.185810810810811,110,202,273,0.174845905783164,0.927771768061596,0.443435646179356,163,153,237,0.543773721621023,0.680532619545717,1.25780865079958,102.890494842712,0.00818397676389601,-0.00682163551946817,-0.335671387932769,0.00626025277660988,0.00503258534855443,0.00519636781198897,0.00429626531080258,244
"10",2,-0.264350453172205,-0.206496530149941,-0.151159063241301,-0.12369914661879,-0.118056533160823,-0.102587173217243,-0.107426496009621,-0.185902834890226,-0.228848109209619,-0.244883281947099,-0.292380873869189,-0.330852984399129,-0.293132899813378,-0.21951706221325,-0.192610104821988,-0.109889404813407,0.0111242433041456,0.124460056714605,0.175303497150015,0.250094009312904,0.27576332644583,0.264509464579592,0.255326561778088,0.235953734376897,0.22168802253484,0.179029640789559,0.182621719312532,0.193159475155596,0.234732723066332,0.257421091347177,0.27905510855753,0.272403394585461,0.244672635386442,0.203781150341264,0.172273740384715,0.181929886937242,0.171345860971695,0.167881718890891,0.164476582717241,0.174353822635677,0.182602140718217,0.188480294499496,0.11194444995779,0.0789788164988328,0.0642471555052267,0.0414669619872653,-0.0666907742637492,-0.0537649455362674,-0.0820268714671471,-0.162133587906164,-0.136099651974522,-0.290201433936497,110,216,301,-0.109889404813407,0.27905510855753,0.11194444995779,191,160,259,0.255326561778088,0.171345860971695,0.609908092956659,36.4083110305175,0.00366928786198997,-0.00196600774823222,-1.21634662582301,0.00535674037620544,0.00463715412240977,0.00399045244560169,0.00197746283818985,855
"11",2,-0.254531215036921,-0.174808732885258,-0.287257721003345,-0.193150627271515,-0.161453962287031,-0.0805914225468848,-0.0454203402891805,-0.0375614430556109,-0.121805099663705,-0.0758164639409184,0.0291456539550537,0.155570149037263,0.276891722330777,0.401394566556463,0.415047367112253,0.372926642726872,0.336969555992985,0.300340036788538,0.266974187336575,0.26214938180584,0.287030585621514,0.27284257754398,0.269640515101262,0.288309573931939,0.290228094948048,0.241695723870363,0.257730580663188,0.270723429909176,0.258801781593859,0.271574828450021,0.302910775399721,0.308079398011184,0.291194765352938,0.316546377364157,0.321436826311198,0.310909579787593,0.321083359480422,0.361146625130607,0.21763847470238,0.0814570693528557,0.018137399308793,-0.0265654191410881,-0.071046963634866,-0.0338884454594921,-0.00624881208753703,-0.0284588930050541,-0.141816247606126,-0.207528314369676,-0.256108499239761,-0.242906855904879,-0.363683028531418,-0.121032813340506,54,103,259,-0.0375614430556109,0.415047367112253,0.321083359480422,205,75,181,0.0291456539550537,0.241695723870363,0.778730395643671,50.2318825150818,0.00923691449322171,-0.000602333382255326,-1.91412646588631,0.00939191878620408,0.00790788152020253,0.00704254722453623,0.00382784136720208,107
"12",8,0.659926287478833,0.916234314878452,0.868010182658066,0.97764552283501,1.00797385322405,0.934397699114747,0.855125737520805,0.837985800626328,0.750668760738556,0.656429150642813,0.706728891084689,0.739396626436601,0.693842213017549,0.675261317627851,0.637976412721771,0.556435041256518,0.502115647314065,0.462673157142071,0.406981942905273,0.420717433394557,0.450783439247539,0.446329925082349,0.435572211281752,0.447171869840259,0.443515473565612,0.405848406818018,0.420937207698301,0.436329365587202,0.428180196218446,0.421902535825303,0.448908637576485,0.436076309703471,0.425888371474264,0.442890005233684,0.461589309566783,0.451252680843045,0.461685403237597,0.487023123118142,0.484390630165083,0.474515139201248,0.485234981618275,0.482547110966553,0.476140543945824,0.463715088585823,0.460627139543992,0.466771212454268,0.483945400764176,0.522199600482517,0.607579649904351,0.609494539241751,0.854028361081939,0.467514329246173,12,33,125,0.916234314878452,1.00797385322405,0.462673157142071,113,19,75,0.868010182658066,0.706728891084689,0.602125446406034,75.0045095928335,0.00436854944502854,-0.00592718147915197,0.0852998389835421,0.00602769632774355,0.00599867667665117,0.00519267411602694,0.00355164934368608,4590
"13",7,-0.29997525977239,-0.243758545349398,-0.120164089363645,-0.0592378467145098,-0.0087561850298641,0.0149225740857268,0.0390826465200816,0.0713166196441256,0.11048340500056,0.16360527181362,0.212784749736069,0.258275766814335,0.301307809996478,0.327523375868684,0.358764074697605,0.386433916210431,0.43052783237107,0.514090295492897,0.630039468655867,0.621750264849861,0.747210387956591,0.822778451858262,0.912871896150405,0.941071119928374,0.992044813041794,1.00959512656667,0.916000249489878,0.722337367207493,0.644492830847957,0.593872601575669,0.45844422767174,0.43440399806056,0.468480868353719,0.42743196676925,0.465758841540408,0.430896263557165,0.421790958604986,0.388302801043726,0.33751053354692,0.26666859161039,0.23259711086332,0.206138724014381,0.152095045201868,0.125958867800852,0.129058053032895,0.167915032679739,0.23424926809589,0.38376624126768,0.402328850344241,0.429362538628716,0.166013325494851,0.378872923215088,89,181,259,0.301307809996478,1.00959512656667,0.421790958604986,170,132,223,0.630039468655867,0.43440399806056,1.30957038633906,98.0621774011528,0.00769877518011078,-0.00753595087130364,0.481970749491186,0.0178118515891454,0.0177746427378061,0.0175181451054646,0.0169679409894424,194
"14",2,-0.535875451263538,-0.548461770491689,-0.498376993660834,-0.421891232964311,-0.371573213101407,-0.36969692103822,-0.36480092838454,-0.382620059964371,-0.457513605733613,-0.465920422316962,-0.437887033962605,-0.420260956029237,-0.371341340963835,-0.326945544512764,-0.270587864811928,-0.100338963497613,0.0378953690703638,0.140319766142549,0.251301336037236,0.316796393338965,0.283062072540098,0.264360217956158,0.248064200294145,0.247331046625057,0.239719868761662,0.222141097069231,0.215664955708437,0.221217114134112,0.217127797686067,0.232317594745538,0.246819694908703,0.264671591383975,0.25990632969196,0.263951293580907,0.260780441795167,0.276199273907696,0.223258857189916,0.240283943281697,0.274075793427587,0.204547706604876,0.208176277536499,0.126101219028198,0.132726447037377,0.0298236748169583,0.0641910916743735,0.0333217108816389,0.133655578218664,0.088296031021233,0.0555418921414593,-0.0370058566180671,-0.264240380810791,-0.346145325653522,82,139,273,-0.420260956029237,0.316796393338965,0.274075793427587,191,110,209,-0.100338963497613,0.232317594745538,0.865258163830654,29.5380101216265,0.0129308306906702,-0.000318810447099833,-1.84330047151003,0.0088236663120664,0.00825904595590557,0.00647254991710288,0.00233493748333668,-377
"15",3,0.683545640087269,0.683545640087269,0.683545640087269,0.675344931130887,0.661403725905039,0.661950460656996,0.670971271741314,0.688537939984293,0.722946882110717,0.777910431810145,0.839772177423993,0.901018783623856,0.963543203813025,0.990660406653798,1.00487052086292,0.958273127460531,0.913010456179979,0.856266678434036,0.825288958059406,0.7953516615673,0.811015021050857,0.822757625541876,0.813105021176413,0.816929707930985,0.82394506346152,0.797832272421518,0.838758561221796,0.893775128118606,0.886998080069074,0.909266666943253,0.983124110370199,0.968601347122592,0.990016855233306,1.05301943962144,1.0731094311566,1.06793720237662,1.02508060918083,1.00644164560118,0.941507211196292,0.877026031873125,0.814833743486208,0.804935292839966,0.733684159881771,0.70923100013516,0.695444216016764,0.687016571794429,0.681882885225932,0.664295538360039,0.665188037695837,0.624919090534579,0.653059859655567,0.464206567725472,153,245,308,0.822757625541876,1.0731094311566,0.70923100013516,155,195,273,0.893775128118606,0.941507211196292,0.608902863431128,129.488795370668,0.00272121527842091,-0.00577584811145143,0.13570604569379,0.00630786088268326,0.00404330792547098,0.00511243639758175,0.004986140384591,1102
"16",6,-0.345028267376122,-0.323596649387053,-0.415520497484623,-0.280292213478087,-0.205073975990257,-0.153011976530608,-0.12132683970235,-0.0488819246397586,-0.116952847349098,-0.12811695165569,-0.0789763567453341,-0.0377441565912268,-0.087979109426507,0.00224429078954992,-0.0116558191211678,-0.0954137299794239,-0.172335173411034,-0.190630822683077,-0.309659786838163,-0.244176681242199,-0.20536900450812,-0.0586583506899418,-0.0180504689959846,0.0171952507354916,-0.0192224472584592,-0.00144394491219398,-0.0048469906289539,0.079535627578171,0.0400468420194357,0.0202905630017196,0.10226209190909,0.111584060657494,0.0276179388402824,0.000999675378493725,-0.0836098602498731,-0.168742083320382,-0.320843062409037,-0.358245970639738,-0.35536110162061,-0.312921277189921,-0.27208630273158,-0.264901253882273,-0.28065817510976,-0.253751405500564,-0.176063848691756,-0.212081691966742,-0.170046080508177,-0.147078730676123,-0.193232840258298,-0.281368651961604,-0.389388281799775,-0.289370720573851,89,223,259,-0.087979109426507,0.111584060657494,-0.320843062409037,170,153,237,-0.0586583506899418,0.000999675378493725,0.527104558142118,-7.91431757712954,0.00148927738868658,-0.0120118645296259,-0.678783720506816,0.0237977769207538,0.0217296864840432,0.0203425308207745,0.0155001290575264,611
"17",7,-0.0627015406664278,-0.158343241673149,-0.138011751583078,-0.0988819846929977,-0.0311057548203121,-0.0757194742402191,-0.128923356273155,-0.116874788789114,-0.163848020647073,-0.265846904153164,-0.215026381567171,-0.187778983754281,-0.257727873046073,-0.257312007411818,-0.145114528848084,-0.00353798495226638,0.170400328178869,0.37497812349547,0.564695870253269,0.779522475559982,0.885661117034052,0.99114025542311,1.08144021603315,1.12756568157452,1.0920410383754,1.1146815756104,1.06354437096854,0.986518564164775,0.967145043442912,0.921730168776524,0.857216371277078,0.815203958475709,0.804645468925831,0.767598558122446,0.752851358339136,0.775965724575426,0.809718922666843,0.857820536276395,0.736575156042433,0.558046848642437,0.324486197730363,0.13611631612797,-0.137528602668346,-0.263684015328354,-0.311342804063954,-0.282996589333278,-0.275925440900922,-0.22673093477931,-0.165379743992966,-0.184743576660918,-0.132973644003056,-0.400524322749782,110,167,252,-0.00353798495226638,1.12756568157452,0.775965724575426,142,139,209,0.779522475559982,0.921730168776524,1.5280900043243,110.631597089473,0.0198439239741541,-0.00413647008234226,-1.25014846704752,0.00795272669945811,0.00614082900587153,0.00603645970759263,0.00401582341744827,543
"18",9,0.592472118959108,0.592472118959108,0.454701531136283,0.395186428804206,0.324334922634396,0.22958695020224,0.28434977052129,0.269898538011688,0.242431821593961,0.316743974145016,0.443389044024182,0.503756134581447,0.617790095918288,0.735962897817615,0.807180689181382,0.883507346063738,1.02597920956969,1.17534273053233,1.31508101689395,1.34263158330908,1.45899697867492,1.39394881350701,1.30189264181859,1.2437342387347,1.31743547170312,1.29611369843563,1.31615781753185,1.24816595633261,1.32954627001556,1.28775558187061,1.22300245837854,1.19745556957419,1.22002894156502,1.09574184733955,1.05795165002152,0.923016725075366,0.871908311688138,0.888810125611844,0.804894528295798,0.698856965313232,0.690924837793524,0.632114532456477,0.563873643238821,0.566921876961685,0.551999843667907,0.523805001227651,0.485607953271258,0.4441270571902,0.411798300321286,0.376804698647835,0.375811946072346,0.294452887537994,96,146,273,0.735962897817615,1.45899697867492,0.804894528295798,177,117,209,1.02597920956969,1.28775558187061,1.22941002847268,193.791239580958,0.0144606816171461,-0.00515041299511121,-0.637977039442304,0.0130965444099125,0.0114928969630717,0.0123312598826053,0.0124043382748316,679
"19",8,0.26120820668693,0.444752035788565,0.475579229225658,0.575246346163034,0.652088916455345,0.617188902549811,0.579203310231289,0.621997479985349,0.641768283197603,0.65805608734346,0.783096961066551,0.899135919528138,0.929472811512328,0.984347156615168,0.941282328802863,0.807935507868984,0.638804354723407,0.465594781432606,0.276278441256218,0.274453976894596,0.238394544739593,0.34584458487046,0.333735326061792,0.33528677390711,0.272526162478628,0.268180512547978,0.309058433309149,0.410947512010429,0.403444466678373,0.405421804800253,0.485398037375389,0.421113171624957,0.323201198079989,0.316601932083949,0.265973884064276,0.198673480421114,0.115165756858685,0.209537983086227,0.238970770269322,0.309731513638263,0.315147558742253,0.388303269209979,0.305393394525691,0.280494532719594,0.216464875036015,0.229457114577645,0.192463245069341,0.235586702780968,0.306141919390571,0.312097441208658,0.498879224586454,0.192333877995643,47,96,223,0.579203310231289,0.984347156615168,0.421113171624957,176,68,160,0.65805608734346,0.333735326061792,0.869181399756484,85.7895510003604,0.00826824176293631,-0.00443491326763946,0.542816602982006,0.016770531006864,0.0167657502683998,0.0149219995464733,0.0112297173641562,1353
"20",7,-0.0610839626832519,-0.255846224478505,-0.259460804075414,-0.28735251754691,-0.267651669218629,-0.186965215205305,-0.120647412460812,-0.0681599950554085,-0.038679970004682,-0.024076460084352,-0.0456290612060563,-0.0564680198548675,-0.0514056229250607,-0.0148133732077723,0.0546408290792275,0.142348512919363,0.215485500539211,0.277371384275405,0.308234500252587,0.302211887298799,0.267082323221891,0.236779104331205,0.205760693803595,0.183453997639648,0.171374725762221,0.352308259576515,0.445663717629736,0.4728454081584,0.694024418137519,0.724896915530857,0.548836227128402,0.463556221956051,0.435223625751666,0.213451839754799,0.190434139716184,0.19893939290052,0.214770588462641,0.239745823329265,0.5000725400869,0.745375324399559,0.956716049811643,1.14731371025926,1.2846356769921,1.13977323440776,0.948517419039055,0.751449209309399,0.537156912225703,0.349439761483706,0.188223855552344,0.0513007573640641,-0.0591210960135813,-0.20266950540452,153,301,329,0.236779104331205,1.2846356769921,0.537156912225703,176,230,315,0.435223625751666,0.948517419039055,1.57198819453901,89.4556824456458,0.00708011197743848,-0.0266956701702284,0.653673887315511,0.0129058527348479,0.0128234364916429,0.0128724708098802,0.0128881232031499,499
"21",5,0.605584019715935,0.605584019715935,0.63918227290977,0.618419719319676,0.594040674787174,0.649405317842084,0.650066339992714,0.724732020360859,0.890620104867659,1.05158750034272,1.16306096835467,1.32837998288782,1.4150554947829,1.45789642316943,1.4940118971617,1.47193958195627,1.39020929293689,1.32116001487047,1.21405873362285,1.09695673865899,0.857755853171932,0.753856769164806,0.547170420489156,0.376486695081409,0.287134629594243,0.269378830182959,0.203634313135621,0.32960271827959,0.326942318542511,0.335878018208975,0.397389275654375,0.463002393122685,0.354822359442329,0.359498157678469,0.299311753758733,0.346135183033066,0.289529491355371,0.374506900977648,0.40184072333324,0.488482291978851,0.420580993102609,0.449887214754132,0.373853924914213,0.353528736339727,0.261473183649957,0.260033611327823,0.216998820623007,0.249498041470527,0.306898342294268,0.323948101594301,0.488612948474856,0.238758197147913,54,103,230,0.724732020360859,1.4940118971617,0.354822359442329,176,75,167,1.16306096835467,0.376486695081409,1.29037758402608,139.720188688622,0.0156995893224661,-0.00896999635999502,0.00400598296142134,0.0138866401791266,0.0133128214894339,0.0121497133115764,0.00924967826616865,1489
"22",6,-0.418309709048279,-0.429093609486438,-0.408805659970454,-0.321085783337475,-0.296387083434655,-0.286277661664563,-0.256446476891575,-0.307788695691859,-0.452367430769232,-0.449528722318459,-0.450881269514982,-0.464566095420681,-0.384436517993237,-0.268617890929256,-0.177984269501826,-0.0419121798299657,0.0881098635510725,0.175935353984098,0.263306237020339,0.288095257822709,0.293817685083134,0.299851561697881,0.288105322664815,0.281272296012002,0.276655436657667,0.268579496405001,0.243277634125002,0.186492161400298,0.184981295862804,0.116169426865821,0.123692419889383,0.0910817079815868,0.146613920263973,0.142941988179852,0.213511094362089,0.206871614797502,0.178717024153064,0.133926901026682,0.0552452231301638,-0.0377834416961393,-0.185561116389884,-0.236628165976277,-0.346448002524604,-0.428501538263792,-0.512027410324252,-0.532728780994224,-0.589548977412941,-0.568516430907838,-0.51872061119962,-0.505974016183931,-0.301432541778717,-0.54763117677025,89,153,259,-0.384436517993237,0.299851561697881,0.178717024153064,170,117,209,0.0881098635510725,0.116169426865821,0.889400539110822,26.3622931570616,0.0106920012451737,-0.00114277865608318,-1.56859695344434,0.0123911447324162,0.010245926543174,0.0103349831964899,0.00836787831387937,693
"23",2,0.128735864297254,-0.118155463426689,-0.197208748234731,-0.27579142655385,-0.296834514918178,-0.270349393916025,-0.141744867071926,-0.158972368115268,-0.1943099169702,-0.187388941951245,-0.218736090375853,-0.226133519733701,-0.0906981536603572,-0.0426915724390582,0.0221738441644107,0.123829768546628,0.205379566980395,0.269312410926063,0.369681345651773,0.398391537582949,0.374191750158636,0.36712500666352,0.325484842824582,0.343418874325313,0.385705776119252,0.414394661285623,0.408239761851438,0.433214397761957,0.446125079602855,0.421508625377526,0.404100988409042,0.385779057274437,0.360860056460429,0.334799067629937,0.329015431840075,0.29893080613808,0.243995267477119,0.0929160356165531,-0.0138200005669946,-0.154563352761227,-0.288766571435326,-0.388910352286848,-0.342856623373789,-0.450418145285527,-0.501907129603661,-0.509712483531075,-0.501358113393429,-0.5593220684537,-0.514425837928297,-0.503197828993728,-0.522075707131699,-0.566475566475566,117,202,273,0.205379566980395,0.446125079602855,-0.0138200005669946,156,160,237,0.325484842824582,0.334799067629937,1.01260064607842,50.9144431536759,0.00283230014849952,-0.00647809972070211,-1.77107082108845,0.00656612685483979,0.00477015937217624,0.00522216141669131,0.00433019802305791,502
"24",2,-0.317532320254026,-0.313092142458393,-0.288222987288178,-0.21141692546911,-0.171653559603835,-0.219680704046152,-0.239780120920375,-0.283315059321512,-0.311129914988776,-0.363380329241369,-0.322057063883899,-0.299692132095278,-0.321187157216999,-0.378421601693424,-0.324597032062567,-0.171098467265742,-0.00421019272507417,0.193648401004162,0.417556546692907,0.623117115916232,0.675025046990232,0.783190326615292,0.818961278571108,0.789875098488102,0.72865260114861,0.726316884468933,0.63915666612516,0.574122120086992,0.570151833588954,0.540443410586649,0.520034831657712,0.492899054739955,0.481107106382054,0.44820577121072,0.491240248418338,0.521377596567516,0.535503166899681,0.559737433314996,0.457119666489892,0.246733450542728,0.0368572749169596,-0.133277382307908,-0.307588090529097,-0.392025751389667,-0.403560425464987,-0.388311175429238,-0.375797837202077,-0.365184470844306,-0.352849663950037,-0.352266597178418,-0.442599896152322,-0.424773022049287,103,160,230,-0.324597032062567,0.818961278571108,0.481107106382054,127,132,195,0.417556546692907,0.574122120086992,1.26156117472343,61.3933149448111,0.0200624265023452,-0.00482648817412935,-1.30386920958916,0.0069489568984974,0.00586039697676461,0.00572820823693422,0.00437527083554065,651
"25",7,0.0579001544004117,0.053180576329627,0.0599053530659866,0.095380574159189,0.117900386337101,0.17990335991524,0.225778281910536,0.205490636919204,0.145757096514858,0.134214476895022,0.0641107053642044,0.0338081416010032,0.112421927839652,0.212672587097263,0.296027901586814,0.418223575240206,0.505059139288426,0.561341129393436,0.603296794744444,0.63501937098545,0.663179623391218,0.687524931054988,0.720466511001343,0.759296386871549,0.758066255681593,0.745472391627454,0.807630495258431,0.753809559394424,0.763196441389198,0.758355370845875,0.856356002236516,0.802838976609495,0.830988139063187,0.802408031068523,0.871222986726917,0.761228528926139,0.770640809859925,0.758827578261971,0.59603545576557,0.426373575671046,0.327502728592756,0.150341360499419,0.0338281707509832,0.113131695604398,0.164300842284306,0.192509982743913,0.252565326806926,0.241483858138315,0.211260313742925,0.189788805352858,0.177262720047478,0.297353553374963,125,245,280,0.561341129393436,0.871222986726917,0.426373575671046,155,181,259,0.745472391627454,0.770640809859925,0.837414845125914,106.580177117462,0.00258234881111234,-0.0127099831730249,-0.544654909788742,0.00894922868166384,0.00780867889158223,0.00788344788836352,0.00689243609184449,-334
"26",5,0.754246737063029,0.830861794812565,1.14621071283513,1.25735100691039,1.34602032822842,1.42669526247554,1.37138258309112,1.36458444462511,1.44664302011364,1.46661584915524,1.5247087180608,1.59120511232802,1.60259158819703,1.59423519512001,1.54455005300961,1.47885767506854,1.23057517655809,1.01133439001516,0.768538659863597,0.676093390777951,0.472847089776556,0.447692566400032,0.419141415320333,0.389702447268788,0.326910970963299,0.317655195410187,0.311700187179419,0.327531574366268,0.330348488679812,0.329595098221456,0.366699486078367,0.377309768464881,0.361743643438571,0.363586627486722,0.38312491404986,0.356814590580272,0.35143678438661,0.375774351655012,0.385074699585232,0.37462331718447,0.389500003399262,0.38993534267102,0.384587407479458,0.383711087882228,0.37023928212688,0.376954419640985,0.412141994818846,0.441992398452735,0.613265329481198,0.613826557178851,1.23906991709707,0.326577787334695,40,89,174,1.42669526247554,1.60259158819703,0.326910970963299,134,61,132,1.44664302011364,0.768538659863597,1.29089140101761,137.766252800274,0.00358972093309168,-0.0150080072615733,-0.569284525003006,0.0109834578219512,0.0102504572795297,0.00890697244905283,0.00548700224567756,2689
"27",6,-0.76996456800218,-0.655436075658569,-0.549977994242501,-0.401214659138039,-0.246408844267236,-0.232631051609038,-0.239779652621793,-0.276544762618793,-0.368852180914706,-0.484376669151777,-0.4674137069752,-0.447576932911894,-0.390039966990746,-0.294555852445534,-0.285189025075664,-0.248019944028475,-0.237902941193035,-0.270225348929236,-0.263582433528353,0.00131934155417794,0.109746145284509,0.240745040081981,0.428280594270336,0.647228437368918,0.6106147492744,0.669852595324748,0.741276979126741,0.767322834929121,0.687474203877029,0.58755750702684,0.691887233980167,0.578680584471271,0.400923553761656,0.178429430267794,0.00906784433994532,-0.249257693766338,-0.375124652839465,-0.388578504991972,-0.405347104335469,-0.376848474933596,-0.436404094725009,-0.41706820103333,-0.540599505473607,-0.536251916274768,-0.470039789897209,-0.427103416606779,-0.376314464448684,-0.3566781687499,-0.412619372453682,-0.445496712182969,-0.735835460708026,-0.307979204339964,103,195,259,-0.285189025075664,0.767322834929121,-0.375124652839465,156,146,230,0.109746145284509,0.400923553761656,1.5372874029313,44.150087218984,0.0114403463043998,-0.0178507419963842,-0.296247054674502,0.0305969822393734,0.0297042739071972,0.0254800423739815,0.016138870975374,995
"28",2,-0.290991902834008,-0.290991902834008,-0.224982338432062,-0.119542761906325,-0.0180286607620285,0.0783566073832403,0.168786001794086,0.219941469571411,0.155634328223501,0.140313517425921,0.0856495772283853,0.077594301930974,0.0580671624917564,0.105634389818668,0.105855708168432,0.152678112668101,0.150532554527129,0.146635829035152,0.144657520975504,0.154103464298072,0.156584416688943,0.156832718540524,0.165687022201248,0.169895860270355,0.1742845097914,0.169747115748056,0.189128318225916,0.203543422747322,0.206610239341248,0.203234302823351,0.213060430710261,0.224016348313218,0.21342572987296,0.218833623686263,0.235455242070108,0.234550880129723,0.228962169508423,0.235105632076801,0.232430440401478,0.224881124321185,0.233236592485684,0.248226263394107,0.257356974931751,0.267834192624185,0.261942748124204,0.254059875811569,0.181717094440775,0.084289159029691,0.0297633814780206,0.00179652810794361,-0.0275861458996674,0.0694444444444444,160,308,329,0.165687022201248,0.267834192624185,0.181717094440775,169,237,315,0.218833623686263,0.261942748124204,0.558826095458194,34.4420536184584,0.000690183583938768,-0.00410081419921004,-0.350955841640699,0.00373896032695917,0.00255061067425509,0.00298093508136085,0.0026532342428683,1274
"29",2,0.197845534910804,0.197845534910804,0.197845534910804,0.21313008549924,0.215483570331152,0.219474473341231,0.221939796728465,0.228321385413286,0.211385120954946,0.215952585595121,0.186047174267838,0.190560211038855,0.189299718375308,0.184028696544992,0.168013306419058,0.185756945838583,0.174320800585534,0.163485339687936,0.163664007722733,0.163889804448545,0.174378753979041,0.178393206417734,0.169419064509951,0.171794764329345,0.171699784884468,0.157379319709626,0.145687220588179,0.150967742391037,0.153260098196089,0.15332826851341,0.170094558393535,0.171016193293691,0.181457463142773,0.204509723175738,0.246769670985896,0.243440208378247,0.257586545634193,0.291662804281508,0.273070629893941,0.244937255937318,0.292484266578366,0.347039343945321,0.256793187079489,0.184704436466187,0.0782539098750327,-0.0649191642514669,-0.271704728283137,-0.396485124931089,-0.489556374647765,-0.47030493157844,-0.616034098716976,-0.211994278708623,195,294,322,0.150967742391037,0.347039343945321,-0.0649191642514669,127,245,308,0.246769670985896,0.184704436466187,0.963073442662297,25.668200615227,0.00198052122782106,-0.014712803864171,-0.179163637244716,0.00496948715499074,0.00482324795449131,0.00482961533091531,0.00469611088326386,1178
"30",7,0.331583524880413,0.331583524880413,0.300048735570852,0.301711843791516,0.288906017092538,0.290229105741734,0.29521502824152,0.305498591850199,0.282719064966116,0.307764706724206,0.303586724887701,0.312425620187169,0.328815273629766,0.360076936694749,0.352100487716462,0.337855993654385,0.320496953064705,0.303480832187986,0.289360960836191,0.277367301895677,0.275895817608985,0.284107148442873,0.298405328517762,0.286546470505789,0.27824539595875,0.290075975744405,0.277720687554686,0.257259914656447,0.263363611867072,0.265946672008911,0.261901359585744,0.281498558488719,0.283387434112641,0.267398143388945,0.276526627526529,0.282294383570646,0.259673422913874,0.265039534047275,0.288356318208074,0.290416566976909,0.280331820519457,0.2835774101815,0.281430616946617,0.26810490346794,0.260764093925274,0.274382496291785,0.29959661242405,0.320716376487893,0.347569405369305,0.3682948103587,0.387208630321711,0.387208630321711,202,357,365,0.263363611867072,0.387208630321711,0.387208630321711,163,280,5,0.290416566976909,0.331583524880413,0.129948715665264,42.746832207158,0.000799000119062184,0,1.65192297353472,0.00487016650209413,0.00241057341898569,0.00405030214105798,0.00487016650209413,2083
"31",7,0.521343596920924,0.291817521221487,0.152117397369741,0.135651067959325,0.100706338311165,0.207055054173384,0.311481882786753,0.253614350461244,0.0595925335133318,-0.0224721357426911,-0.156852571663729,-0.279723440089202,-0.229866997388914,-0.100437028336303,0.119566479000834,0.270244982171,0.447983607946091,0.598865117292015,0.703097742709355,0.594470697006264,0.580397170425627,0.531131527098095,0.503809685208454,0.476671478424426,0.493040347973939,0.473308699622139,0.478524204781261,0.425212312273561,0.428223641801212,0.431084717890081,0.398523747247859,0.374084003053367,0.380271636861326,0.361399398595738,0.360748614913255,0.343312268697682,0.345568049418275,0.347443464994699,0.325545623477579,0.313458903271501,0.340511947648288,0.332408729630061,0.34531331438797,0.36334120590844,0.380042659684521,0.372961857905142,0.379022192063294,0.370473960343044,0.363605662237768,0.391356182879984,0.368529019359575,0.518374915711396,96,132,209,-0.100437028336303,0.703097742709355,0.431084717890081,113,117,167,0.447983607946091,0.476671478424426,0.982821182798557,48.4779927959518,0.0223204103068238,-0.0035326366859646,-1.01335882992125,0.0134948881585263,0.00575503522542581,0.0106003817956719,0.0125512220030637,-260
"32",2,-0.662393162393162,-0.642305562669411,-0.40274001143381,-0.317752211430731,-0.253628890005959,-0.203577161727403,-0.267965394273381,-0.30787673282836,-0.308912140467832,-0.309554285619004,-0.21988981525184,-0.131734694202468,-0.0521097396148825,0.0399701076050498,0.164536085000166,0.225312710362149,0.279697241483273,0.331566880991859,0.367801414932066,0.377581633107351,0.360213448604516,0.343682992791505,0.313858810520323,0.278255132891547,0.261530509097364,0.260461996653847,0.255590382157849,0.26869210193112,0.286267202286546,0.290451746828119,0.286164508279028,0.291877201849709,0.317037410417561,0.324217738289059,0.33700053837049,0.374270535077017,0.392337456158252,0.429636253592364,0.421708244506066,0.344874257364768,0.276228940893682,0.213566211851329,0.0446146170473768,-0.0682304704037649,-0.154958241992721,-0.285490686524121,-0.432752807443868,-0.523919798995641,-0.55058529267447,-0.571820227393736,-0.39249349286504,-0.575938566552901,117,266,315,0.279697241483273,0.429636253592364,-0.154958241992721,198,195,287,0.26869210193112,0.276228940893682,1.09202941598553,55.2777355738801,0.00100630209469189,-0.0119304999098997,-1.98250033018032,0.00299597749950279,0.00206452774722618,0.00250161766992827,0.00244434776305584,317
"33",5,0.965640359825652,0.785293160364704,0.788755727911987,0.909557754010724,0.968074289001235,1.17913398850218,1.35627297844519,1.40170963530367,1.22379694746832,1.25252672619483,1.15200973177854,1.00083786417662,1.0074385971055,1.03181733306354,1.00468748359243,0.930897028781672,0.880593770178319,0.763361823999419,0.680628186961969,0.56141116121169,0.462802133543626,0.403759087285061,0.361219865104528,0.344326724180285,0.318951235658915,0.311054097768032,0.303898465906156,0.327599855281089,0.330689360425362,0.331202441236379,0.353141734210585,0.360133640719082,0.352152579471596,0.347337380441665,0.345022944259412,0.344499645647649,0.343262619843812,0.339036676911682,0.336602874453361,0.318200102723405,0.318338857039917,0.308143783964026,0.314332930490167,0.318687105853931,0.324956472251634,0.309621265104663,0.317079611692068,0.329929192994284,0.387318088450115,0.394923679299303,0.591764713502389,0.331267060964513,33,54,174,0.968074289001235,1.40170963530367,0.318951235658915,141,40,117,1.17913398850218,0.880593770178319,1.09781116939752,114.484482770842,0.0206493022048781,-0.00902298666370633,-0.300616144547879,0.0126519123098011,0.0124865087344696,0.0121415614360238,0.0112862632638006,3118
"34",6,-0.591553514376997,-0.575454241475287,-0.508408048392853,-0.473299203147583,-0.435115927781526,-0.408809064343185,-0.393225806873079,-0.38154747367057,-0.384658493819357,-0.353238121270832,-0.337321890709369,-0.294700180516349,-0.232373065420181,-0.150036413993182,-0.066158506418997,0.0274344872516393,0.0955618026498116,0.144458255813412,0.185075485023333,0.186432855085995,0.181910051079648,0.178749617648575,0.179334520224552,0.178849579954151,0.171339964133133,0.165507385368512,0.166938778065847,0.167328162986713,0.163660073295895,0.159236726335043,0.171240463519491,0.167593919873916,0.16067838246811,0.160425385662819,0.172827987369173,0.105791519213562,0.0188300294632712,-0.0857267157418884,-0.201715095777111,-0.354865601038118,-0.436525531918873,-0.488864916345459,-0.502687382662267,-0.515916635531407,-0.528029359404331,-0.501527027842538,-0.459633177337274,-0.466444985238285,-0.454462734203698,-0.45052252031817,-0.425002028891414,-0.60552649533773,68,139,245,-0.353238121270832,0.186432855085995,0.172827987369173,177,103,188,-0.066158506418997,0.166938778065847,0.791959350423726,14.2573086725722,0.00760099966699756,-0.000128347808649265,-1.56424614760357,0.00524636347077879,0.00465963894185341,0.00385285895435844,0.00165257445044311,579
"35",7,0.253446877534469,0.479959866741616,0.540292627478685,0.593935000519071,0.611084462723153,0.548840328308966,0.5085381921859,0.470404537204507,0.523740496525738,0.521346726100918,0.604232522675828,0.645680979250674,0.664328480682526,0.632182936905348,0.579224453018931,0.487753653406012,0.439710243106809,0.415858769632528,0.340845409044982,0.347532604505305,0.351946934244139,0.309171141335261,0.279966169560417,0.291837183972287,0.273338909357922,0.237194160726001,0.237317745698121,0.251605099602047,0.228082680209501,0.225185181751036,0.237283764447071,0.225877597393093,0.191085092397424,0.205198485519119,0.216212335307501,0.20358124908598,0.223233768849202,0.250387345452664,0.25859740903678,0.261395071020334,0.299361208366713,0.315015070653143,0.330339315589041,0.325312997979202,0.320155598909323,0.311516757789548,0.308089096946143,0.296721905166459,0.355727883809794,0.354642235970737,0.575802581312089,0.253245342458313,54,89,174,0.470404537204507,0.664328480682526,0.273338909357922,120,68,132,0.521346726100918,0.340845409044982,0.473243388285102,49.6207735524005,0.00554068409937198,-0.00459987730970122,0.080724553095201,0.00471285798947084,0.00431236344535097,0.00379780683662567,0.00236819907505519,3451
"36",9,1.1393878908849,1.1393878908849,1.1393878908849,1.1393878908849,1.1393878908849,1.1393878908849,1.1393878908849,1.1393878908849,1.1393878908849,1.1393878908849,1.1393878908849,1.1393878908849,1.1393878908849,1.1393878908849,1.15703872328345,1.17996106981944,1.20942351883424,1.24270102762834,1.2935364781265,1.33067197466672,1.33050750541276,1.3467197564359,1.35442051782394,1.34742972866319,1.32584666602559,1.35134205646487,1.3246671502593,1.30484339660714,1.26621330780528,1.25341388348639,1.25785031497713,1.28737709775468,1.29462821571487,1.31562370026408,1.31806991637551,1.27520194277046,1.23106177850338,1.21828477813818,1.18865420916908,1.17264632942896,1.16966678217554,1.17212254818628,1.16333609241488,1.1735987826528,1.1735987826528,1.1735987826528,1.1735987826528,1.1735987826528,1.1735987826528,1.1735987826528,1.1735987826528,1.1735987826528,125,160,273,1.24270102762834,1.35442051782394,1.18865420916908,148,139,216,1.33067197466672,1.25785031497713,0.215032626939043,174.719443575324,0.00319198543415985,-0.00146695848367131,-0.514018521239237,0.00548397184468285,0.00545681827387185,0.00545015744687294,0.00540968222206413,1448
"37",7,0.321720025109856,0.444779964066931,0.443217344897785,0.46568070302865,0.457037255835576,0.40527405240586,0.348367079739945,0.273522039603251,0.234547650575248,0.244370595549337,0.307632771822324,0.397985421983546,0.528232066499549,0.665039716407404,0.671394864973681,0.673979014719344,0.669983812176933,0.65728022883218,0.6272545072043,0.73274190449216,0.771774710628091,0.810343104992112,0.872302857044762,0.8621114479933,0.78293211756256,0.709644247276354,0.663355749837152,0.581632002419486,0.536390133998984,0.550590388020144,0.574710900944863,0.555772685827981,0.523245360867149,0.521988723304149,0.473668291126973,0.443245334549494,0.435072390661333,0.443614781180314,0.435776126546007,0.437183931419765,0.450431663677691,0.450431663677691,0.450431663677691,0.450431663677691,0.450431663677691,0.450431663677691,0.450431663677691,0.450431663677691,0.450431663677691,0.450431663677691,0.450431663677691,0.450431663677691,82,160,273,0.397985421983546,0.872302857044762,0.435776126546007,191,117,216,0.669983812176933,0.574710900944863,0.637755206469513,112.128105965626,0.00608099275719507,-0.0038630684114934,0.259432022139703,0.00778795304989983,0.00760695430566316,0.00772762013515427,0.00778795304989983,364
"38",2,0.2526395173454,0.184826942271161,0.00198445707268294,-0.0661804672401326,-0.106631286968982,-0.0344467265151293,0.0737803302807474,0.0487968546257843,-0.0254276489762742,-0.00567160073915724,-0.0938543725399372,-0.195121782188119,-0.111342732632456,0.0640052954716224,0.173237581397466,0.332177107685698,0.487331334303942,0.635606481130747,0.698920406874842,0.621285006659628,0.678394862744788,0.686644372700099,0.571948135745809,0.466180189657158,0.527638916625735,0.555525083094338,0.600303320302285,0.689048730831221,0.801154828356321,0.796236365234916,0.682508282959663,0.654985357584343,0.648685152878628,0.609749263407582,0.604088561596448,0.487591893494298,0.375351210403787,0.237058292170932,0.0455733330543935,-0.12595604636791,-0.133898925382727,-0.175326070931072,-0.230344635693934,-0.152629927423151,-0.106361323419236,-0.0855563293899669,-0.110695515393338,-0.00950043997237485,-0.0250420133990627,0.0134155611501118,-0.0755456645233085,0.0597193191997611,110,202,259,0.332177107685698,0.801154828356321,0.375351210403787,149,153,230,0.686644372700099,0.648685152878628,1.03149946405026,85.2829423462051,0.00509758392033287,-0.00747023891144797,0.0702802381446456,0.024959143193634,0.0222380893087205,0.0218423293776831,0.0183297556306949,177
"39",2,-0.24986638161411,0.0288236073899936,-0.00684016860829852,0.0603688130796814,0.0747075429386304,0.0988785447008588,0.124005461787017,0.157052820128595,0.198020619725592,0.245952945254079,0.286920744851076,0.325430476472253,0.352702711776491,0.356734559554574,0.333776448204365,0.3051771853344,0.290433553505304,0.284278752087075,0.271214547324813,0.267647041227075,0.284214546002403,0.267002527442013,0.24155046326521,0.245811960845394,0.252096671391102,0.22932413280862,0.242396264599541,0.264709488183036,0.263408341633205,0.266180461156137,0.282684635427933,0.279177641355692,0.265751586471034,0.278490572753292,0.286339422315797,0.271989382133954,0.25746431579459,0.242274247845822,0.212738055824932,0.187257099797543,0.175965757451879,0.163262997313007,0.150913091622437,0.139621749276774,0.129398184213287,0.121925365514366,0.116244460868767,0.108023606442606,0.0981811059598364,0.0301183140791774,0.0710022522063165,-0.226757369614512,47,96,259,0.124005461787017,0.356734559554574,0.25746431579459,212,68,174,0.245952945254079,0.252096671391102,0.606600941168684,54.3434169650222,0.00474957342382769,-0.000609019900367996,-0.298150944152039,0.00104369568133688,0.00100850640896132,0.000999940415445081,0.000947619156037042,650
"40",2,0.331715210355987,0.131586532918252,0.14461814301609,0.0959554404074098,0.0942164498664735,0.148570036779024,0.216134633672962,0.24909823838823,0.238363721509558,0.201744833842511,0.145293809521879,0.0854881273263766,0.0555230540732468,0.139228135333671,0.27177831715067,0.247488627459941,0.264999399341949,0.295451011759722,0.27254528737063,0.239460747197467,0.356717577299306,0.427705102605474,0.467997069135345,0.505345966064786,0.506026251260287,0.441735061970877,0.372756943280942,0.341360133627686,0.293322812840398,0.2660771877398,0.372164211914427,0.367620570015032,0.353020531666071,0.358373470213457,0.403834197196986,0.284759422079222,0.300624110307908,0.300417011146565,0.235167218491622,0.105576591271207,0.0621190421337901,-0.0670323221643926,-0.0927865115669676,-0.109520584612378,-0.191645544178274,-0.245735269286353,-0.169046457419349,-0.0667787861410947,0.0525244152271543,0.100060335658056,0.498645149063058,-0.289296046287367,110,174,266,0.247488627459941,0.506026251260287,0.300417011146565,156,139,223,0.239460747197467,0.367620570015032,0.795322297547654,51.124926209696,0.00403965037188041,-0.00223488304471437,0.442117415671313,0.018277194761687,0.0174758210449241,0.0148462460754069,0.00878572241960948,411
"41",2,0.266517043063543,0.164066494644772,0.039598229485299,-0.0683291293035856,-0.150502736034077,-0.194468191699906,-0.226198530000125,-0.208629081997718,-0.148453871245156,-0.0973132945779235,-0.0458837062902609,0.0505930936555183,0.132010077280928,0.234191574539244,0.39206460714378,0.485622623658635,0.506343131177283,0.517332354210851,0.480806562983355,0.389962151883473,0.338477092266006,0.342231067836539,0.327175100336635,0.307323601267261,0.282968961927442,0.25668493304844,0.242617230321206,0.219122458520925,0.222373672104243,0.22401306222543,0.220920779381664,0.227541441636793,0.269971241999101,0.283407299529162,0.302718637385003,0.320696115943333,0.319488438913076,0.247193450002182,0.128553716796262,-0.0163078330439378,-0.152451799231195,-0.283667024014271,-0.354138256896117,-0.347140438298999,-0.263267169697937,-0.153696237370297,-0.0995509218390206,0.0284737975399636,0.122841276416945,0.00855653504553999,0.253841514596952,-0.549340218014917,82,125,202,0.0505930936555183,0.517332354210851,0.222373672104243,120,103,160,0.39206460714378,0.327175100336635,1.06667257222577,37.4674085662016,0.0108544014082636,-0.00383063223515075,0.0975488673755509,0.00369075476550496,0.00313896270556403,0.00266919093844753,0.0011778553442736,-261
"42",2,-0.375673376807485,-0.325739989992948,-0.289708209765845,-0.220093405941883,-0.196703852516163,-0.119105873718142,-0.021103039381929,-0.104681285291048,-0.231289369247254,-0.200956308129661,-0.275578784568328,-0.430639034220104,-0.400097680281418,-0.312207465163513,-0.291181720536265,-0.142923141145224,0.016202555693447,0.161601734101956,0.271082911357849,0.324456977015902,0.321236719418259,0.317544011189615,0.299544921427962,0.296442451953088,0.286837534973528,0.278546841409039,0.274198054289154,0.281829832933837,0.273371756620839,0.269302788803857,0.3253973367738,0.324008134189711,0.311072727325097,0.333682375116625,0.391290743787411,0.335519787006486,0.383080337966045,0.397493911027633,0.317886170525607,0.11108685915539,0.104939247266643,-0.0542033655345327,-0.1689953678866,-0.226379079355608,-0.254382642115579,-0.426187426341655,-0.448812376767392,-0.304803015612903,-0.267460870346173,-0.222764296806062,-0.116783839102963,-0.415986949429038,110,266,301,-0.142923141145224,0.397493911027633,-0.1689953678866,191,188,280,0.274198054289154,0.11108685915539,0.846306287795026,49.2585650293532,0.00346421187290293,-0.0161854079689781,-1.54090923373555,0.01609622770421,0.0129024726312486,0.0138328526865512,0.0124998577241949,218
"43",2,0.0317594749100148,0.0317594749100148,0.103306226987923,0.0958465423019424,0.0705850090821643,0.0139625172781543,-0.0830453755372162,-0.166863444791196,-0.263472708010082,-0.326259381984104,-0.341664356662827,-0.348484493722817,-0.342340387935548,-0.237533007856902,-0.10017339937652,0.0583095035967021,0.223076634116598,0.380224475363898,0.497371047930067,0.551522041274832,0.529835845206385,0.513010817419619,0.48508225433056,0.447163951446812,0.421982653983385,0.44026490841442,0.435662954683304,0.437468618600138,0.455372239475291,0.452744490580183,0.478027141222529,0.488435562241606,0.501764612173033,0.507655910451602,0.558078742860568,0.530852606567857,0.533897124984889,0.558953841928808,0.519385856655476,0.449851942255047,0.41538442709749,0.361951570355375,0.223994108888135,0.120788966176596,-0.00335034499857271,-0.134262781056889,-0.241301294576537,-0.225382231426799,-0.154164570836616,-0.0403606380755605,0.192790242986186,0.262793914246196,160,266,294,0.48508225433056,0.558953841928808,0.361951570355375,134,216,280,0.478027141222529,0.449851942255047,0.907438335651625,57.9445811011081,0.000696901769794791,-0.00703579541333688,0.360648483441207,0.00192949416754761,0.00133240207749822,0.001614601916417,0.00158190950420517,335
"44",3,0.699273072060683,0.699273072060683,0.699273072060683,0.699273072060683,0.699273072060683,0.699273072060683,0.699273072060683,0.699273072060683,0.699273072060683,0.699273072060683,0.699273072060683,0.699273072060683,0.699273072060683,0.699273072060683,0.699273072060683,0.699273072060683,0.689670954165925,0.67187675154719,0.654079134539152,0.685410125149853,0.686151384485782,0.672373401932309,0.720877267326879,0.761074848616423,0.719475412321001,0.803399706898914,0.856726566663703,0.776485662293494,0.810704191122785,0.826807623018967,0.820848116729342,0.820793971724437,0.920458263998886,0.865719464717395,0.937042645930591,0.853895711797317,0.839548782251725,0.770210769131672,0.769344411690879,0.693199580654734,0.698653803552304,0.684121455174757,0.704339754003249,0.704339754003249,0.704339754003249,0.704339754003249,0.704339754003249,0.704339754003249,0.704339754003249,0.704339754003249,0.704339754003249,0.704339754003249,181,245,308,0.803399706898914,0.937042645930591,0.704339754003249,127,209,273,0.826807623018967,0.769344411690879,0.282963511391439,90.9799543541833,0.00208817092236994,-0.00369369669725939,-0.0751422841751026,0.0180922157575859,0.0136778538807226,0.0166207617986315,0.0180922157575859,1028
"45",6,-0.551470588235294,-0.563801919144131,-0.357669737056335,-0.23253882415705,-0.147022097742207,-0.19243221182893,-0.131246891109335,-0.165578356889627,-0.253085060076062,-0.268439427734194,-0.244609637290615,-0.268877479908337,-0.227717624609517,-0.142079566452256,-0.0593585633458096,0.0168548010138382,0.083731649746399,0.14233946848295,0.165368958111589,0.163483437028488,0.180585070930215,0.184527359021353,0.180663241929571,0.17958972063478,0.176642621134152,0.16543514904117,0.170207759760297,0.18057069144734,0.182610960221493,0.182814546728489,0.193873913255571,0.195641047233778,0.188635483731828,0.200746464123204,0.211540285505856,0.147025473116666,0.123684107925735,0.0415721012532096,-0.086141512856737,-0.248159685554715,-0.344127156678552,-0.471370669592698,-0.487386410506206,-0.517312363847422,-0.541464552203108,-0.538426738036136,-0.52107145478594,-0.520616570809143,-0.460730116014113,-0.4649645347124,-0.243388724668513,-0.720585072058507,117,245,287,0.083731649746399,0.211540285505856,-0.344127156678552,170,181,266,0.16543514904117,0.0415721012532096,0.932125357564363,23.1393107700097,0.000998504966870755,-0.0132301771948668,-2.7425200196971,0.00800536862649099,0.00460868038306688,0.00588857896069038,0.00505168787251328,687
"46",3,-0.292297111416781,-0.292297111416781,-0.281066691404007,-0.26810851446619,-0.25212676290955,-0.217868156526449,-0.178368955972291,-0.131037525859515,-0.151798014362677,-0.0888454508136164,-0.109694981497096,-0.0596771639528266,0.0343525393803316,0.2629407950667,0.402544760818702,0.608642233717186,0.733429401660449,0.805418370687183,0.822793022722283,0.826665923023389,0.850043994352026,0.873433295841644,0.836890865615391,0.860757397393583,0.888385675590662,0.912819883040364,0.941266949618242,1.01136205740171,1.0540851696087,1.13636384032062,1.1900686523372,1.22566931676746,1.27250377825089,1.26797056331931,1.24383125924697,1.26375451752066,1.28230152158878,1.2653526892957,1.22741097817168,1.16037130291472,1.03321087400779,0.907182123644225,0.795284788276733,0.689603971540769,0.590139673436332,0.509324931226477,0.434726707648149,0.372561521332876,0.320964416691199,0.269988963912675,0.232689852123512,0.161199887860948,117,259,315,0.733429401660449,1.28230152158878,0.590139673436332,198,188,287,0.941266949618242,1.03321087400779,1.57459863300556,189.536942188176,0.00386529661921361,-0.0123600330027223,0.0551443632535701,0.00323275731363067,0.00254650480619903,0.00300400647782012,0.00323275731363067,-652
"47",3,0.0982905982905983,0.118649373881932,0.18616153065281,0.173683004656842,0.138514096530085,0.0668489017049281,-0.0239875608246293,-0.100961422472393,-0.16489596828233,-0.208066993210808,-0.226847980485881,-0.208244383133808,-0.166930952189652,0.00665769196267054,0.260245498228854,0.534532109322634,0.736250987266093,0.906430762508145,0.994712287110152,1.09703059197312,1.00797058319774,1.02661882331332,1.12540262431142,1.16387296420991,1.13743931153513,1.19203625563253,1.20985786155967,1.13015431272561,1.13580785227626,1.07162052396913,1.16512793875065,1.15218612320282,0.997635519344263,0.956880590795204,1.02132379030758,0.894901419580487,0.813950021638915,0.971761803905294,0.918789960281653,0.805622839270252,0.744705624424424,0.703779362061859,0.596628201850622,0.552297956763977,0.481337369032692,0.452685805086208,0.40781486232286,0.336449671245487,0.249163367744481,0.181794852350486,0.119478876476626,0.118110236220472,117,188,294,0.736250987266093,1.20985786155967,0.703779362061859,177,153,237,1.02661882331332,0.956880590795204,1.43670584204555,167.703007537053,0.00667051935624752,-0.00477432546696046,-0.510690527443614,0.0121920818555393,0.0120352905645643,0.0119503216313229,0.0116235924738649,-24
"48",3,0.216311264932455,0.23497787971231,0.314105504348609,0.360087080704628,0.405362255483384,0.425629360324818,0.474288292725153,0.466253605605286,0.471374650419471,0.529985441725915,0.621934867024055,0.676897878507636,0.801820272211522,0.940179572177983,0.894598689666203,0.853270838805408,0.820174203473185,0.764026652554248,0.657935575065472,0.648924558022456,0.702771133556387,0.673618467655025,0.664246864804562,0.685190197143126,0.690621663157487,0.62672093353007,0.722562375847764,0.704542416478728,0.733284265120027,0.781688604851054,0.912523110510096,0.882804656847852,0.873816151678813,0.890041351795937,0.998061010471578,0.838937838843872,0.837231751512752,0.910939882370824,0.879177296731949,0.850915735826413,0.898991488985091,0.901894772805358,0.868898609529377,0.840330079690528,0.74665484716357,0.742133083009062,0.675798701788713,0.625625141676302,0.639117820336395,0.583955413169365,0.728525204568686,0.405229531471841,96,245,315,0.940179572177983,0.998061010471578,0.74665484716357,219,167,280,0.685190197143126,0.850915735826413,0.781749745539123,163.72508915772,0.000388466028816072,-0.00359151661868583,-0.178106206203275,0.0157129009010918,0.0146462415387748,0.0152380808447406,0.0153551000943552,-863
"49",2,-0.242008104457452,-0.421776287414536,-0.413999021952279,-0.437940769121782,-0.427493024871432,-0.261448640008062,-0.150058428774987,-0.160661640712252,-0.19080600916142,-0.177173959820181,-0.344767984930113,-0.465019185803412,-0.402131707284931,-0.354887893943221,-0.379508037025684,-0.374748183923534,-0.344681122601003,-0.343611864281856,-0.293407294186089,-0.28276160226091,-0.162162877102459,-0.0697476891627934,-0.0184523380693368,0.0170982888082138,0.12611385276436,0.155158785578233,0.162164960212291,0.169797674927294,0.173568081871105,0.169389001165508,0.172265272931629,0.173031226729597,0.171737792468246,0.170368708198043,0.180966194009141,0.180325529255552,0.179004242466326,0.184533291690093,0.177662738812766,0.12137696422414,0.134451469929395,0.0339510124657727,-0.0515644216566754,-0.116291166345957,-0.129988130500505,-0.189610409910157,-0.154233950933479,-0.168992120496764,-0.252764069149982,-0.255408835338592,-0.612283248706763,-0.157217254593692,146,266,301,-0.162162877102459,0.184533291690093,-0.0515644216566754,155,209,280,0.169389001165508,0.12137696422414,0.796816540396856,19.6543112484722,0.00288913473993793,-0.00674564895276482,-1.61274522893974,0.010652100703825,0.00490451980603548,0.00794325924119311,0.00827315721371887,-483
"50",7,0.242463192334658,0.242463192334658,0.196582484055939,0.161289631533848,0.113644280629024,0.0594512181948483,0.0234541186136019,-0.0053826537467135,-0.0270590988860979,-0.0374577173436407,-0.0419355160973504,-0.0461446469258376,-0.0497268859288054,-0.0533091249317731,0.014280674730939,0.136101235074598,0.233967601065513,0.324344231715913,0.427664617153955,0.607180994253669,0.548601325002893,0.616316424683586,0.777120567423978,0.924822718997432,0.897546854086257,0.895051632920189,0.790819978794998,0.606231907958115,0.422796488407243,0.264546116718368,0.264994845373146,0.269977555477958,0.269720244446688,0.266471782271261,0.269869346008369,0.27671660686201,0.274929875207344,0.278543689332537,0.285228911396064,0.288767717543225,0.289869259980157,0.294824895756056,0.294824895756056,0.294824895756056,0.294824895756056,0.294824895756056,0.294824895756056,0.294824895756056,0.294824895756056,0.294824895756056,0.294824895756056,0.294824895756056,125,167,308,0.324344231715913,0.924822718997432,0.294824895756056,183,146,237,0.548601325002893,0.266471782271261,0.978131843929205,77.5635320316356,0.0142971068400362,-0.00446806966837855,0.87777166275445,0.0233547729907938,0.0232516474382649,0.0233203978066175,0.0233547729907938,284
"51",2,-0.260684860968074,-0.237492647718005,-0.316551598120041,-0.276989681611385,-0.235970252953563,-0.187063741615746,-0.08002152271051,-0.0848483642009987,-0.184387461107769,-0.243272697421645,-0.320455655751691,-0.383001392262318,-0.319193780461424,-0.222420866722637,-0.166831168637272,-0.109642306933064,-0.0496848888441714,-0.0333802437479395,0.00612507198311468,0.0455163374389985,0.0872613611622942,0.119373337546438,0.137024741804712,0.140874866893632,0.144706686650779,0.14597548135333,0.152899721458751,0.160405191216956,0.171008535855877,0.161387898745299,0.16290775872653,0.159117093222297,0.147979813486249,0.137488855395735,0.150803491400005,0.159047075341823,0.165144014267163,0.175287079499206,0.131509174573013,0.00102587343231593,0.0134926501263203,-0.122580592241278,-0.109451341237548,-0.0437936173279494,0.101036638466576,0.0619327766565029,0.128344422511588,0.0677065348624088,-0.077439130210545,-0.15853309741866,-0.47569628787056,-0.148022837809262,139,266,287,0.0455163374389985,0.175287079499206,0.0134926501263203,148,202,273,0.171008535855877,0.131509174573013,0.650983367369767,19.5137372165436,0.00102181686661581,-0.0077044966368041,-2.62802217770493,0.0161258360380307,0.0105377462386088,0.0110726473390338,0.00655435974046178,-403
"52",8,0.417156083742141,0.428631291550843,0.442970697362311,0.457818862357831,0.48805036351347,0.498575213118999,0.512485337891205,0.55988151752094,0.610749480981144,0.618624434744406,0.691195523790472,0.790653810958818,0.859743601678589,0.950124810769113,0.980366009883646,1.03871513001503,0.935271808499164,0.812503357187527,0.686994873193133,0.796363586718019,0.643654253140562,0.662780643608913,0.628250250259403,0.599349309219071,0.509874502107269,0.488338604115833,0.520054737607182,0.623580582799842,0.610426288492754,0.541232366742689,0.619264533825133,0.585534207219742,0.481294707903806,0.487133627902179,0.508182776666081,0.434335404057729,0.411918260774871,0.473427349395245,0.491770055694376,0.469617656198484,0.489248068396083,0.45779842031159,0.454412080944376,0.434714740428418,0.400399824804887,0.393381509806516,0.395153006918013,0.36451236451243,0.357584091610486,0.354009630444359,0.347604239162333,0.328906347424866,54,110,252,0.55988151752094,1.03871513001503,0.434335404057729,198,82,181,0.790653810958818,0.488338604115833,0.709808782590165,125.417087623569,0.00855060022310877,-0.00425619525322044,0.772556772496424,0.0323871338186913,0.0322012217625063,0.0316966547254143,0.0305016085950452,977
"53",2,-0.431946403385049,-0.439660804653364,-0.45239411014153,-0.450594592551979,-0.439460524365481,-0.459557603344431,-0.445805704351563,-0.435556227154448,-0.434838510433463,-0.423730364366359,-0.346297601066823,-0.291598269335721,-0.228096143292553,-0.159084570527391,-0.1691615787237,-0.208384486886639,-0.225199130945019,-0.233764417280357,-0.232288105195835,-0.132099935213111,-0.020220052792804,0.0845804645115355,0.162499845985416,0.21846422941882,0.226490499485461,0.225101324671305,0.206827441059396,0.205647733127523,0.231370850477408,0.258535000480576,0.269377816262317,0.267085123852096,0.265132202407886,0.267571452495658,0.269714701427052,0.313314486662386,0.35029579224239,0.432832041040703,0.34820926271196,0.243918660283444,0.168429270745375,0.018872174465864,-0.133789116100342,-0.14752767459008,-0.159011028491075,-0.22738924342885,-0.211793075218548,-0.247692362375338,-0.314147509564746,-0.373135144840678,-0.470369473268087,-0.565033537474482,153,266,315,0.0845804645115355,0.432832041040703,-0.159011028491075,162,209,287,0.258535000480576,0.168429270745375,0.997865578515185,32.894852307366,0.0030818723586652,-0.0120784299904444,-1.40047091436761,0.0114583457053186,0.0102480652969348,0.0098284806955744,0.00777903108446982,-74
"54",2,-0.274208712002507,-0.126007583666443,-0.258286412476062,-0.211436636092079,-0.178238727773922,-0.193684418341239,-0.0270344512068637,-0.0188158132723979,-0.126598087487428,-0.200772904022777,-0.254803375700522,-0.368344001989477,-0.298990271984825,-0.184823996180195,-0.109684647051259,-0.0512847814511017,0.028819404333954,0.0582401691799595,0.111205055886306,0.177636251157335,0.33520514942369,0.522804542368116,0.705456439439861,0.838010746346285,0.911967501795582,0.855491915212465,0.706082781214999,0.52726440981448,0.376472220723375,0.254769517383437,0.192695180532802,0.154631318856875,0.13864923451473,0.135194506306153,0.143903548845554,0.132407911462817,0.140390255895648,0.123802946527963,0.073632840167402,-0.0448254550392857,-0.0288574024393479,-0.129419879298116,-0.098315489205801,-0.0397893070955455,0.0802350995043341,0.0442640852379641,0.0787609412525478,0.0233376996843179,-0.108586113119747,-0.225377578009569,-0.469517125841,-0.39435069699193,103,174,259,-0.109684647051259,0.911967501795582,0.140390255895648,156,139,216,0.177636251157335,0.192695180532802,1.38148462763658,50.6885090227255,0.0143894668851668,-0.00907737936352864,0.668564740314412,0.0097447278135867,0.0060759104303546,0.00677072961906814,0.00449155061326313,-322
"55",3,0.353463540269357,0.353463540269357,0.353463540269357,0.353463540269357,0.354134770299026,0.365284167528207,0.390910784685932,0.431014621772201,0.485595678787014,0.564323597078233,0.657391439476017,0.744254759047281,0.826981730067533,0.930390443842848,1.04414002899569,1.15995778842405,1.24927340030541,1.33336840363333,1.38888763933717,1.42460870082965,1.42576157938313,1.41480668593811,1.39913767183306,1.36326405266935,1.30046298569659,1.26584216402014,1.24541394119714,1.18366738198147,1.15997749073134,1.16277525935541,1.1548126139684,1.06878681344608,1.02591233451788,0.948453575654044,0.821159154964319,0.683282611552411,0.642587561191904,0.56329680936031,0.514575318399212,0.52243797530607,0.519393387725622,0.524365729586716,0.575314278329186,0.598376880743255,0.590339629301467,0.588552783563464,0.570274246479945,0.536875029042752,0.50819099524375,0.487758532811585,0.464182614620625,0.458288635072885,82,146,237,0.744254759047281,1.42576157938313,0.948453575654044,155,117,188,1.24927340030541,1.24541394119714,1.07229803911378,173.503795447137,0.0106485440677477,-0.00524514289812187,-0.576343963537036,0.0014796930971064,0.00147373788458761,0.00132417079140134,0.00101908139251002,36
"56",7,0.30049737496546,0.0798927780247165,-0.0368657660296308,-0.0266288495854139,0.00794327869626351,0.0397617825730116,0.105596482299226,0.127058679837573,0.00633035111023037,-0.0857848274458907,-0.118006052141063,-0.126664955916926,-0.055922756572476,0.117922147179221,0.345659913999548,0.59115085711427,0.789357005806266,0.963080435999825,1.12431918788643,1.15424985269645,1.16303562020096,1.17127529586242,1.11546501062352,1.02688014810912,0.988535085901153,0.872530762223886,1.01820960407692,0.992768196298911,0.933027227313923,0.906257913093166,1.02772659126329,0.867017312415615,0.788734344043109,0.777871236855795,0.786364200572269,0.642025687409234,0.570714402699115,0.720329608194045,0.468232433044757,0.230627797127616,0.0825560472846715,-0.0246093029784177,-0.280575772306693,-0.277263519864878,-0.334721301038882,-0.355853149707397,-0.455234322548303,-0.388408660454233,-0.32766491540001,-0.314961486354259,-0.312691989958374,-0.614382318984001,96,153,259,0.117922147179221,1.17127529586242,0.570714402699115,163,125,209,0.963080435999825,0.906257913093166,1.78565761484642,138.520227263049,0.0184798798014597,-0.00566566880342743,-0.942471321625888,0.0251521979171547,0.0247042017126791,0.0215920949091218,0.0149198850975317,669
"57",5,0.321144566030041,0.321144566030041,0.321144566030041,0.555474579866742,0.61790321638553,0.8302798889141,1.01980361464065,1.13866257720379,1.09672435491048,1.1936237465157,1.205600798698,1.30094809493444,1.32235253460005,1.26854357337992,1.27524921676633,1.17715745919496,0.998138337500805,0.943065048512653,0.865801564931182,0.707727263949716,0.617139561141399,0.523878206550334,0.463791333971122,0.432915252093213,0.425595986414443,0.413702180726118,0.423424733776136,0.381682953171794,0.390007390083053,0.391295706928184,0.398246812921875,0.380917206172214,0.440893242780335,0.442441498634153,0.471759177371117,0.481429079489867,0.523439412322053,0.47456857309184,0.469475834170257,0.446070041107908,0.484810410755572,0.440259059230238,0.507623989490129,0.533357493922583,0.584228383480498,0.545309469078716,0.566463513097683,0.558901011581256,0.562396056475857,0.529619880768234,0.64340340620218,0.450819672131148,47,89,174,1.01980361464065,1.32235253460005,0.425595986414443,127,68,132,1.1936237465157,0.865801564931182,1.00120796857001,111.189311764446,0.00720354571331905,-0.0105500770374778,-0.578410395250714,0.017820771624194,0.016024427089994,0.0160455843989864,0.0142915544827711,-616
"58",6,-0.272367913613575,-0.361226250088862,-0.258038829054823,-0.253139453756219,-0.22315985373378,-0.26561948130635,-0.288136647821722,-0.266321707885591,-0.274613237710866,-0.2780089229167,-0.229298943098544,-0.184751992995212,-0.186271787225964,-0.170684723881603,-0.129603947366045,-0.128504070227201,-0.144302692117485,-0.156117748251611,-0.161977689984409,-0.202700231158672,-0.212816930253279,-0.20342832798708,-0.181957394217257,-0.149551499612092,-0.115120236594103,-0.0786636051632924,-0.0422069737324815,-0.00575034230167052,0.0327316575419633,0.0712136573855971,0.107670288816408,0.131925220635942,0.156805400764522,0.179986379244003,0.204557420621183,0.231548331180437,0.268945365351648,0.314048317598769,0.330973499179168,0.29837695310047,0.198451436084824,0.0628911620621081,-0.12479396143587,-0.277348597375879,-0.351440761872438,-0.349006959288061,-0.312433096669318,-0.273142754372986,-0.239304740656632,-0.272213715529348,-0.279305916764001,-0.437082405345212,174,273,301,-0.115120236594103,0.330973499179168,-0.12479396143587,127,223,287,0.131925220635942,0.198451436084824,0.76805590452438,17.4920046293739,0.00450599733104314,-0.0162774093076799,-0.18643991376981,0.00220887880910135,0.000740974256970184,0.00154909714715302,0.00169743837538751,272
"59",2,0.301889048302248,0.229110006873339,0.316013319795647,0.299619332177665,0.240702582415592,0.0754805414695203,0.000708979004078433,-0.0297033478745303,-0.222672799671858,-0.274993496674879,-0.345726216169102,-0.360438797206824,-0.394812348398416,-0.227785946498508,-0.106536578190543,0.0479557798221056,0.0987588300433626,0.131018399925496,0.135318642220709,0.115492064811914,0.135085940836798,0.170335982472357,0.199884200019923,0.23046435763117,0.25802865827861,0.234353834982484,0.242002922708146,0.253745077007245,0.254911421368512,0.246562098300008,0.252247616181383,0.250599653283478,0.235568472894111,0.225650188430961,0.206280517135736,0.216692366078555,0.20242525790865,0.192984521098087,0.204588688274876,0.211349045489039,0.231102920016764,0.247295446619461,0.293087416270067,0.306448165003948,0.341417403475906,0.355585496701582,0.33588931663034,0.224900090341526,0.131026226905064,0.0419922528584798,-0.123698577880842,-0.0572586328400282,167,322,336,0.23046435763117,0.355585496701582,0.224900090341526,169,245,329,0.206280517135736,0.33588931663034,0.750397845099998,38.7289679695677,0.000807233155292981,-0.00933467188286115,0.964211287250329,0.00621981380601038,0.000832927615590673,0.00438644790339547,0.00610660228858537,-983
"60",7,0.163803145020384,0.163803145020384,0.185579285000546,0.221872851634149,0.262576799497919,0.318164117226111,0.372749008054684,0.420344521114065,0.456254246229492,0.486429825688477,0.500949839367712,0.513611454028902,0.515773880185987,0.532745304132216,0.549411304902885,0.571478861643818,0.56508610794897,0.569963165414605,0.560858404333992,0.604920882024832,0.554743563235583,0.596204376985837,0.732843109512563,0.83234932934297,0.827296746384619,0.817656647982281,0.780362485676119,0.645145256633429,0.525709494644321,0.526198144782897,0.576472631273965,0.567853546662415,0.539002870513437,0.562104402995832,0.537100201050255,0.50179425626547,0.566475859601156,0.577969209319873,0.546743232306414,0.516721448640892,0.541773302727073,0.488653343305121,0.505418480610411,0.532504730183417,0.544996865699033,0.544895413502843,0.532596405414091,0.501666162071312,0.462314988520484,0.396802567169055,0.362558364755689,0.258792152608263,68,167,273,0.486429825688477,0.83234932934297,0.546743232306414,205,117,223,0.56508610794897,0.567853546662415,0.668546184322586,114.605479626227,0.00349413640055043,-0.0026943971418543,1.42415239043405,0.0143812185883993,0.014363093411158,0.0140731085609076,0.0134750136831654,252
"61",2,-0.896012115093387,-0.514811550407118,-0.385557902577392,-0.216009274498795,-0.132021196496869,-0.229467167413308,-0.218737993307361,-0.188188637301334,-0.287565418327122,-0.308008487622119,-0.274167802204825,-0.295772395794755,-0.321701138015071,-0.251987230808679,-0.242578068621439,-0.157423359320879,-0.0547588777107766,0.0307644190549435,0.121965490861284,0.101668862560529,0.201347977079498,0.217140700381673,0.207997814212804,0.222757919727887,0.305498212407289,0.131468757170253,0.101001912828113,0.0723833517077977,-0.000705021284342744,-0.0307821080434745,0.175406983270024,0.178255588090924,0.142132298164402,0.30624825403077,0.525757858660865,0.462156014658067,0.376334638772283,0.392849978274897,0.300115394040502,0.141618522261423,0.0405459318186425,0.0301058940020527,-0.00873032021214631,-0.116121932317872,-0.216601165920127,-0.203161148981578,-0.179530803293816,-0.295088892683933,-0.383778835003652,-0.390431359923523,-0.655720236118324,-0.218802936194241,117,245,294,-0.0547588777107766,0.525757858660865,0.0301058940020527,177,181,266,0.131468757170253,0.392849978274897,1.42176997375425,33.2339250832377,0.00453528700290345,-0.0101153462175268,0.573208569910091,0.0162548318336416,0.0130321697358922,0.0146169356910595,0.0145638055036446,-148
"62",2,0.209444021325209,-0.0664918136862775,-0.0771366744012578,-0.130266026387534,-0.130757279822758,-0.101964074627688,-0.0278957968051456,0.0600551039917038,0.0536956517129383,0.140622814061755,0.123209764316089,0.156911449716338,0.168605990963613,0.235244089794243,0.258647721555679,0.306341509776561,0.288165556191906,0.279331842976895,0.302820345759485,0.30811868146221,0.299373519525387,0.355763073954828,0.413119746768008,0.443259113381056,0.435228601965077,0.446725325629288,0.443628799190131,0.42385320709329,0.418071575195491,0.404791630386804,0.43192359975152,0.468023130381553,0.518929631306472,0.505084587656873,0.549307979547487,0.55790025518499,0.530881655991819,0.489580152914191,0.504594392816732,0.362130527525225,0.228795346286557,0.152766996546493,0.0610375577809133,-0.020799522039334,-0.0452763195012957,-0.0618135958617458,-0.0651102626301472,0.017251009524503,0.0173772199851942,0.0285187155138239,0.0817133161092738,-0.155233589591957,125,252,294,0.279331842976895,0.55790025518499,0.152766996546493,169,188,273,0.443628799190131,0.504594392816732,0.713133844776948,67.5598755191624,0.00219345206463067,-0.00964602996758327,-0.52224739545721,0.00938925059495812,0.00751044673595149,0.00791995506797765,0.00686016787302334,355
"63",6,-0.919117647058823,-0.727719946935269,-0.539321369473872,-0.332343974910218,-0.218656486731478,-0.253448963122453,-0.272258962467491,-0.276817362136712,-0.416135339992506,-0.427476302088015,-0.393261505707457,-0.388754384551471,-0.37296799369767,-0.315541661820381,-0.345967127269021,-0.329702538003214,-0.338817889106714,-0.390878365327348,-0.408092478653876,-0.411162729653104,-0.271500839167657,-0.146878857924249,-0.0244553534643176,0.0870261748527051,0.198925344294441,0.126391782594978,0.115023820559315,0.105508878694516,0.0584938456818193,0.0331135626210314,0.0866214369706482,0.0942898043639453,0.0888638036556668,0.0858058246465234,0.117695751042779,0.118329516332972,0.00781442696108797,0.00827305472112122,0.0578989330291079,0.049353006312018,-0.0495687644266526,0.0197057717868527,-0.146967530641331,-0.270516640198463,-0.336207497528781,-0.262065965924462,-0.316102590975008,-0.272935093051188,-0.31195259598765,-0.375014833232071,-0.637420560217847,-0.477916941331576,82,174,280,-0.388754384551471,0.198925344294441,0.049353006312018,198,125,230,-0.390878365327348,0.0888638036556668,1.11804299135326,-12.9215847384867,0.00638782313962948,-0.00141105979228701,-0.537757157335706,0.0178612372665581,0.0136971922285513,0.0150832004342207,0.0136911718075526,-217
"64",2,-0.250493396083194,-0.277147144360268,-0.299287570643745,-0.227347919029031,-0.147342303903086,-0.189022315370031,-0.17130954843607,-0.218932618048826,-0.339918625469563,-0.464115595697624,-0.472140705335598,-0.46767416179417,-0.441901216609045,-0.425387242109531,-0.408607727245213,-0.343336207507228,-0.323370684838521,-0.2976990027493,-0.207715882505141,-0.0708260083386201,0.133488856800349,0.426228889873474,0.693723671189578,0.934249864410869,1.15834572801014,1.28163326934272,1.32018790496808,1.38171594622786,1.438869512403,1.46364532441978,1.48608333709283,1.4948520183416,1.51591400662102,1.50456052417424,1.4288365861712,1.09745690877324,0.747754820096748,0.404031311950181,0.045154890676889,-0.222532421118931,-0.242117244522223,-0.271245087520909,-0.350924045717347,-0.383133925297409,-0.403760213298989,-0.407139386637621,-0.357916145113996,-0.374488752111165,-0.4156561337873,-0.461696815848769,-0.692876729294119,-0.535789695945946,139,230,287,-0.0708260083386201,1.51591400662102,-0.242117244522223,148,181,259,1.28163326934272,0.747754820096748,2.20879073591514,139.917757683262,0.0174367034610949,-0.0308426535288288,-0.823461456906502,0.0044793968392262,0.0033003048932898,0.00357180403564828,0.00293571037442883,1084
"65",6,-0.575875165125495,-0.445013918000463,-0.45418051671726,-0.423931895351761,-0.419642815172778,-0.418217121664075,-0.429307747175247,-0.43577457470297,-0.467163787060974,-0.48720979792317,-0.513108278918808,-0.482067260946847,-0.416970858865787,-0.377561180395437,-0.332945977874469,-0.257558085667385,-0.268882657864095,-0.316958309052144,-0.312905017620584,-0.321084098864727,-0.385949391925201,-0.345620031598183,-0.301807999002035,-0.293491310086167,-0.209340256303473,-0.199549825337591,-0.218352804713753,-0.26819432042311,-0.219524007477875,-0.257981575480583,-0.231502253827847,-0.216552766724127,-0.187221765757989,-0.20918841605946,-0.220290745553896,-0.204172239515825,-0.244773696543205,-0.267097911433373,-0.267951128918593,-0.151374201345388,-0.192703886177046,-0.183662249514534,-0.198327897140939,-0.26591134299381,-0.456723462318849,-0.469159706108743,-0.49657356548669,-0.507576053739365,-0.500316574482475,-0.511730968481622,-0.49504743318633,-0.596910112359551,110,280,322,-0.257558085667385,-0.151374201345388,-0.469159706108743,212,195,301,-0.26819432042311,-0.198327897140939,0.445535911014162,-49.8877076306453,0.000624611084247038,-0.00756632154198463,-1.07862199585903,0.0118558034577653,0.0110678839614464,0.0111000133607633,0.0103763526630781,1108
"66",2,0.13432606693276,0.0432803948183067,0.00885595396742113,-0.0130055091897626,-0.0126786332428008,-0.0229605923962692,-0.0033974067575171,-0.0507991855722737,-0.13390140778806,-0.188060641892835,-0.257387363924746,-0.331690688745894,-0.289694220767673,-0.219856883540025,-0.223704223158384,-0.130522386011262,-0.0784772542994576,-0.088386246908229,-0.110844992863241,-0.0592454020650239,0.0353329328953058,0.0922581171300745,0.171097664615365,0.262466944627312,0.306085002232494,0.237247576840296,0.234867076728033,0.21610503778772,0.199909646799556,0.199422427192101,0.237041769766293,0.27810225929553,0.311107558861879,0.328400504730196,0.344106811697149,0.321302947240399,0.301057484250111,0.280441963823015,0.265530135170626,0.265829642698395,0.264883950992772,0.234267646980102,0.195831024873635,0.149017581252328,0.079881180092338,0.0213811483415772,-0.0306675967924282,-0.0671496137104005,-0.0924685053788973,-0.087953858073978,-0.126486048819365,-0.0145456468845869,146,245,294,0.0353329328953058,0.344106811697149,0.234267646980102,148,195,266,0.21610503778772,0.280441963823015,0.675797500443043,34.9071080771389,0.00311892806870549,-0.00224161560647035,-0.896893329961603,0.00652505111766092,0.00377457992940534,0.00530606427398625,0.00561856177489248,-397
"67",7,0.281356721515057,0.307213246124069,0.186804565836636,0.178576057909643,0.187371502316082,0.134515986608766,0.147227449480328,0.149342649703116,0.0960192852742914,0.0314906112566221,0.0484814273497604,0.0706407147458317,0.0951320674785561,0.129982638560138,0.169986057184521,0.211767057763126,0.260379819049575,0.312336976115535,0.374010921765942,0.432821991085849,0.506636211817312,0.552430510281586,0.595411931486154,0.620290171918152,0.61948272169569,0.614906978239878,0.639347531093915,0.617177320256979,0.656565586438915,0.670800440193324,0.753731131086854,0.78520197816755,0.797080869700498,0.750277796870509,0.856665251538426,0.748218359531195,0.729452428661291,0.750456265119499,0.736686878556446,0.562977651366044,0.438795280645528,0.217605436348958,0.059736553695505,-0.0312226660575238,-0.0493245477607381,0.00994114935328128,0.104946014407372,0.149109184672925,0.171747696015415,0.271714685832237,0.133086637447691,0.662473233404711,139,245,287,0.432821991085849,0.856665251538426,0.438795280645528,148,188,266,0.639347531093915,0.750456265119499,0.905989799299164,92.0064091012042,0.00399852132502431,-0.00994928502125949,0.0244939568757126,0.0055037994735298,0.00506582468076655,0.00511076009597141,0.00476265613361787,144
"68",2,0,-0.207399103139013,-0.185095746435797,-0.198415264679471,-0.17495052589236,-0.115246700184966,-0.0707031342064785,-0.117195662498344,-0.184679278436844,-0.221336887748002,-0.29186219064233,-0.366252735716393,-0.303165223922172,-0.247178827675246,-0.247298091509006,-0.212789273535949,-0.167470362400286,-0.192362889278378,-0.208498576781765,-0.212865543716811,-0.119513724369947,-0.0685171931737704,-0.00289836836467942,0.0713053099852177,0.1658432340778,0.152632973704887,0.156958538196654,0.14986615964999,0.151081237531301,0.146766566070232,0.174895898856265,0.181809493514202,0.193262263359313,0.193359051726506,0.19747468214404,0.182737113515432,0.193259261144541,0.191587264939455,0.203130184515233,0.23727160307908,0.266040853821478,0.190583584406531,0.113729510439785,0.0360698576557809,-0.0641445064014237,-0.138985235774298,-0.14683989398012,-0.127288005241457,-0.178822152633695,-0.186678778171984,-0.415438807203484,-0.19374804951628,153,287,315,-0.0685171931737704,0.266040853821478,-0.0641445064014237,162,223,301,0.181809493514202,0.113729510439785,0.681479661024962,24.9066805721997,0.00249670184324812,-0.0117923342936751,-1.12074741437946,0.00995390799289682,0.00709374205362879,0.00821939293510869,0.00761052875880047,-391
"69",9,0.429068308815144,0.40852564746132,0.406077794928751,0.389273189243743,0.378298501299179,0.356338836444117,0.351808779877342,0.334111339714925,0.311305979932607,0.311805238549496,0.30760040819871,0.293822268652062,0.286487802159042,0.293148801706542,0.299628193215984,0.383342157412731,0.510172679886082,0.642876854729052,0.80340046643937,0.939418727787921,1.03412735113959,1.14356745644583,1.16580248046984,1.2160234747359,1.27495229669123,1.38879603947039,1.39752698029742,1.40186935786779,1.44440633075755,1.48115376936642,1.35020256183815,1.3314995651616,1.30627731015396,1.14799165925308,1.0217644617799,1.07308942621116,0.9443938162058,0.944155026351779,1.07984009543424,1.11149946094701,1.09100970959733,1.08530971246838,1.12580279340173,1.08472925997996,1.08095753860826,1.01703106175193,1.02075059148754,0.913236042922222,0.792090517380708,0.678160215087815,0.606633169638142,0.485668789808917,146,209,301,1.03412735113959,1.48115376936642,1.12580279340173,155,174,252,1.27495229669123,1.07308942621116,1.19466596720738,171.09172490985,0.00709565743217188,-0.00386251060831181,0.0508240868667998,0.00892506201663615,0.00814207575570466,0.00841794473155905,0.00818669642233633,1205
"70",2,-0.00490099980396001,-0.00490099980396001,0.0124083984213413,0.0473294767543461,0.0865010119909361,0.096250078372678,0.118867369770934,0.133506388061475,0.103826994390532,0.0916279584722962,0.075292306305913,0.0614485493922204,0.0556300801203981,0.0789641138121926,0.0747281368241778,0.103777374063674,0.113551472569469,0.113177348260763,0.110399757990768,0.107050423034462,0.119349975544192,0.144602054243671,0.132034959547976,0.147571111698699,0.16806280009782,0.214464765351796,0.220435428570385,0.231641199592957,0.252324063371503,0.245430768775408,0.362347555099026,0.368096598614696,0.421499873815364,0.455501585297219,0.678582032154254,0.512274404967389,0.498916512703217,0.720647084130608,0.689650502686802,0.455116282632183,0.473145296460333,0.479449214820656,0.23330785586775,0.220335671090698,0.25144032119161,0.254616485558852,0.257548329590153,0.25999153294957,0.262019391737887,0.263534177820725,0.265488740508259,0.265855221012172,153,266,287,0.144602054243671,0.720647084130608,0.473145296460333,134,209,273,0.245430768775408,0.689650502686802,0.725548083934568,45.9341951648463,0.00509774362731803,-0.0117857994128702,0.47210336541017,0.0185261327473256,0.0182985515636218,0.0174964026237816,0.0156645235603974,993
"71",3,0.612056213017751,0.541064336159421,0.483565930533083,0.473066311368533,0.443285351436606,0.436313032260576,0.450935803848031,0.444855472171428,0.408251405095158,0.431417698851039,0.445489425376734,0.454316318002995,0.490418128018889,0.51564797881756,0.517893461939962,0.495953574584833,0.497664254425212,0.503023285131709,0.511864363339192,0.517704664515532,0.525788505046057,0.518973984991618,0.517158913430297,0.509746168269338,0.508393649903287,0.522806567703188,0.558694866198038,0.624674650358899,0.639610652485709,0.653125200781913,0.769333850799661,0.800673778150238,0.701732833648911,0.734900037645935,0.880206166860025,0.79861913783651,0.83643467654845,1.0495534767078,1.08247413030115,1.08115435639027,1.10378679309517,1.15181337590562,1.07957662489928,1.07193725606247,0.970717060706847,0.970488418316656,0.883186668049621,0.833798932017562,0.823060876161578,0.823060876161578,0.823060876161578,0.823060876161578,174,294,329,0.508393649903287,1.15181337590562,0.883186668049621,155,237,308,0.734900037645935,1.07193725606247,0.743561970810461,122.157218031003,0.00536183105001944,-0.00767504879588566,-0.108973189762499,0.0153817071337673,0.0146541096153419,0.0151391746276255,0.0153817071337673,1324
"72",2,-0.146588486140725,-0.123440382689333,-0.0554048125876124,-0.0509602050785006,-0.0633945573651499,-0.0929360943255789,-0.14402633790133,-0.18261662685471,-0.197517353505238,-0.10953078150885,0.0624440621728107,0.2501302545093,0.386419398395361,0.548668255396452,0.537114381792622,0.464034903480338,0.319942231340534,0.228961249468096,0.132204816326719,0.178898389671472,0.160407957048126,0.15989352547159,0.140480728843913,0.115341868507896,0.0293624188811992,0.0143223432255239,0.0102008450262032,0.0473812976616551,0.203726850179207,0.312290776107942,0.31560964062638,0.381826375939688,0.478407475213557,0.431550183899142,0.368472000504427,0.42618901880277,0.459957184870283,0.532273121593686,0.515282647401552,0.575338234265833,0.627867796200942,0.653157030897359,0.505724684205838,0.426413286722442,0.33073585505106,0.222518409193763,0.0892995048731783,0.0197300530188791,-0.0088477910364557,-0.0956288265289686,-0.0740585368679589,-0.384463722397476,195,294,329,0.0473812976616551,0.653157030897359,0.0892995048731783,134,245,308,0.368472000504427,0.426413286722442,1.03762075329484,53.2795366861275,0.00611894680036065,-0.0161102150292623,-0.0598189273291273,0.0196903918259716,0.0159556903931686,0.0183792626809473,0.0194917058237018,1069
"73",8,0.608942687747036,0.608942687747036,0.608942687747036,0.608942687747036,0.608942687747036,0.608942687747036,0.608942687747036,0.608942687747036,0.608942687747036,0.608942687747036,0.608942687747036,0.608942687747036,0.608942687747036,0.608942687747036,0.608942687747036,0.62721703177009,0.663679427241377,0.699839798700786,0.734409966039067,0.75966084860072,0.744533270956029,0.729495932728071,0.657157733068492,0.566219669411046,0.476994472454588,0.443022810345545,0.364681823781427,0.341493792995319,0.371242949213211,0.393291702397401,0.36027897011708,0.3567357257034,0.367153265935796,0.347679461662981,0.334213577670218,0.364549957345419,0.378958433241192,0.370690046048167,0.373825667562468,0.405864637773938,0.416013411117828,0.438711633964613,0.472575864919611,0.492180312787489,0.492180312787489,0.492180312787489,0.492180312787489,0.492180312787489,0.492180312787489,0.492180312787489,0.492180312787489,0.492180312787489,117,139,230,0.663679427241377,0.75966084860072,0.367153265935796,113,125,181,0.699839798700786,0.443022810345545,0.425447270930502,52.2954019301706,0.00436279187997014,-0.00431327013917499,0.194922421390835,0.00352275666628211,0.00352275666628211,0.00324017960158623,0.00267502547219447,156
"74",5,0.678130809531857,0.628476781272287,0.648841844722278,0.685848477273181,0.695757883866489,0.769788166078787,0.783400926520431,0.858960798989895,0.927012475986322,0.94720901704573,1.04764720308721,1.21526728058317,1.24636974960002,1.35504748390619,1.42446475296167,1.4411745949661,1.23562864331215,1.11484498740698,0.903923122694738,0.85212249468761,0.653580768086893,0.653580130968995,0.61489221396682,0.572610196621779,0.494686739178992,0.471590330698658,0.439137112408644,0.463181256666537,0.447885494126255,0.444137985388987,0.48788438081012,0.506310272472059,0.461226672288879,0.461124816827254,0.484716201970775,0.430943968811911,0.408631966370546,0.454810299626491,0.480922519744764,0.486435210460903,0.512481176848783,0.503437855501209,0.514031273236352,0.487932814611114,0.438734756182188,0.415088353882238,0.411080325033451,0.383318062301945,0.411515948346548,0.413516818637751,0.544861766191593,0.368269332487041,61,110,195,0.927012475986322,1.4411745949661,0.463181256666537,134,82,153,1.21526728058317,0.653580130968995,1.07290526247906,113.109463117546,0.010493104468975,-0.0115058039799948,0.0364306485101419,0.0172193201876171,0.016804794823514,0.0160398483243321,0.0140954299618651,639
"75",2,0.0268913589100036,-0.212729602191869,-0.226371159805916,-0.180339325829985,-0.150701631447544,-0.0771615580918567,-0.0172080761214678,-0.0303053489669736,-0.171722184200006,-0.209723237555054,-0.294683353809402,-0.380471333061116,-0.339253205760777,-0.293192528717863,-0.295954271696261,-0.235730782805519,-0.180614903822472,-0.194081807463871,-0.190788163619238,-0.196058915760224,-0.151676526322331,-0.107241973716224,-0.0485583898825127,0.0228775847604293,0.109408823902384,0.136854139532623,0.145597424948464,0.141208573794939,0.140333321118664,0.137472131237962,0.150216007973099,0.160275912324234,0.173826962359265,0.173633478402585,0.191010707511351,0.177765734914327,0.165311238689972,0.165527966246961,0.164215905369234,0.157023442924133,0.170296158421669,0.105898813932438,0.0323323392266374,-0.013778861734337,-0.064069195086924,-0.137248454994138,-0.112244249024592,-0.098855373434175,-0.174812798409744,-0.195387803891205,-0.468329286959189,-0.179761487197475,146,245,301,-0.151676526322331,0.191010707511351,0.0323323392266374,155,195,273,0.141208573794939,0.164215905369234,0.659339994470541,18.6177009055622,0.00346148721044124,-0.00283354229079847,-2.02456071603678,0.00955161854289037,0.00598298039042077,0.00710124163133477,0.00576912596069318,-301
"76",5,0.720689655172414,0.94545971757071,0.949602287408184,1.02174643694639,0.94534433361831,0.874553884230143,0.7680453769284,0.773035000367136,0.841035658103475,1.03810427231297,1.26391233345787,1.51554615782221,1.67087783138998,1.62672981966942,1.57152845148845,1.36424470448087,1.09790676707578,0.896688942154671,0.764672975101761,0.601781316455859,0.545142543775471,0.518683891072607,0.500662928745619,0.490685651167075,0.483761822554083,0.480652570936653,0.474983187377693,0.458865907809174,0.474681863797888,0.494029301700659,0.494454426366753,0.503028004783072,0.535604346934695,0.540687586280041,0.553849420129641,0.56293469115061,0.583148855928135,0.570160858233112,0.567755899785648,0.568713479214828,0.57135541258293,0.584155816657062,0.59133539324208,0.583371158969179,0.558860949279735,0.538958678695971,0.510995642414292,0.501760875223794,0.494860392071747,0.486672011434318,0.508855007093342,0.427549299051829,54,89,181,0.773035000367136,1.67087783138998,0.480652570936653,127,68,132,1.03810427231297,0.764672975101761,1.24332853233815,113.904269140111,0.0256526523149383,-0.0129372310918839,0.280149399166399,0.00499000056480844,0.0035380449650482,0.00428268802606564,0.00432001854834027,-642
"77",6,-0.473024316109422,-0.514658826208436,-0.352150340083178,-0.230164798973353,-0.100919282853971,-0.160316276243654,-0.148117888452897,-0.212124151243879,-0.335507347230656,-0.432026569124219,-0.399673924427961,-0.365616444326204,-0.325417498015816,-0.317005326603248,-0.313948453641791,-0.324255822117088,-0.350491573221648,-0.367193487235366,-0.360496594903099,-0.342696016754716,-0.378501568730081,-0.363349178079565,-0.323918945614479,-0.268495011936311,-0.283059932954364,-0.252547071091823,-0.286027604846727,-0.333862579418393,-0.398602970083203,-0.327344434736857,-0.335204420757283,-0.342615464769472,-0.319024765238313,-0.29478803933349,-0.345301909287751,-0.289230222668748,-0.249192594452068,-0.155180104766439,-0.0933874658282152,-0.0715770509442741,-0.0757660251721606,-0.0817809095783184,-0.188639612071676,-0.25184371973864,-0.281847017373885,-0.305940745964063,-0.314215240670905,-0.364402793791701,-0.397020449688832,-0.411678225137469,-0.500011550308454,-0.330094668659691,160,280,315,-0.323918945614479,-0.0715770509442741,-0.281847017373885,155,223,294,-0.342615464769472,-0.0817809095783184,0.443081775264162,-35.20316278117,0.00210284912225171,-0.00600771332656032,0.686764188604596,0.0122390519987546,0.00952603645205735,0.0110828770794139,0.0114835427874298,1102
"78",1,-0.224247685185185,-0.187791349032165,0.0355950998838179,0.122252130752344,0.20149558656556,0.209489015488418,0.207813477618679,0.206189444096404,0.209581451511797,0.185602904704119,0.134673144786651,0.0833726585046279,0.0351096709109269,-0.00820270982740873,-0.0145264261856797,0.0139042154049878,0.046115466453721,0.0768371798817035,0.0997388208007451,0.117054695641972,0.139397759953232,0.168071359152682,0.204937415266261,0.238304560265543,0.254286388798435,0.281094246220125,0.289006931035072,0.274585700557639,0.290579727644771,0.305448402448918,0.297259099279177,0.325284587954288,0.529266785904611,0.735866029303218,0.988275026918627,1.28888463265557,1.56176232880756,1.66995030633375,1.73197343190902,1.73310302510758,1.38928413676994,0.982010699085297,0.857158826383448,0.652933763872294,0.359240791967542,0.36667118661228,0.455227806281065,0.279689170940205,0.20685704946891,0.161238353316824,0.328575592527154,-0.131118881118881,160,280,315,0.204937415266261,1.73310302510758,0.359240791967542,155,223,294,0.325284587954288,0.982010699085297,1.95735071029276,114.476966854413,0.0127347134153443,-0.0392532066611439,0.558841612691443,0.00757738028892715,0.00747108804454005,0.00736740356379824,0.00705374235792752,1042
"79",3,0.372321104249909,0.417565890020102,0.384099992929502,0.385331609592058,0.368689329573172,0.358424640798214,0.34082695689311,0.326289696989294,0.319666315073035,0.317272849074523,0.325665447428215,0.359972707244907,0.379294326336932,0.449714081645387,0.475855823022203,0.479159169544667,0.495457672528849,0.524754334804048,0.501197331992984,0.569972800024189,0.652596601568463,0.724920595922584,0.762742839981496,0.830211527543735,0.865186035914604,0.891413071610257,0.872259433252218,0.913167594295025,0.948757864153154,0.979394304335109,0.961680271809188,0.946341127656821,0.941475072978685,0.894948653405247,0.832707597152803,0.849746930664743,0.866829372957034,0.925697839707556,0.960391097609992,0.987987892752926,0.945638866773878,0.960999702571107,0.915090850644968,0.840989761209922,0.810518664094542,0.818504661239889,0.749196885160412,0.628782440798768,0.585422951571686,0.493777024640939,0.448502125904533,0.341221523959152,146,280,322,0.652596601568463,0.987987892752926,0.818504661239889,176,216,301,0.961680271809188,0.915090850644968,0.670715043678403,145.493469498202,0.00250292008346614,-0.00403531503602469,-0.693990008804668,0.00722561852070528,0.00597030899859327,0.00671791297943935,0.00695781141901951,981
"80",7,0.582844168789456,0.555523111134846,0.442534018284024,0.401451701674226,0.3893874353421,0.388668929770275,0.443855803730744,0.445240123085838,0.418623489871771,0.4191126947349,0.376387106284914,0.333942306155599,0.343679221565369,0.387075385580828,0.379630972448119,0.421012713954874,0.473023927466373,0.505735884276041,0.51619038692714,0.626049263806475,0.633412000172171,0.730991402059563,0.862013466473394,0.963933376700967,0.923487412685406,0.923294415627113,0.835085139048927,0.716650342556408,0.641076696708007,0.612043048267727,0.633757804703543,0.632416148374983,0.629709016402952,0.615999400323803,0.630015063603546,0.636554397334318,0.647211071105633,0.669997094765086,0.689726428268177,0.711678507563835,0.693607958652982,0.675479091558629,0.635287049059021,0.598403348352372,0.523364533291863,0.490744242229011,0.466246834557641,0.452091914272957,0.435312110320314,0.432851565228995,0.407115138722034,0.454663972361645,117,167,287,0.473023927466373,0.963933376700967,0.693607958652982,170,139,230,0.626049263806475,0.629709016402952,0.629991070545368,108.271251234811,0.00981818898469187,-0.00225271181706654,0.843234065547811,0.00992077745168967,0.00913775022802352,0.00955700340499591,0.00961248253527454,804
"81",6,-0.18367946708464,-0.18367946708464,-0.24282847965702,-0.277529662570938,-0.314341829978625,-0.353465202149073,-0.380042635737356,-0.419657303333612,-0.424825013404019,-0.450193973100947,-0.42196796375044,-0.337162472940551,-0.242559387349918,-0.224600510775917,-0.168117141674485,-0.158312841234413,-0.186755941032331,-0.209725594777347,-0.185012359834859,-0.174031931810033,-0.159863637584452,-0.14168099332829,-0.118303307856081,-0.089966719404918,-0.0598590941755579,-0.0279804321680001,0.00389822983955772,0.0304882622729712,0.0297618688267887,0.0131695866581733,-0.0342811949464334,-0.0831434016594814,-0.126501309811262,-0.146666040684495,-0.153317094658145,-0.113069914090834,-0.0887980255572744,-0.0902465175075429,-0.121912989374529,-0.136622461260072,-0.188020136922034,-0.235483036011523,-0.27244116740816,-0.286962007622616,-0.300307131995751,-0.294523482387657,-0.316577039505247,-0.323377261666304,-0.273552383945749,-0.334928286256136,-0.11424822556951,-0.570097164386278,132,195,287,-0.185012359834859,0.0304882622729712,-0.188020136922034,155,160,237,-0.118303307856081,-0.146666040684495,0.600585426659249,-11.5851910198853,0.00342064479536238,-0.00237509129559788,0.551340258925478,0.0023209263027582,0.00125563717022203,0.00164318414070254,0.0013529889491274,923
"82",2,0.140343301306272,0.140343301306272,0.148881752326247,0.171469897026663,0.182312663243486,0.187486183158117,0.181278159179448,0.120111413524624,-0.00572524755215409,-0.0962830371053481,-0.205118354684138,-0.201119251345339,-0.14311573135768,-0.0436972326065601,0.0320306544868534,0.133710903703231,0.131557309638846,0.127566311549869,0.127608133674341,0.12367579428328,0.126037676637168,0.122392666937231,0.113219285331758,0.113154941657285,0.113067562580822,0.104905381984639,0.102982047710264,0.111239005288285,0.114180406634088,0.11694161186427,0.117418378972579,0.118257922941397,0.112182834812167,0.125071813070467,0.137696279083409,0.145481584875614,0.192541495973341,0.212673237178691,0.203686786393309,0.201723785468043,0.208863596838514,0.168650804391625,0.165276087389139,0.207307998965001,0.205706969793527,0.200203459754386,0.203972833477341,0.204313365035158,0.167310686620438,0.171673537938576,0.180446415329375,0.181231490076471,188,266,315,0.102982047710264,0.212673237178691,0.205706969793527,127,230,287,0.112182834812167,0.208863596838514,0.417791591862829,17.63082494217,0.00140629730087728,-0.000142168722146212,0.227648778445257,0.00591687670094173,0.0037317611898775,0.00487298036803346,0.00497030321328116,1621
"83",5,0.980027621374695,1.05157667579875,1.1118875460192,1.18712696342481,1.21249133086492,1.31724049380893,1.3050505897937,1.26416866591896,1.32892998807555,1.38622326175097,1.42237221966956,1.48177518754719,1.55443616335531,1.39120516064654,1.3185513244546,1.26660225246675,1.04265142499405,0.850102998892841,0.777384948014946,0.697339805720397,0.497219249001933,0.460062187208604,0.454888574880746,0.41921787173256,0.347343712229012,0.33035801051183,0.350718265727027,0.343851895460047,0.344502987105424,0.350098690818598,0.389571193200632,0.396281333100112,0.38174444854986,0.388709142296806,0.397690942038331,0.373926334198383,0.35498749851855,0.3663619484184,0.369814906303013,0.379965886025814,0.393653439696852,0.395670205149602,0.395615199321645,0.385281571004471,0.35858449554719,0.365164552997159,0.442383941461756,0.531481630700102,0.688115707549682,0.730029530367195,1.10877849455818,0.541725344114841,40,89,167,1.31724049380893,1.55443616335531,0.41921787173256,127,61,125,1.32892998807555,0.850102998892841,1.22407815284348,124.279338152331,0.00484072794992623,-0.0145540806618301,-0.588017037177697,0.0113554531063627,0.0110827025295083,0.0101368005038541,0.00797224587569144,2335
"84",5,1.49254788620651,1.45153199402792,1.37714662703438,1.42069848123382,1.44882821125688,1.54592475631729,1.65975699321705,1.67680717553835,1.61265784381822,1.58988299261456,1.53646856417495,1.48529470359697,1.48561481445549,1.51150363204109,1.42051171375914,1.23609212170066,1.03539407551523,0.848104680340847,0.639157517290901,0.551907237765024,0.496874445429435,0.46927055272936,0.428890831456038,0.402448390866743,0.372932431172791,0.357330192860194,0.356365420965585,0.3989507607471,0.396699032752574,0.393352438889027,0.41124577129195,0.40990799540157,0.365766300531043,0.371841973230222,0.368254587512732,0.355362729831588,0.34869214784575,0.386748833122894,0.391876637728185,0.392222657767763,0.406218558029633,0.415964859356757,0.396970283828836,0.390749081848126,0.384365149660843,0.383178144116557,0.385444749255349,0.528583692801303,0.657714180874563,0.67963729197562,1.00136174534729,0.484271697477576,33,54,160,1.44882821125688,1.67680717553835,0.428890831456038,127,40,110,1.54592475631729,1.23609212170066,1.3281150276926,139.497132538397,0.0108561411562609,-0.0117727956988898,-0.688613343404208,0.00616798789117997,0.00608056824034804,0.00494967436239218,0.00260046695564853,2159
"85",5,0.788493134608614,0.821773872111674,0.940863454038867,1.04007075715127,1.10591828433448,1.17651227973833,1.19791417047256,1.23970367537997,1.27057652322363,1.33174326745735,1.4078902136343,1.50327036012393,1.56313632860115,1.59016736407138,1.56301012875072,1.42465374286581,1.21403511931149,1.00252179281681,0.791252766132783,0.650480202859109,0.545996747930549,0.49095128277205,0.442884180957473,0.408298947371489,0.358635244917317,0.348412046674964,0.348576264727492,0.370486496443112,0.378107871847559,0.377169507786051,0.407029746988985,0.412084921844357,0.406144372483626,0.404875445709312,0.426252537722378,0.405140440712739,0.401375300104858,0.399863268411767,0.404631739050965,0.392760510258496,0.402116330301233,0.41328625690029,0.423840377018165,0.419244668801873,0.410019227024114,0.399654150872053,0.384863679814517,0.405247068359509,0.486333800790491,0.480957940720193,0.782837482810177,0.338708710508962,47,96,174,1.19791417047256,1.59016736407138,0.358635244917317,127,68,132,1.33174326745735,0.791252766132783,1.25145865356242,124.424277786254,0.00800516721630247,-0.015788873322488,-0.409269279810774,0.00434995945825249,0.00423344566499216,0.00376487407244863,0.00271121709410124,4201
"86",4,0.746169093542731,0.746169093542731,0.746169093542731,0.737818821509177,0.723954797999259,0.677764966473418,0.635706336126791,0.630428132576713,0.662850009776621,0.704370930718997,0.807514202665379,0.929996874289087,1.01222050094849,1.11637853770537,1.11673028025617,1.10731553544254,1.12498250853661,1.12150677357533,1.0621006571387,1.1171163113368,1.12260950247963,1.06220478938058,1.03242215609749,1.02864011573115,0.989733063710563,0.975889768339677,1.00798602259174,0.982298674665235,0.975424222625191,0.98716385790726,1.00016846971668,0.968410462534638,0.988375623932464,0.987039114602142,0.986833822052289,0.956450876845562,0.987529742758999,1.01469314311458,1.01535332051475,1.00058914457596,0.991063994243264,0.911300800633942,0.829304758928053,0.754708324635576,0.696414601324176,0.666547840276154,0.662659492886578,0.672291153410189,0.685816781188639,0.711655585025962,0.728268566722932,0.788331540943309,75,117,230,0.807514202665379,1.12498250853661,0.988375623932464,155,96,174,1.11637853770537,0.989733063710563,0.4945543759599,147.367912557235,0.00755876918741034,-0.00120891048322256,0.112026340348168,0.00888820849750848,0.00863656931861565,0.00810950255026056,0.00680372983465757,566
"87",5,0.729159109047377,0.769936714375065,0.858902099714893,0.898395781473012,0.902819750967163,0.984996191566597,0.953792744204846,1.01645318816776,1.15992251465295,1.22285707381933,1.3543912016074,1.52711026415048,1.57801561362881,1.56098407441076,1.61902816495041,1.49303885465549,1.25809747024145,1.06645250867216,0.897062080144194,0.786513900954843,0.680561994507916,0.647823700722215,0.626222908878169,0.587896499879429,0.506546576871257,0.470598579855486,0.428898251170565,0.386583494255154,0.349800392813197,0.335105951018504,0.352218832404556,0.349353433408382,0.3456469552601,0.337088728954928,0.343321380784161,0.318133418666933,0.325637120243184,0.322220682214434,0.335855570083344,0.332624474069333,0.338939929929444,0.334875803974054,0.3412766677076,0.337279189255972,0.325672049558071,0.347174338060434,0.423755827312192,0.462622914427683,0.575605992604998,0.588637347932015,0.906628065777479,0.386115947636551,47,103,181,0.953792744204846,1.61902816495041,0.470598579855486,134,75,139,1.3543912016074,0.786513900954843,1.30089474628348,132.954625948225,0.011879203941885,-0.0147234562191657,-0.0624614125446945,0.00704663947857761,0.00664714715313143,0.00628411567005506,0.00515856037845615,25907
"88",5,0.821618907855102,1.33361210214913,1.1541242317833,1.19075778288538,1.1701080530528,1.05971542212319,1.12677924687035,1.14515187677229,1.13654799852927,1.14636854534519,1.174534062639,1.20778117176076,1.28555817650335,1.41259763075189,1.44518738506354,1.43074257641055,1.36873173901768,1.20668068741845,1.02751628390766,0.877795129767871,0.798763106435711,0.699532811607993,0.634052791995146,0.626028218287754,0.601128025592518,0.555846350005908,0.570587179369382,0.569317489893701,0.557867697496002,0.557373439173302,0.566064689108714,0.536386257429652,0.561905898192631,0.572358111130991,0.578871584739092,0.573752607525883,0.622689225770569,0.639005828533225,0.622858207328355,0.597156176871357,0.643471745673133,0.656060031808783,0.675146405959616,0.698189389806687,0.733141787568401,0.699470391618181,0.66545378803836,0.657685891294963,0.673730526646085,0.639315629347635,0.770731749972113,0.473581650907232,61,103,181,1.13654799852927,1.44518738506354,0.555846350005908,120,82,139,1.20778117176076,0.877795129767871,0.971605734156303,113.772456612472,0.00734855682224448,-0.0114018081417644,-0.280827597845217,0.00783227462421693,0.0057293374036408,0.00625675370877774,0.00520864909847549,560
"89",5,1.05954465849387,1.07626039153149,1.10252797201919,1.1311835143694,1.16151063002337,1.16160394626398,1.14764927434566,1.1543101942196,1.10374760838814,1.09221754059187,1.08111628516751,1.0963578264612,1.10611718106184,1.15773540457616,1.14584988970398,1.1190436826561,1.02600993247043,0.915257996406498,0.806047305448641,0.725369049870732,0.681795396531559,0.683692228188205,0.67745666543421,0.694415499416978,0.703887126166078,0.705563598914978,0.699179246040401,0.724419817581415,0.700721441840393,0.663591174888148,0.669478679570587,0.665201061092301,0.642357603186595,0.634396104207632,0.666967898854226,0.638158393902158,0.633651071713942,0.633897964356335,0.651960552308929,0.648739108675644,0.668475953674148,0.72411779220299,0.779743585931702,0.806360077136972,0.822449318344551,0.842895731792435,0.818582945517636,0.782955175245515,0.772699963295731,0.765565902808925,0.760661236224245,0.760661236224245,19,40,181,1.10252797201919,1.16160394626398,0.705563598914978,162,26,110,1.1311835143694,1.1190436826561,0.527952874550036,145.554505966899,0.00281314163070437,-0.00323432870460284,-0.641421423982672,0.00497358686313923,0.00497358686313923,0.00408889304338173,0.00231950540386674,989
"90",8,0.70974814481673,0.705094053522397,0.665546943616663,0.667103071098915,0.661269901318316,0.708848991558141,0.785899957046703,0.880357212258441,0.918479575504468,0.997249466647352,1.00830433822802,1.05121093815887,1.08710450957911,1.18652268311476,1.21681951322005,1.23283518730714,1.18725248751626,1.10403972181626,0.961524332292559,0.883027788376749,0.784860829837374,0.685491316793233,0.604877456884994,0.577984908912005,0.503398604001443,0.43876529849104,0.456989000973339,0.496620558396312,0.477789214294888,0.505336439962842,0.529456350658298,0.510407455168418,0.467425087246144,0.488789501411872,0.471944911841366,0.454756665214669,0.470560963651236,0.485073548841417,0.474933778777213,0.479244849861888,0.511919911549302,0.504156149701886,0.517761202160455,0.516363991619676,0.501185592619201,0.496818597994099,0.483327847146232,0.494753800824093,0.510076453659029,0.502568424794578,0.589785490124159,0.417483963314425,68,110,202,0.997249466647352,1.23283518730714,0.477789214294888,134,89,153,1.08710450957911,0.685491316793233,0.815351223992718,104.151815283778,0.00560918382523312,-0.00820702144578538,-0.173419305922681,0.00727990024395116,0.00667742500839317,0.00609696486835736,0.00433356935272774,2835
"91",5,0.721386611580918,0.804853160845456,0.890698544315714,0.978412747423259,0.987871541726708,1.06785632887292,1.03484113351526,1.06854138607393,1.09855800903661,1.1229158573181,1.15961994345,1.21660177003109,1.18372065845575,1.15352971667737,1.10438914278449,0.988715717457471,0.803909492386944,0.679859094698595,0.516946647843253,0.441115431074031,0.36900455738997,0.347639366420459,0.332080985992992,0.329840951523987,0.322947923316033,0.318591429168287,0.312802823447332,0.311886350066887,0.318853146248462,0.323020390820959,0.331272765601797,0.33736220642995,0.337508096266756,0.329482765843451,0.349040640279141,0.337224574445815,0.337308293049664,0.356900190550161,0.368523041533332,0.347286320100239,0.373055826979745,0.381797588750853,0.3848686362686,0.378231827331322,0.383870082280741,0.374706179310814,0.383925268725284,0.408823187930297,0.521492794788509,0.530349150338155,0.916309199730256,0.39952731979067,40,82,167,1.06785632887292,1.21660177003109,0.329840951523987,127,61,125,1.09855800903661,0.679859094698595,0.904715419964207,98.311579249508,0.00354155812281379,-0.0104324802177307,-0.559059928439915,0.00684800753034198,0.00628162777404,0.00616404813400629,0.00536250909763689,2836
"92",8,0.561595207720894,0.580934112224223,0.592859770001276,0.605752373003495,0.610684161823245,0.652013062059943,0.688369345051032,0.772800335602431,0.85540898056291,0.917501440071391,0.965075670565883,1.03754710927451,1.04066182488728,1.02069863701369,1.09117922350785,1.11185750155494,1.05322209301681,0.99437735856777,0.971375626262628,0.856719487139564,0.772270304193989,0.73922405343283,0.723022530262481,0.68490180205106,0.672907738304851,0.651335245765333,0.636412640341828,0.622941039550786,0.61456245834078,0.614160889130466,0.610001358537114,0.598573776690329,0.574124779314275,0.568470657300119,0.557972033977291,0.534172929200892,0.530648498590184,0.54253943406348,0.546870740224554,0.528646811500165,0.54391965867752,0.544827065965487,0.546162366937055,0.526235591515205,0.516628070489179,0.489930240217904,0.471107118431411,0.441652301378084,0.459471198089063,0.450965241558518,0.574626826713829,0.399019277919331,47,110,216,0.688369345051032,1.11185750155494,0.610001358537114,169,75,160,0.965075670565883,0.723022530262481,0.712838223635611,132.110583365042,0.0067220342302208,-0.00473449191526253,0.0612778541620758,0.00337051935922346,0.00336784989002005,0.00301176932040522,0.00229693871197217,1833
"93",4,0.621045230841341,0.697816681004025,0.648898525606776,0.699967078777775,0.68893110750289,0.7856813571632,0.819664380427221,0.889429706450689,0.994623637360532,1.06470515857518,1.14151897138835,1.26083318153665,1.26729173365438,1.25716394244421,1.34014282204642,1.35070572344277,1.34438265580376,1.40173262109119,1.3760457396016,1.30080525156647,1.25585874484351,1.13232731839452,1.0734439620579,1.01101256984055,0.935661995673192,0.850002032288143,0.840690303796303,0.762045997876067,0.758837987997835,0.789118526665047,0.828473953168862,0.845449361432362,0.913400855073365,0.921941995242895,1.00657539414867,0.950830575125883,0.98985326774019,1.0601952765812,1.03252249446359,0.957782196678247,0.992598069231988,0.947473282809531,0.837155964813605,0.822601939427171,0.783598811102656,0.731769219078207,0.671499233925156,0.645411258318496,0.63307748444436,0.596687878504779,0.664990071225579,0.478888045319161,54,125,273,0.889429706450689,1.40173262109119,1.03252249446359,219,89,202,1.26729173365438,0.758837987997835,0.922844575772031,219.325151029553,0.00721553400902118,-0.00249466301775404,0.142859464460984,0.0223680137717872,0.0215912090820547,0.0209983542271833,0.0190358398277081,579
"94",9,0.552187093980078,0.480408814997042,0.436145542957504,0.418907545388827,0.398908475651818,0.406744229149712,0.423294908116497,0.4848073152385,0.516021696768914,0.587256472568079,0.635158197582158,0.714891440998221,0.73525760393718,0.817893107805006,0.830454916031796,0.830843538028245,0.809010494842942,0.845798357305078,0.876221089773829,0.953880122853389,1.05440962281528,1.14278479754248,1.23435715205496,1.28785344609312,1.29285224749261,1.36126043758975,1.47886753903839,1.40593580517135,1.42277645568307,1.4492350409826,1.43344957799852,1.31616147352182,1.36488687082056,1.30343267350183,1.30022999466339,1.22270870631142,1.24504969325222,1.20858647648228,1.22012698463073,1.18159324027909,1.12519823074581,1.01306964469541,0.92337087150501,0.7863076654091,0.674365698620804,0.60639701989719,0.554389806664662,0.521452339744305,0.495721232792179,0.475504907129532,0.475504907129532,0.475504907129532,110,188,287,0.830843538028245,1.47886753903839,1.12519823074581,177,146,237,1.05440962281528,1.30343267350183,1.07995906338657,201.042400792134,0.00830800001295059,-0.00357241725548059,-0.865679032203868,0.0155220124081035,0.0142816868368671,0.0150415219355381,0.0153208665616437,1161
"95",5,1.20058549954323,1.21401298183209,1.32821640875883,1.41889920917414,1.4521845605897,1.54895550584191,1.60769823337918,1.64335367940718,1.64933150999846,1.70941116751431,1.72128484644333,1.7811567370824,1.81953515087134,1.86026728595204,1.80616429916528,1.60858676048378,1.35843339669435,1.10679204344766,0.855305553768486,0.73476198573588,0.653401208159464,0.602421267007143,0.552977545956206,0.507897112609967,0.424474649510752,0.403089075242299,0.383420486112668,0.38484097404218,0.383094579084008,0.379628680168182,0.398968848277574,0.398604643888627,0.395290044168264,0.401976164738701,0.420126082861739,0.399362728368584,0.414001994379707,0.420990284650364,0.423585454526349,0.411139583518657,0.427362992607302,0.418173967285855,0.41963789793139,0.409270085778117,0.403406227472616,0.394634981834034,0.421065616103662,0.528885433450513,0.661601438566084,0.693271562299865,1.0541301571053,0.530715005035247,47,96,181,1.60769823337918,1.86026728595204,0.403089075242299,134,68,139,1.70941116751431,0.73476198573588,1.48063860578386,150.764106967514,0.00515447046067056,-0.0171432730671734,-0.293278890428242,0.00770317699882006,0.00767352457461524,0.00709958014134182,0.00592203885059016,2761
"96",5,1.02669582725821,1.1106584293691,1.25462043192442,1.2767948237875,1.35411174589454,1.41202015249889,1.43052908876707,1.50849585026928,1.6633629462209,1.70593404653078,1.76891883810176,1.84572794118973,1.8553687604602,1.82496670650944,1.83669211281949,1.80547481373586,1.678195292726,1.52873026522667,1.34906138191296,1.17988151055165,0.920766820899281,0.740290809273143,0.626017449218599,0.55619268422047,0.456485864940476,0.436885751952234,0.419635071648881,0.416413411415166,0.40178536424897,0.380200167461117,0.420977439260302,0.431769870421575,0.432092549165104,0.444611546700271,0.498918007592832,0.480093683858472,0.500653559659501,0.510995647240514,0.500096288993113,0.442357991447162,0.444306610335046,0.406721122883463,0.371848311045181,0.337240421713931,0.330925334424477,0.304489017289692,0.320081165060331,0.414756772055487,0.538179409940871,0.584615698673504,0.891456458397132,0.499812959807141,40,89,181,1.41202015249889,1.8553687604602,0.436885751952234,141,61,132,1.6633629462209,1.34906138191296,1.55087974317051,178.966562726016,0.00904793077472066,-0.0154182935707388,-0.776556318200394,0.00601087050232836,0.00583958452782988,0.00509169187640749,0.00342462059906424,2117
"97",4,0.589716031225252,0.646372807503864,0.663783905639682,0.721526772746773,0.744833963772735,0.760887884046125,0.767822268965009,0.844649011480315,0.935945097437999,1.0284722963645,1.16475617625259,1.3515923820332,1.39147737121927,1.46414357595608,1.43307630336411,1.28938631778941,1.09727582384457,0.977288048462382,0.77922800913888,0.744604380490291,0.716354201544876,0.7114535279498,0.692044446170906,0.680407294977033,0.642920637026072,0.635817772330469,0.660720445713828,0.713481981619403,0.71985808764513,0.723546054829656,0.80113026645625,0.826616928338403,0.837916904271159,0.885528853585601,0.929411167005468,0.896582913853281,0.900128840422976,0.894102893395793,0.858242023202684,0.829965715371674,0.813769594467394,0.780161739878314,0.75148114473483,0.735955917063036,0.700671612733763,0.677540077868482,0.637261955299042,0.608924511161728,0.59192204467934,0.581531648495658,0.577753322610683,0.577753322610683,47,96,266,0.767822268965009,1.46414357595608,0.894102893395793,219,68,181,1.0284722963645,0.635817772330469,0.886390253345399,188.168735287805,0.0142106389181852,-0.00335318048564876,0.956379371402303,0.011082424929568,0.0110243792400058,0.0103875394951797,0.00905581431596538,505
"98",8,0.371340724060281,0.467544238292277,0.536132910059513,0.517156318770396,0.526826172497708,0.433441730082572,0.390350836557891,0.385574804539943,0.418620685140424,0.395650180870429,0.476145127487925,0.616395344194038,0.672332461041988,0.839366927745015,0.890188364859584,1.00011610868995,0.841610347391772,0.726539955400053,0.55589026745037,0.592471454207231,0.400294376041972,0.461784474663097,0.466793106702459,0.456182796036592,0.406004416911652,0.419019365443944,0.428220320870271,0.497763313760611,0.507125401456878,0.498697904555351,0.599512611301371,0.631444169283407,0.606599174418014,0.616881612176981,0.687854019566592,0.59638340618535,0.568355783060303,0.650972646513398,0.665692211509013,0.62900280090562,0.611825295564782,0.547381263157162,0.500890374176465,0.464299739425471,0.39732143945671,0.417408843588941,0.464453788825311,0.414112904947924,0.452196474199245,0.474040993075215,0.54984463581036,0.490770803270803,68,110,245,0.395650180870429,1.00011610868995,0.687854019566592,177,89,174,0.672332461041988,0.406004416911652,0.628775384629665,96.4101373772024,0.0143920459004647,-0.00231305251202485,0.938240163626354,0.0336967980904109,0.0323269616879829,0.0307070081687108,0.0260972647277386,559
"99",5,0.629538995895169,0.629151726898842,0.829851067073896,0.879572387127936,0.947365726813168,0.982179197946922,0.929239928738762,0.978622565412581,1.0903871546503,1.10891401109101,1.22880134285685,1.35686382312823,1.39444504517219,1.41038391434819,1.38917206103212,1.34730851723505,1.1738033986077,0.991030148979491,0.805271681557648,0.765549455505356,0.604221595936575,0.571514527528986,0.531501350810125,0.4952045574136,0.439510679211205,0.41663554319489,0.410483146590051,0.430820768930593,0.423057430166019,0.412179082294749,0.429894718933171,0.434370610763109,0.403087276404503,0.401937359518811,0.402453128160635,0.389172477793841,0.371819783926809,0.388574763328525,0.402697674837172,0.413739168561032,0.42750213298414,0.436522775499943,0.448300116460042,0.44063299230488,0.419229163956875,0.419645508208281,0.415425097962431,0.40546321086343,0.479007361997687,0.473621511891901,0.76181999832951,0.347059099877854,54,96,188,0.978622565412581,1.41038391434819,0.410483146590051,134,75,139,1.22880134285685,0.765549455505356,1.06332481447033,115.651468989152,0.0102800321175145,-0.0108684866060667,-0.147848645940288,0.00920550666769179,0.0081189758168619,0.00801395103891073,0.00671737063217849,916
"100",5,1.5363919569527,1.33211736118775,1.46554449199125,1.54938223084727,1.58104846744841,1.66639449442215,1.63235185292275,1.60331865644932,1.49269561620131,1.46718247276681,1.45150858583763,1.41432956366499,1.36248499893548,1.35060934197609,1.21280337208438,1.01703100753525,0.82362870672785,0.675050902950893,0.485094265703815,0.438656018322083,0.416106993953455,0.401614606621279,0.379560900239195,0.365797557740083,0.343756724378605,0.326682098102383,0.316833146629216,0.327267196827521,0.33623550766774,0.338879497821601,0.342276569195527,0.342055232728139,0.33749131950472,0.330055834224187,0.337422767026578,0.341187235144499,0.350135206784216,0.359397114864049,0.366044794940658,0.370919813483417,0.38159889538598,0.392513027114792,0.401087446462743,0.406808203000569,0.411621879372232,0.431403335919629,0.455873531221035,0.533640370492567,0.732750282048092,0.766943404014506,1.38954313511312,0.600921273031826,26,40,132,1.54938223084727,1.66639449442215,0.485094265703815,106,33,89,1.58104846744841,1.36248499893548,1.34956134779294,124.106058287905,0.00835801882677713,-0.0128402198773732,-1.03164021248708,0.00492509685866039,0.00440820299676628,0.00393392367735871,0.00246847117664945,1532
"101",5,1.05502054836533,0.880226934285999,0.832621630442728,0.850461948790566,0.898162265843718,1.03427672249579,1.13085461472933,1.22869815392999,1.28227941703359,1.38351589337287,1.47062086483817,1.49997127075028,1.57075603517677,1.53395302104837,1.4721155893331,1.45051332028733,1.3426593499696,1.17469410465879,1.07934658440478,1.0346658349062,0.865897738598938,0.816478498722258,0.87765916290266,0.873886439407954,0.789050336230689,0.754557130890003,0.765506138283172,0.666617076760194,0.639217175693472,0.628449093812966,0.666068295572358,0.639208055926555,0.641344068005782,0.640940268767456,0.65790186516002,0.611440944577204,0.617981160574469,0.624236873549999,0.621772365917469,0.604509506334596,0.616432916103697,0.605767816932693,0.586125631509508,0.575399997196206,0.556203371867775,0.537164365975925,0.517975292622554,0.549720983012723,0.584626903152866,0.564334036244278,0.702072555683266,0.415345292753349,54,89,195,1.22869815392999,1.57075603517677,0.666617076760194,141,68,139,1.38351589337287,1.0346658349062,1.15541074242343,148.358314399414,0.00977308232133662,-0.00852961281525076,-0.0579975584884089,0.00783742046478319,0.00739874876949027,0.00711137764049156,0.00609796368720122,661
"102",5,1.05538962077977,1.03559323948069,1.1095323689113,1.18931536590928,1.21975720046388,1.36579301002201,1.34547563662389,1.31245089596282,1.35621111139912,1.39832849579769,1.39109426653897,1.38157823978458,1.44138703060148,1.296355179063,1.23662997904351,1.25432343602492,1.09368273401982,0.909883817649764,0.82009693991583,0.737961863315482,0.499882107150025,0.462161148692861,0.450683200798442,0.416293957842586,0.345771540801466,0.330336512028013,0.348221775185319,0.343145781957172,0.344822490346682,0.347218486033352,0.382942330795185,0.379422518705515,0.370883157160659,0.374874840354701,0.391052515679134,0.373250379689207,0.366558601212626,0.375922173925078,0.37918187851021,0.374153141356418,0.373498877985723,0.368956880191302,0.35810860159123,0.350524696572128,0.336484881234959,0.343621306779785,0.419627762948901,0.529248382534566,0.684792382425658,0.729986142485365,1.1115067770132,0.559970258841024,40,89,195,1.36579301002201,1.44138703060148,0.343145781957172,155,61,139,1.35621111139912,0.737961863315482,1.11105051857346,133.87551141218,0.00154273511386658,-0.0103607664966444,-0.291169621783453,0.0124007410793185,0.0117121669850159,0.0111094659257953,0.00921548971305161,2408
"103",5,1.46493811254774,1.54394271138411,1.51770317585273,1.60106938029491,1.65725977842931,1.75966081007727,1.72563734202019,1.71771584172409,1.67980987929966,1.63922750186483,1.63881963137654,1.67497640862538,1.70227322053284,1.7242959644473,1.58490830215509,1.35725763834058,1.09413782179078,0.851775032938386,0.574097581110551,0.512309756833519,0.45962579298395,0.442784473530668,0.420857510181109,0.410788810682321,0.367010275865648,0.35456107910345,0.354868624747969,0.378253916250912,0.378138132732361,0.372553046012986,0.394612890569839,0.393782814575547,0.373235693995426,0.372487891342487,0.378147464386531,0.36639561565317,0.36038817462166,0.385298488113945,0.392251571076968,0.388245279188562,0.403825439037592,0.402778659996455,0.392093635797024,0.392443373118019,0.404503685265905,0.420083340846074,0.456911633819217,0.586233410893216,0.798630966468598,0.822801592659383,1.45780623401521,0.55870837182702,19,40,153,1.51770317585273,1.75966081007727,0.442784473530668,134,26,96,1.60106938029491,1.7242959644473,1.40509973097382,168.444527114805,0.0115217921059304,-0.0116537728897929,-1.11428835958744,0.00962170087428093,0.00959181524802219,0.00808537289007276,0.00504260254791516,2242
"104",8,0.596069015578759,0.667931596948172,0.739288485682181,0.767092480926079,0.841761178030664,0.809136299789495,0.867302785407071,0.906814847329133,0.93581465072966,0.978075270948796,1.04421906965585,1.08340674731649,1.16350678547683,1.23355512041264,1.20983669628834,1.26582720426314,1.24667164508982,1.1312071490602,1.05762926221277,1.00719512667841,0.878560674862839,0.807922723174733,0.75929021245543,0.724166802754025,0.661526734063843,0.648660619530988,0.638469208265373,0.613486009759376,0.625728706902448,0.635355540954641,0.627334321693273,0.616868515784422,0.646997918290471,0.634410609096759,0.63603271855613,0.632754366484277,0.651329797671546,0.631383246645898,0.62152682136771,0.603143348105461,0.628032093365843,0.638928179864389,0.642379854759142,0.635784393873397,0.637307179494182,0.589314996526982,0.541112594172067,0.516328422230407,0.497074586036994,0.469519606242157,0.506571528695826,0.402781422198898,54,110,237,0.906814847329133,1.26582720426314,0.634410609096759,183,82,174,1.08340674731649,0.661526734063843,0.863045782064238,151.338284421878,0.00641093494525004,-0.00497178421390848,0.209488129343892,0.00712820547339253,0.00607253967304358,0.00648427706845295,0.00625208605892273,278
"105",5,0.712066905615293,0.763181595813192,0.954890385463105,0.986770220149508,1.06981517714002,1.00785867872565,0.983389040095616,0.97535247871028,1.00842504406374,0.988046648160665,1.05215167016297,1.10059031784545,1.13934698090175,1.08699212232315,1.06893168182213,0.996836301231174,0.901162226208852,0.760311645448207,0.720504228520892,0.642008297018383,0.569634507907305,0.518030602323768,0.461622863381164,0.423023146020187,0.385155672939424,0.35897021313634,0.381566972853057,0.40610162099656,0.399128558792042,0.391267675980051,0.428735787297484,0.413733505282149,0.394225647806411,0.40522048200825,0.431762242002712,0.407627033647144,0.405997081345602,0.442432790928373,0.448302762939168,0.432588740229716,0.453384953446632,0.46581618342406,0.452406073397929,0.452846817309023,0.439458201733152,0.421133048976964,0.402050434467886,0.414582580960233,0.481550791363696,0.477961812749938,0.769522433093481,0.334341477245877,40,89,181,1.00785867872565,1.13934698090175,0.35897021313634,141,61,132,1.00842504406374,0.720504228520892,0.805005503655878,106.511438765802,0.00268343473828777,-0.00848235617136321,-0.507573889630729,0.0075922287111384,0.00738408300496561,0.00670564790050404,0.00514063198540813,877
"106",5,0.716472350680649,0.786162904066946,1.00597340726784,1.14154171487392,1.28163023569967,1.41102953977857,1.48046675802625,1.5524690274933,1.66330168573049,1.7249771485864,1.81145932014555,1.88213726404365,1.8964406798282,1.81592276481523,1.70164523295594,1.45788195471613,1.16657150012886,0.89554038376846,0.671558327917593,0.534078682738217,0.460896149422876,0.417945382418356,0.383119476121393,0.356826430341584,0.315205405654165,0.290774788760028,0.286349796501253,0.292018854405627,0.290358102250458,0.285792340931004,0.306035436664771,0.308240756815947,0.313659570182528,0.315081275929594,0.329260545957008,0.32796234875327,0.329847113362862,0.329026815443027,0.339273700426922,0.341474271292936,0.343188469063933,0.3591179269736,0.367906166179491,0.357329114347384,0.33562353847015,0.342581868960646,0.335462666668418,0.348755502298795,0.415609931908579,0.424576783305611,0.625938178446133,0.32346858931366,40,89,160,1.41102953977857,1.8964406798282,0.383119476121393,120,61,125,1.66330168573049,0.89554038376846,1.6106483388972,142.319659289541,0.00990634979693114,-0.0213143831508001,-0.606354493408347,0.0043623865686643,0.00423976287005549,0.0037795921490468,0.00273662700842061,24947
"107",8,0.581280300781637,0.581280300781637,0.649646670244874,0.605713353618949,0.627133680844455,0.574268587632833,0.509215847484885,0.535998440863674,0.674695068562233,0.66255283235264,0.816499244325685,0.999679397671367,1.07188306267184,1.15701046168,1.18842312630448,1.27169965369929,1.08301881458022,0.901253347701767,0.708449211463896,0.757763602781685,0.521611741910533,0.554995035728029,0.543350928443654,0.520293616340575,0.406481984494615,0.404287132025911,0.3821100238224,0.412296388279843,0.405897045348168,0.392236152184409,0.423315465531333,0.428927939027945,0.378923684537643,0.369369144309118,0.384039379192368,0.350280423440648,0.330511179676943,0.379501752016772,0.396447751601583,0.392733673783983,0.4161317715503,0.430213970158396,0.442217809483037,0.437649918318977,0.423192265275651,0.407542373364492,0.397138208206006,0.39097813944534,0.420157006497303,0.431598792332807,0.52944207104343,0.433644859813084,68,110,188,0.66255283235264,1.27169965369929,0.3821100238224,120,89,146,1.07188306267184,0.521611741910533,0.941188474022347,87.0662862966753,0.0145034957463488,-0.0114049952548319,0.0958744583138856,0.0216123335494854,0.0198958573754084,0.0203046190132015,0.0194056661147106,1039
"108",5,1.42573492912691,1.61011631482097,1.79444147142744,1.91619884327043,2.00265727699263,2.03195823214929,2.00935675240138,2.00655603782605,2.03437372027831,2.0453786935561,2.09573527473364,2.15681515991208,2.14924722262268,2.06233341190987,1.90471578351918,1.5821979419411,1.22564550494921,0.904944608560262,0.648633031924159,0.507380229704329,0.459934890695618,0.439001688640079,0.411922768078474,0.382517559556684,0.327321024968542,0.3129155345907,0.310255716391021,0.321635528348084,0.319017476028295,0.308266566136365,0.320759277757879,0.312749443414324,0.304387652398043,0.304099559845328,0.323617718780589,0.319087213074794,0.322990895670549,0.322542418392519,0.328476159212046,0.314926595108335,0.321671040783397,0.321961355067386,0.327962415811444,0.324914757471276,0.323936436426445,0.347917846487542,0.396674546146405,0.496300829177549,0.740215696674027,0.900235000840728,1.52993124676625,1.09839186413506,33,82,160,2.00265727699263,2.15681515991208,0.411922768078474,127,54,117,2.00655603782605,1.22564550494921,1.85271560006675,176.266392631255,0.0031460792432542,-0.0223704152799181,-0.698618908772455,0.00888435946416186,0.00883212197116305,0.0079880996893517,0.00624781763273018,3887
"109",8,0.416474742822048,0.504288258630561,0.535574267753437,0.523498545449286,0.523759470590015,0.498940852199975,0.464675732401621,0.502778467071408,0.589434003619499,0.589324014719345,0.691715814654142,0.839321519407824,0.857800940378972,0.975129478216401,1.0506434066946,1.11565358590728,0.998476164941134,0.943665181919662,0.807019517149524,0.788716619021419,0.650106777088547,0.661609675566164,0.648839571632946,0.627804551547147,0.593715461033216,0.579200117273465,0.579663211987089,0.585914984292564,0.594255731516819,0.587269542851014,0.629634008359797,0.643424312052501,0.587476533130733,0.554625879400863,0.575910458336234,0.524344573786444,0.49031883546493,0.559346331920417,0.593016015272287,0.597946132218681,0.619908811871667,0.61828633358863,0.616312222801949,0.623519085323993,0.620717503124378,0.624190117875182,0.625491492352829,0.615689033406959,0.59356415701938,0.574292555413043,0.558821893852809,0.606429256064293,61,110,181,0.589434003619499,1.11565358590728,0.579200117273465,120,82,146,0.839321519407824,0.650106777088547,0.699178843085232,86.7072284674447,0.0107391751487302,-0.00755568265681429,0.347237370534784,0.0144745122183727,0.0138567457689989,0.0131175403284261,0.0110213629979068,655
"110",5,0.291365000882924,0.723829113527036,0.8524978963086,0.874430551659007,0.888205796928004,0.760553295602107,0.640056649599448,0.685483455699472,0.901060421174461,0.930668303297482,1.16864151410315,1.42622420750909,1.46780043863443,1.53019534837188,1.58255579211019,1.52351715928809,1.29482051725742,1.10053398125119,0.853253928020835,0.725418355394434,0.592330270513707,0.555488688314782,0.522708950759922,0.507534027202396,0.492427726470442,0.467320557198217,0.473040046909487,0.495620160740397,0.50859092763173,0.520767006022545,0.539597242479688,0.548990736910868,0.53435615188735,0.523401917280259,0.522936345662083,0.519827516074019,0.512404102819332,0.509626782356491,0.538666042736149,0.546940596315033,0.58943679591606,0.631396657219959,0.664623255474971,0.685457922434515,0.730326571251636,0.720116289709768,0.697730168201451,0.750562219019441,0.817012975938762,0.769060956719635,1.07031885247158,0.572346052134492,61,103,174,0.901060421174461,1.58255579211019,0.492427726470442,113,82,139,1.42622420750909,0.725418355394434,1.29119079122727,106.635809466708,0.0162260802603745,-0.0153539164174612,-0.0776221852479137,0.0130421090543465,0.00936982864712963,0.0109156552254269,0.0103350279748046,1468
"111",9,1.35387275871484,1.06089603511511,0.922377973382689,0.814269984407584,0.732091907960306,0.737853894260194,0.770849305281573,0.832255816289532,0.799194475388234,0.878323865199231,0.870179387288203,0.954940160811007,0.982136267297169,1.15945994261137,1.25717747023548,1.33309404791062,1.36168294450964,1.42427514858025,1.41532303200399,1.45406166610884,1.49773383726861,1.549960425396,1.58687026564485,1.60060790211339,1.59540960662109,1.62227615494697,1.63665102345983,1.56593452407026,1.56382241570233,1.49057196781368,1.52303403486453,1.44645227533048,1.42210686804054,1.39401025818856,1.46329796735846,1.31412886647287,1.29159814134391,1.34067456282279,1.278247723778,1.13682243147339,1.12332731851316,1.02950578460864,0.993659071699177,0.960700804920242,0.936777337338926,0.918371664280738,0.956751115732504,0.986552850701266,0.984704434400394,0.953372360199901,0.921360883642646,0.698724069091225,110,188,273,1.33309404791062,1.63665102345983,1.278247723778,163,146,230,1.49773383726861,1.42210686804054,0.937926954368601,221.286769104288,0.00389175609678475,-0.0042165094080215,-0.182328329373278,0.0156882287631523,0.0133299651827099,0.0130061433202216,0.0100002360148025,1982
"112",5,0.770921174873151,0.634359255828154,0.796177181838655,0.789458783224516,0.821743042071668,0.875271800577824,0.87020330544819,0.92449220765181,1.00275598855026,1.01011071216516,1.02614904373017,1.12680373690931,1.14567699766393,1.19673574490484,1.23242684205823,1.17522141359007,1.00021208001745,0.846997079441047,0.66976797046752,0.596502646193467,0.482383923293026,0.482464825765328,0.459941007817826,0.432416134858601,0.378794885817645,0.376373194842254,0.35844127370812,0.369237005694315,0.37176761945919,0.366358924274465,0.39345168161254,0.408061299556055,0.397308495719244,0.381904979624291,0.406105769084736,0.372684253205149,0.343860395825599,0.36188491258373,0.384541982297187,0.355415703019932,0.356943140690338,0.353025480830514,0.342351089543979,0.323526353206769,0.312770209645647,0.312008825885416,0.31959352804871,0.333756328473271,0.378401346569911,0.394201725115215,0.538194158549539,0.350127037243602,54,103,202,0.92449220765181,1.23242684205823,0.37176761945919,148,75,153,1.02614904373017,0.482464825765328,0.920418016172818,103.707516652293,0.00628438029400867,-0.00869352750100045,0.0438053443454042,0.00502497204520493,0.00482164848271295,0.00457285585177002,0.00387194702739219,2717
"113",5,1.00763162808066,0.999879481596653,1.13509541033324,1.24604001224525,1.20625841147787,1.33215977214224,1.39681136618005,1.40212445580884,1.35350800000857,1.5297067072325,1.50555754163678,1.50793481899133,1.54882411117435,1.62044918004211,1.59415767565223,1.50544584230976,1.32676410596023,1.09954252723241,0.895146033524594,0.797596404379188,0.67416179925646,0.618776596764764,0.606861804208088,0.565477415398231,0.436159185345627,0.419874773520975,0.399530797271153,0.379764653081502,0.367451554462295,0.356015712098368,0.373304683198958,0.375503377197926,0.375750706556041,0.369489669320956,0.383015407702418,0.369450656985062,0.378781161410411,0.384178748042387,0.40352583015085,0.402152404422247,0.413652085395809,0.416213137953445,0.421607083033313,0.41338357590433,0.400045854872529,0.391972835763791,0.411371412672813,0.490515987909833,0.599192378525332,0.606753254348616,0.954622439093265,0.390866321342014,40,96,181,1.33215977214224,1.62044918004211,0.419874773520975,141,68,139,1.5297067072325,0.797596404379188,1.26443346794375,148.692795383999,0.00514802514106911,-0.0141244047826016,-0.483031518374965,0.0115613459064387,0.0114780320426609,0.0109523117184912,0.00981755720637393,2382
"114",8,0.602308958140492,0.638372660477924,0.628354153052256,0.657127548347787,0.662038301971369,0.663252500538978,0.669328588404494,0.677463831715347,0.683280991024659,0.681641601897789,0.723203542722317,0.781307772863314,0.803945216356414,0.878881844765149,0.928306904204506,0.921997361610205,0.874181965979071,0.861522410156528,0.790444660025379,0.781917982499833,0.744117145020393,0.736405092338702,0.702521142576729,0.662336088510544,0.628882925913253,0.625594451299649,0.641374666759327,0.634874652645927,0.643289109693631,0.599951045958655,0.630660762815087,0.591386054427754,0.592191650327579,0.568282857234767,0.614416613299844,0.568344776588931,0.564442934043277,0.559589246544342,0.565952580277465,0.519673773840387,0.526958639203752,0.518573295272422,0.530731947569063,0.53112855168909,0.546726832076969,0.534539515340405,0.5340656859078,0.530274303242267,0.537042005764563,0.543048155284064,0.583797373873407,0.582562158546103,47,103,209,0.669328588404494,0.928306904204506,0.599951045958655,162,75,153,0.723203542722317,0.736405092338702,0.409733608932084,111.097656417187,0.00462461278214307,-0.00309769677590426,0.485869109104797,0.0100100364360234,0.00996161253123232,0.00933238601464484,0.00802550907667876,812
"115",8,0.554361269803875,0.607517638956413,0.663291288612596,0.717266956639284,0.775808497207237,0.809260513384892,0.834478021624862,0.896495860616136,0.94974358474874,0.957668212354995,1.03371491152893,1.13599706651666,1.16119076023067,1.23068621944462,1.22063760794185,1.24872238498619,1.08922214093107,0.936471839174335,0.763517121711916,0.799580056628246,0.609040339948089,0.625789571868413,0.589405165896198,0.560156187557406,0.458035122055331,0.436453320552128,0.424541618605232,0.490915177564366,0.476917070234249,0.461313895870139,0.522006933948059,0.529624024666991,0.463338675758241,0.467107329217554,0.478352834823717,0.431162931470531,0.399914999068661,0.447382266327596,0.471823831412771,0.485438133594602,0.509261427890446,0.499640805801793,0.503951302014643,0.491175922913772,0.451211146934164,0.443086960807305,0.447365060948321,0.414762298944743,0.425621211292615,0.422126346947502,0.488415269970887,0.388299734880696,54,110,223,0.896495860616136,1.24872238498619,0.529624024666991,169,82,167,1.13599706651666,0.560156187557406,0.860422650105489,123.133804346699,0.00628975936375089,-0.00636370230370969,0.231122935925702,0.0212690115500626,0.0211531338006708,0.0204686397274597,0.0189837738316456,743
"116",8,0.422575441897977,0.504177756764952,0.568779971116218,0.562642363180007,0.590117960597212,0.580177430177144,0.591058038720088,0.621317891340057,0.738347103833214,0.789645629117537,0.898566425939581,0.989383424967928,1.04993218383399,1.12380545678776,1.15309471374,1.07381062431308,0.957892098874467,0.82698401600794,0.660409766757495,0.645655645916417,0.570976878783232,0.540366975031158,0.495393730905078,0.461351679834863,0.354894503661951,0.338194374981714,0.351763768323473,0.41238504273447,0.41202185471847,0.415668625484803,0.473343826237377,0.475848493526018,0.472786903497748,0.490841060030574,0.503672306486731,0.490304972343401,0.486736663161159,0.48358064799913,0.498976616388553,0.502351446845323,0.509499675192347,0.515264831570328,0.504346421528938,0.494875816907136,0.468192099742651,0.448508146916447,0.42407934730737,0.422592905266963,0.444616938215422,0.426512074121131,0.571520154012806,0.313759502066221,47,103,202,0.591058038720088,1.15309471374,0.41202185471847,155,75,153,0.898566425939581,0.540366975031158,0.839335211673774,102.653681337978,0.0100363691967841,-0.00748558443456087,0.151943407084144,0.0170521166473488,0.0168619728514706,0.0163697908106832,0.0151952829332301,792
"117",2,-0.268133066715143,-0.28884609994285,-0.372889924395936,-0.412849971217162,-0.447641197648916,-0.420288384282919,-0.306467273105229,-0.224865238416609,-0.149055447888643,0.0382526189824609,0.243555055199333,0.422583958875067,0.680033000746863,0.96946011927404,1.13778115880793,1.22677008226664,1.27193107458252,1.26652033149016,1.2273931983116,1.1894745916287,1.0417624611933,0.964966667349694,0.889530054363335,0.792104842263065,0.702271247453463,0.73464055808318,0.699406371252048,0.658771649211942,0.626559564227233,0.58010160484343,0.516774092233382,0.442426188753898,0.356828032658667,0.285866298621421,0.223155929007111,0.164571241604268,0.114237918624361,0.0688554142982156,0.0152215455491344,-0.0289176901234304,-0.130112085739733,-0.225284679630346,-0.278615639428637,-0.300524212959409,-0.304178748577767,-0.223933387129218,-0.159464969246819,-0.157093869288963,-0.182117045390403,-0.233398312803623,-0.343207668955968,-0.364634546050475,75,117,230,0.243555055199333,1.27193107458252,0.356828032658667,155,96,174,0.96946011927404,0.702271247453463,1.71957227223143,124.530529906815,0.0244851433186473,-0.00809825700817568,0.112665354744943,0.00374919874902933,0.00341827658559711,0.00340672448954937,0.00305269813402167,2228
"118",5,1.18901691591076,1.01584290968106,1.13230780044595,1.25405630405625,1.40138314263664,1.6229475359434,1.68459576998746,1.7754645431123,1.8160900748798,1.83943881064536,1.87154573850634,1.94713016968274,1.99454074203771,1.96658774853724,1.9141583791066,1.68981117930075,1.40400171009079,1.1360725409678,0.862357398748667,0.680113747117344,0.574001806012748,0.528512858544229,0.494277534756074,0.485486041068976,0.440740543562992,0.420331636623113,0.429136207126454,0.474309767416254,0.476705308614665,0.496436742547396,0.535304371931605,0.551630238871079,0.551824587533173,0.565364322817637,0.557246901289858,0.537160068785138,0.529101632931039,0.511355529605293,0.498282538314849,0.501160876652106,0.518201863065168,0.540494592408595,0.543356092551041,0.542148989031783,0.519029149739052,0.496029187563475,0.440274626601684,0.431356263863174,0.470664479447497,0.45092349610487,0.653405932053693,0.33028582910534,47,89,174,1.68459576998746,1.99454074203771,0.440740543562992,127,68,132,1.83943881064536,0.862357398748667,1.66425491293237,154.213847242703,0.00737964219167267,-0.0182800023349967,-0.388520019739226,0.00821904057252083,0.00677907007150999,0.00702734916793871,0.0060839368597853,1539
"119",4,0.773429104688649,0.747745678786163,0.690230872741285,0.763728541502297,0.767217102767906,0.878840913347116,0.96470213723539,0.988494976944481,0.959659531378137,0.973019187210292,0.95338767818113,0.987005737050239,1.03315724384507,1.12873876574198,1.24844876711765,1.29890316253751,1.2784382392832,1.30288197870059,1.23469416673752,1.20017377298248,1.14037783291298,1.11707259761543,1.09210399461595,1.05827315660035,1.0112077959549,1.01433973644274,0.972684613886225,0.945596985415786,0.959854499516718,0.934556406106861,0.926136122760463,0.919564352588538,0.911484722435958,0.866300943286837,0.877436847565921,0.83617567751442,0.787419458362145,0.771154082132839,0.784929454122857,0.737616399228078,0.734187585245435,0.767545792223084,0.748683372952873,0.682212907967593,0.694179482250279,0.693457442204825,0.68098666282854,0.682689759409363,0.702080644079841,0.674418479226618,0.643402213388306,0.636753826170441,75,125,230,0.95338767818113,1.30288197870059,0.911484722435958,155,96,174,1.12873876574198,1.0112077959549,0.666128152530153,154.247134294148,0.00698988601038927,-0.00372759291680606,0.36276377520331,0.0120014738305415,0.00919725907974215,0.010143650431331,0.00923221838370935,282
"120",4,1.49279272024481,1.31347546879758,1.25484924111063,1.17683662814905,1.13216551124188,1.17530208285001,1.21675427543857,1.26076767313788,1.23619258158956,1.32968836107082,1.3500614572974,1.40841353589938,1.46849958285846,1.57099468402362,1.57106213928787,1.47498963953686,1.32335288973304,1.17759325230369,1.14890521330607,1.14107845488038,1.15543417217988,1.22798242444099,1.33727648509101,1.29242501202357,1.14634842052485,1.05201314801116,0.954246377357758,0.823552468304581,0.785571245728353,0.83375716500804,0.938952220606039,0.987971619079898,1.01284014937866,1.04378277164289,1.11736097486882,1.0475257603397,1.02243147266418,0.974325582075616,0.954751763523422,0.913189976638707,0.901212384603513,0.863328027392242,0.934391827135923,0.912575245372161,0.855957870639377,0.864651487063479,0.924288629455157,1.02587658523384,1.14683412446948,1.17778023706963,1.4872748362343,1.06107467580862,68,103,223,1.32968836107082,1.57106213928787,0.987971619079898,155,82,160,1.40841353589938,1.33727648509101,0.785490893559513,169.516495117177,0.00689639366334422,-0.00485908766839973,-0.17746584269297,0.021608326737932,0.0210921587933061,0.0179451512703403,0.0111349682797828,3245
"121",4,0.683862676702772,0.759897804851372,1.02662887141109,1.11084589468468,1.20904100874329,1.24706273068113,1.25274480136789,1.37101408144498,1.56762217261568,1.62936140737532,1.75383616525422,1.91027451019869,1.91181149384781,1.8465724309529,1.9169449210231,1.89766281630687,1.84303720071035,1.83227352885121,1.81068724825192,1.7358059661847,1.63771687595677,1.49818896508398,1.39695088244295,1.29671662714935,1.18968293372479,1.08878121751576,1.02411701891213,0.941702693309858,0.876004799896003,0.847149146165944,0.857221372667005,0.829290619299208,0.796584222661976,0.779277591063287,0.780906491012966,0.71253057697052,0.726306016291579,0.724757350187084,0.73353454964081,0.714770461509378,0.731877044368102,0.715654542557748,0.735365805068198,0.718892402548067,0.689507743079939,0.672534802326312,0.651973627809397,0.62613113005153,0.62350679319455,0.591997937829871,0.686064930305601,0.467435338111561,47,103,216,1.25274480136789,1.9169449210231,0.857221372667005,169,75,160,1.75383616525422,1.39695088244295,1.44950958291153,237.84148979037,0.0118607164224144,-0.00937808449872646,-0.548264885993863,0.00642909806602447,0.00614853233100348,0.00599852726324152,0.00541795139269662,2839
"122",5,0.76483491110598,0.757462098441813,0.851583095540375,0.908271538923626,0.889883976047616,0.988653753623467,0.984063710815019,1.01412877316955,1.07459641180582,1.15054833319928,1.20201565676068,1.2691882496792,1.25562497499698,1.22552749147996,1.21059400109257,1.06614876770686,0.880773042904516,0.730839592204384,0.57850309535567,0.493970846216482,0.44889294921949,0.43779714462441,0.439483622978688,0.444978705049369,0.415002221451548,0.408846985374748,0.393265040289487,0.382507064403116,0.361782938074874,0.360164292715564,0.396919800054383,0.396630275026001,0.390874065261498,0.396169577933644,0.42533254736756,0.387528526659873,0.401939713682356,0.4068956589474,0.426783709750064,0.406128617419717,0.41521974552626,0.407717876819847,0.431560872173699,0.409223389335658,0.387067219733396,0.381598945917364,0.399795543405091,0.416160667617036,0.486760598458146,0.500892184861778,0.729530255476453,0.392396018135226,40,82,181,0.988653753623467,1.2691882496792,0.408846985374748,141,61,132,1.07459641180582,0.57850309535567,0.909023956963634,110.167818689595,0.00667939276323169,-0.00869031580105505,-0.203594382307881,0.00817439499897399,0.00771447272086053,0.00710624452158941,0.00542986584493372,1615
"123",4,0.96448157122816,0.832673975123908,0.94877106188044,0.978490977431106,1.04072138959399,1.04312857325561,1.03446110716897,1.01129390539157,0.990676171351155,0.96178578206267,1.01784425741646,1.09275162536049,1.12273813840916,1.16424965783876,1.11033936623008,1.06377116811017,0.980703960684534,0.942683895469109,0.867791736141186,0.95139188807082,0.958268801073001,0.973578295114022,0.976457280926652,0.995982907633024,0.966623024294541,0.940980565449416,0.945666547509183,0.920498011107707,0.946761014500277,0.912545892487594,0.948380677739637,0.880520118554279,0.811328594142235,0.705447928110306,0.724251419194682,0.599727496006964,0.556358608489893,0.569444117015369,0.549545624316295,0.460696332636178,0.493922878768487,0.54174695965515,0.597934515735104,0.617790460420323,0.651968139838127,0.674688018884448,0.643116689567681,0.669286637454289,0.78759244697971,0.787660902325985,1.13394540718067,0.650950035186488,68,96,223,0.96178578206267,1.16424965783876,0.880520118554279,155,82,160,1.09275162536049,0.976457280926652,0.703553325202582,139.679967635991,0.00723085270628897,-0.00223409086050773,0.840308163158025,0.0113245972975421,0.0111300921105638,0.00934367074748413,0.00557632283434641,-120
"124",5,0.925653834851602,1.02119088189165,1.06032705559565,1.07155181966995,1.07494631453857,1.10511235677992,1.11157031110071,1.1756714980599,1.28547674838266,1.39633623133737,1.50601783837417,1.66337011734607,1.69601843781951,1.79667472364191,1.76315657819905,1.61090169259634,1.41897841541387,1.27560367066047,1.02198718083754,0.90509649918037,0.834547627896645,0.746728719962496,0.68751551171504,0.669060935794693,0.611457937694111,0.564841060957559,0.608454567720924,0.635517378429818,0.620078090757878,0.673940927214594,0.724058637660991,0.731849342137019,0.751276897237792,0.776798410556076,0.729762734883812,0.698388434349957,0.671262156728759,0.670883935745835,0.669071781327414,0.771824121249164,0.854761050604907,0.92475603004394,0.939556667218036,0.941725121196714,0.855489425329695,0.817984951176818,0.743342406312077,0.708076390098502,0.768889362708748,0.762926100179512,1.02998749631687,0.639304356554909,47,96,181,1.11157031110071,1.79667472364191,0.564841060957559,134,68,139,1.39633623133737,0.90509649918037,1.23183366268435,149.544540572284,0.0139817227049225,-0.014492160737463,-0.134641150310681,0.0154337159747653,0.0153529659059455,0.0129670538510684,0.00811447967249446,2456
"125",8,0.414488167308751,0.5029667698491,0.559545492237252,0.579129291212603,0.60642139475633,0.597871052410897,0.596126814839573,0.611342745898857,0.644711058173645,0.655062285897181,0.687588256311295,0.74203945104709,0.78096565898252,0.847825062415246,0.854149766390979,0.927539686217259,0.862164109044978,0.776466212582025,0.686908309125067,0.744776695914607,0.615095834825213,0.627188388318283,0.605343867980909,0.593397353554829,0.526968530373245,0.504194803615755,0.529251183947124,0.614726644430137,0.607537542737359,0.623658905014312,0.707706025185488,0.724291335842952,0.62545314362088,0.630198557186843,0.621758360797821,0.534037848366781,0.491091435643658,0.553686805160647,0.575582639686705,0.591717241102335,0.637157296431991,0.618362654842172,0.625077165354346,0.601571644673613,0.524197918146302,0.496456198032246,0.488471543397636,0.43888083383771,0.444243794291326,0.443464491760891,0.51257158216852,0.408318455332937,54,110,237,0.611342745898857,0.927539686217259,0.630198557186843,183,82,174,0.74203945104709,0.526968530373245,0.519221230884322,116.178811235371,0.00564637393425717,-0.00234126873252296,0.452174880350535,0.0274563931453805,0.027203072377289,0.0256801491992238,0.022380982075002,626
"126",5,1.23656519047887,1.31727642376859,1.34835244599939,1.44885623431469,1.48323069639841,1.54276854495052,1.61930650456433,1.63902527182632,1.59209433446819,1.63589218582779,1.6455928670126,1.66915214753325,1.70376163776527,1.76327970410892,1.73339204581587,1.64011017509723,1.42117717270853,1.1860627071387,0.930348837892596,0.755676685063877,0.581901170688409,0.528217695690076,0.491506032584585,0.467614475672865,0.408184579550418,0.398145218008276,0.380774464129534,0.390411621411111,0.389228826434278,0.392126832988369,0.424264227302096,0.450269467900497,0.438328386626607,0.440248988530375,0.463777107942988,0.439911875761311,0.423536939118688,0.450768093119598,0.448354811067798,0.440834864931102,0.450154479489147,0.449735626354337,0.431008443272821,0.430388475136628,0.394736753490555,0.373890431103666,0.355007623519634,0.431630668527544,0.547941747119796,0.560085734210098,0.974070822849819,0.365181681135312,40,96,181,1.54276854495052,1.76327970410892,0.398145218008276,141,68,139,1.63589218582779,0.755676685063877,1.40827208058929,158.093474762591,0.00393769927068574,-0.0160604057188311,-0.520317406793734,0.00518389635437466,0.00514112631969799,0.00404941178887893,0.00182321269256412,1061
"127",5,0.755290514200854,0.718522813266836,0.75193286159188,0.828035078118628,0.891444329304305,0.978673443201188,1.05559306143275,1.106418608574,1.12494437832185,1.16501189797895,1.22170902716921,1.29354650800177,1.36724424600804,1.44788290166722,1.42739775726931,1.28793315565191,1.11780092744004,0.932156692739346,0.728277771156583,0.692348396024354,0.624796140370766,0.580441326875749,0.528129139423441,0.480120175940956,0.368822010840674,0.347161937436878,0.366424570107574,0.396981619364653,0.398928756193395,0.394961645771809,0.458161830335922,0.461028769091486,0.483207212800498,0.50132472562348,0.54777418543155,0.505679729885299,0.50604962955446,0.490686241940851,0.481960254930677,0.447245837819616,0.467900571992759,0.489775390595382,0.486069822940788,0.485276760654481,0.485954454732631,0.47498150363872,0.431111247767273,0.437612094260807,0.464138249558414,0.44403620687582,0.557543076807726,0.339061162683521,54,96,202,1.106418608574,1.44788290166722,0.398928756193395,148,75,146,1.22170902716921,0.624796140370766,1.1088217389837,118.192151876712,0.00813010221650526,-0.00989579382522479,0.0376108988695998,0.0137318052602992,0.0135789156436057,0.012700382831714,0.0107904275912372,1106
"128",5,2.06080108566024,1.98401051202659,1.8296461843635,1.84214803358933,1.85775858437595,1.95285985464942,2.04100704357534,2.07048210710093,2.03244095169768,2.01336874639588,1.98053074284174,1.96287694050997,1.9517193632974,1.93899003292601,1.72671238285376,1.53263117131894,1.20061627329335,0.877645600156052,0.553522412162842,0.430973626898474,0.281203843978522,0.263420160143367,0.248657210481627,0.245766151809824,0.240482357392,0.232739798110298,0.236567978574119,0.259401811526374,0.264794661860933,0.264335792965455,0.2800834223352,0.289770204523333,0.279033200321379,0.281516528241103,0.292701298493332,0.29157488346055,0.292720099820477,0.307269299671165,0.315757415365127,0.3221316600481,0.329179810221442,0.323470365874342,0.32425688975747,0.315802383582971,0.30007485731253,0.3051636621747,0.327670289631167,0.576941050889022,0.798519784458206,0.852276717473246,1.38182927630576,0.54179885460014,33,54,146,1.85775858437595,2.07048210710093,0.281203843978522,113,40,103,1.95285985464942,1.72671238285376,1.83774230899063,162.560354499051,0.0101296915583321,-0.0194486767730696,-1.13118715692259,0.00886606739616996,0.00864281774497249,0.00690900046185946,0.00321811624443593,13449
"129",8,0.710850075256855,0.710850075256855,0.70481866442518,0.700179117631584,0.69391572946023,0.682321263892635,0.670883650593026,0.665739378565547,0.671480328862955,0.688647781944503,0.710887027821986,0.732733896436172,0.745982547256858,0.741298686815467,0.785876581043406,0.820422637420913,0.852928894926903,0.886051903059108,0.922159199821642,0.893660706881148,0.841700889246185,0.717312992839479,0.672959716953193,0.609385707362119,0.544624406288147,0.519838450276304,0.56920451460374,0.546458031137482,0.541992229611207,0.571498504474534,0.592083171095785,0.60369881520006,0.610039939507663,0.621791954861427,0.605625836991792,0.594925463571498,0.600685116632975,0.620598573777696,0.657448057800664,0.711233568701878,0.783296087158497,0.867154713840437,0.898262317184999,0.913108615595326,0.911693609071419,0.889234560867914,0.850514207730175,0.850514207730175,0.850514207730175,0.850514207730175,0.850514207730175,0.850514207730175,89,132,245,0.745982547256858,0.922159199821642,0.605625836991792,156,110,188,0.820422637420913,0.56920451460374,0.402320749545337,97.3535886871053,0.00409713145499498,-0.00280118020203407,0.415401680197855,0.00276607248111316,0.00275098327928811,0.00271306524873574,0.00262213998580593,937
"130",5,1.0515258735073,1.0515258735073,1.0515258735073,1.0515258735073,1.0515258735073,1.0515258735073,1.03576278946335,1.02504812408292,1.00112436457643,0.969937281061769,0.96710359939818,0.977994878404588,1.00263672389159,1.05649274616395,1.10052348160885,1.10494023158616,1.0628680167559,1.00652684500161,0.927036382241032,0.828949033239629,0.777149609076958,0.771666542394499,0.756324395457906,0.746929000181702,0.766386347554399,0.775236159158572,0.767989333836913,0.72933782711243,0.729273019600741,0.73031321705331,0.708243534304817,0.689897330063294,0.730365528081852,0.744731210768557,0.755476041092105,0.745685696453912,0.751654261812317,0.704858946754342,0.63403386157279,0.59097937332057,0.595249981710283,0.59544537987159,0.600306343016575,0.617910349090793,0.617092360062141,0.588174524100655,0.562156877491163,0.562156877491163,0.562156877491163,0.562156877491163,0.562156877491163,0.562156877491163,89,110,252,1.00263672389159,1.10494023158616,0.745685696453912,163,96,181,1.05649274616395,0.775236159158572,0.542783354095,123.309501127759,0.00487159560450368,-0.00252996151501586,1.05247928262915,0.00299268278317176,0.00259599537268876,0.00266020351347042,0.00239193238455073,-50
"131",4,0.526884009488474,0.592867822453711,0.604028822247091,0.633785983954755,0.65628419078452,0.671685677170422,0.709729641342298,0.718340458870132,0.707641531594082,0.72974996707905,0.733601343550792,0.737302101306948,0.795983903676772,0.878826674061796,0.95190089294381,0.987937654744953,1.05927001114961,1.11248161740169,1.15717356678243,1.16836984339024,1.19819832209827,1.2091521423743,1.18755197364834,1.13860851216283,1.11991210209815,1.11429210098376,1.07699800191854,1.04789426831918,1.04532824454981,0.984115863518229,0.89819639335678,0.776688934584017,0.695171192294911,0.601261051018034,0.530494860400722,0.553713481256172,0.579166448835657,0.562763933511158,0.592873046352428,0.566896046622209,0.57366523290795,0.59226482457478,0.599821653267869,0.575454988425991,0.637357868989697,0.622370215203127,0.617714487409608,0.636857797410491,0.64626240981382,0.618268644079609,0.608485949830191,0.523539178405013,75,153,223,0.733601343550792,1.2091521423743,0.776688934584017,148,117,188,1.05927001114961,1.07699800191854,0.685612963969289,141.448090416358,0.00609680511312192,-0.0061780458255755,-0.791268216945625,0.00525434555883235,0.00513996744467723,0.00430325946376158,0.00251546538777517,691
"132",5,1.00609009670706,1.20712450946972,1.43301831839045,1.50081722485105,1.4448510783826,1.39003636253446,1.34326896860937,1.3757050030898,1.50169807267453,1.63668724362998,1.73175666332763,1.81461403313889,1.8228020981091,1.75349844348242,1.60917395681775,1.37185477887391,1.14808969823399,0.959605349854811,0.787799202878315,0.730595487006078,0.682098746491699,0.626150299849494,0.585873414078597,0.536694272953897,0.504045506322198,0.439568206583209,0.394830741967217,0.339937537894396,0.300164630626944,0.315748940094922,0.380764905672048,0.388921554086511,0.384674640721845,0.403540273965007,0.415525347458051,0.358505827890534,0.422984311141884,0.414199611644389,0.453301874933507,0.433491921111552,0.43369670765052,0.35550028591141,0.422260450857389,0.385476134805626,0.347060486296656,0.34643339860035,0.366661399334275,0.40921762376484,0.527698112438187,0.578953983932604,1.02306107272641,0.534353046684271,54,89,174,1.3757050030898,1.8228020981091,0.504045506322198,120,68,132,1.63668724362998,0.787799202878315,1.52263746748216,129.012416644153,0.0127742027148373,-0.0155147834327871,-0.0728298474358165,0.0136303018776347,0.0118045683019575,0.0102507236879613,0.00531730088429171,4018
"133",9,0.957789193538405,0.957789193538405,0.957789193538405,0.957789193538405,0.957789193538405,0.957789193538405,0.957789193538405,0.957789193538405,0.957789193538405,0.957789193538405,0.968504265141131,0.989934408346583,1.02475839105544,1.0200960525552,1.08764925713858,1.14371467777803,1.19100528648958,1.21054126342837,1.26202593632517,1.22449898548112,1.23719625323677,1.2088972068402,1.20538466178524,1.21101135422515,1.22006495652767,1.18584632381376,1.20273179113706,1.13746416928278,1.13354533242362,1.12443108341919,1.19561617363047,1.24187606184785,1.33898797991171,1.31959057005934,1.38400283798511,1.29057957807805,1.23400612966038,1.16834358078821,1.16619231897232,1.07381995774918,1.07095145378254,1.02519657778244,1.01529067284976,1.03270911146393,1.06475673658031,1.07865742181524,1.11147182402832,1.13840170588731,1.12805488782051,1.12805488782051,1.12805488782051,1.12805488782051,125,245,280,1.21054126342837,1.38400283798511,1.07381995774918,155,181,259,1.18584632381376,1.23400612966038,0.426213644446706,172.699085808499,0.00144551312130615,-0.00886236800674084,0.706720900596881,0.0103113671445926,0.00925144450554853,0.00948673825427663,0.00889740311268871,-101
"134",9,1.28521471991633,1.23096649883256,1.14571929427233,1.0784603196006,1.02917776074979,0.984037369826387,0.987825642040002,0.991106948596118,0.981395649561022,1.02160535354018,1.10978896515012,1.20802583439473,1.31074216520159,1.49004031748999,1.61911993834746,1.73054361175964,1.78730890963047,1.86121452515763,1.88455632156627,1.86564463083562,1.82367748827803,1.80205665326178,1.79903673995197,1.74734352466401,1.70332737361185,1.7229121365715,1.73177290387071,1.57643006764583,1.56403055672163,1.53550704549764,1.53088540441751,1.47525963576006,1.56471218009995,1.46424921905528,1.53525476617888,1.43153318158263,1.39788884042705,1.26252963911463,1.33854525776238,1.24440119385867,1.24488898068832,1.18505892073832,1.27945378328861,1.28450926242375,1.30169609527424,1.2927468149906,1.31321631774412,1.28844113047627,1.2414143005112,1.17740307560279,1.26100599767232,1.02392901953755,89,132,237,1.31074216520159,1.88455632156627,1.46424921905528,148,110,181,1.73054361175964,1.7229121365715,0.903160672005246,227.840287731806,0.0133445152642949,-0.00400292478581895,-0.178672158441194,0.0184681492013454,0.0177164386615883,0.0149677919903713,0.0087187881081804,1621
"135",4,0.948233259204349,0.895771193509582,0.907847778046155,0.904995988903079,0.895430296883963,0.923162963422688,0.920787280541483,0.987642405248659,1.07480991937977,1.17214762835719,1.26821650969079,1.40748637866403,1.46158973076992,1.53986488704394,1.54667004237799,1.50036647899261,1.39987924724226,1.33547054423323,1.22841563896113,1.21777030700535,1.19071985692245,1.18485955144944,1.16070001245354,1.13176286517249,1.07276075198816,1.05809978307362,1.05667645834719,1.04929107282951,1.04319955886333,1.03398102393613,1.0589117856197,1.06583787830187,1.08652674215527,1.04523023722287,1.07360955332952,1.02984349868818,0.991492274904174,0.915981410884402,0.955270739773533,0.93107160979114,0.917957548120177,0.902564414123468,0.959052387664401,0.950010426422648,0.934122349716378,0.93571225674994,0.932082428128278,0.909642486908597,0.893063833063264,0.895449908816556,0.912630877266156,0.927718080491223,61,103,202,1.07480991937977,1.54667004237799,1.04319955886333,141,82,153,1.40748637866403,1.18485955144944,0.653606209314724,161.471873660608,0.0112347648332909,-0.005085560439542,0.392773098258211,0.00965164936722351,0.00930139192081177,0.00827559602004834,0.00587374677210975,962
"136",5,0.796784150455818,0.959792869876113,1.08180926966062,1.19247608752339,1.26373680441633,1.29088409881504,1.27886068550681,1.26267924719922,1.29395763983831,1.26567736643448,1.28937546778012,1.34047128439331,1.36307942706085,1.2147607172047,1.20755387912045,1.25910045578862,1.10834233312127,0.99735950687144,0.990305976578102,0.910939880931436,0.720295936491266,0.727681732245792,0.702975433857715,0.666412607764649,0.63190587651526,0.639092741597169,0.577783222211684,0.570184977277646,0.581115014360965,0.573737704467302,0.576074773240953,0.585770343435967,0.596603340984304,0.592829663949889,0.616585888020785,0.594318989236004,0.600477539836781,0.605789184391045,0.614127029692576,0.617501133461473,0.679143179240837,0.709042352023058,0.715809475968849,0.720461476775498,0.726161546247061,0.711012526143449,0.688542883890526,0.73397767745775,0.825358486969622,0.808455330051334,1.10446995009713,0.612046414917164,33,89,160,1.26373680441633,1.36307942706085,0.702975433857715,127,61,125,1.29395763983831,0.99735950687144,0.792894449783206,130.637149958952,0.0017739754043665,-0.00929723934088925,-1.04718743585021,0.0102443988993979,0.0101408905688605,0.00961222212891203,0.00845137691847773,2114
"137",4,0.83409376069351,0.937634099952544,0.868789704579975,0.889937370351721,0.8457188788661,0.817479560233541,0.83968941882651,0.867551611793987,0.965010295098114,1.02990511190669,1.13637793362704,1.24171099033913,1.28445504967099,1.31135495685601,1.31469671500519,1.23956210861054,1.16615362824128,1.13261553261989,1.02874556527027,1.0472760271098,1.05330903603789,0.985207652217566,0.941573225622135,0.915621459782884,0.850127565022484,0.799338367880584,0.899468715007357,0.90491335956082,0.88584262233826,0.901473748904632,1.03677562228565,0.977930633774831,0.933350879612086,0.940402821391653,1.01269275610374,0.846704019620119,0.841839578822673,0.930786327302573,0.976972645952681,0.903772701914556,0.956838587330139,0.978004861326966,0.923509312488036,0.913819992330012,0.938501158377782,0.977430258574389,0.960769581821236,0.999542488792634,0.982932894225758,0.962996458645568,0.951859418464688,0.920236591248421,61,103,209,0.965010295098114,1.31469671500519,0.901473748904632,148,82,153,1.24171099033913,0.985207652217566,0.515358347124609,142.622056869661,0.00832586714064473,-0.00389832986887321,0.184990552534195,0.0292468345512615,0.0283028993344579,0.0253123366378951,0.0183872760279661,1136
"138",1,1.34280516330243,1.41097921892961,1.52885201476081,1.49857583414156,1.5172078571271,1.44844752427075,1.35381802156158,1.32640939816026,1.41271505727406,1.36489526203299,1.42408917814427,1.5280930831444,1.59679963644984,1.65470441972879,1.72337001707845,1.70390808843985,1.72693547112384,1.70797918898089,1.6259588003,1.62322609218864,1.6748345696123,1.64993936432613,1.58141273106123,1.58045269811447,1.54543988375689,1.40508543461897,1.41446212380596,1.46416320738455,1.42590205008669,1.47960599778546,1.59664871972739,1.5228566450163,1.37275674377013,1.41737303646592,1.39273727237113,1.20134273317687,1.21140040476037,1.34748309473323,1.267898835521,1.25011206204559,1.37226419480701,1.35946563697987,1.31139600562277,1.29434834533941,1.20112680737696,1.23224696776046,1.17020114870022,1.17717996193411,1.29853530277551,1.24420274179368,1.65296714775048,0.738277287976906,68,117,245,1.36489526203299,1.72693547112384,1.39273727237113,177,89,181,1.59679963644984,1.40508543461897,0.988658183146938,253.894319846696,0.00738857569573178,-0.00261092342775558,-0.119916304870582,0.0289753978539025,0.0279455926918704,0.024875403067536,0.017705218656835,3347
"139",9,0.505274028177325,0.477272715120701,0.466957585509422,0.456267612073631,0.446898477899712,0.449141441153378,0.455466539728537,0.460573865550267,0.450706979702198,0.462339887854475,0.467902250460519,0.500313904714389,0.516115777913009,0.526773986017298,0.591488397291755,0.645264954729671,0.670331651160892,0.725272862414533,0.820782241919435,0.906674657037828,0.969466461050444,1.06956186648336,1.21890409066167,1.3478842814334,1.35850774711554,1.34436755794409,1.3526113701464,1.30043717956254,1.21727361154228,1.20012118647988,1.24424791161191,1.19302606763807,1.13208746922012,1.09160847256774,1.08615949376834,1.00816989158785,0.991191753761048,0.993108839245201,1.00526281829008,0.917026616332534,0.883082237164868,0.831092256316979,0.770947830854829,0.700117198578789,0.689357860274668,0.666002015921542,0.639125978782461,0.601699056792707,0.561158923898793,0.538606165621838,0.463931869673987,0.573994533385396,103,174,266,0.591488397291755,1.35850774711554,0.993108839245201,163,139,223,0.906674657037828,1.19302606763807,0.911609269215831,163.316757219098,0.0108030894341379,-0.00397172725946024,-0.601414852962237,0.0104019635915757,0.0103131286753284,0.01000646305339,0.00930429689326596,1828
"140",9,1.12151183327446,0.738297457089255,0.735943961324372,0.637692014837547,0.596629607800269,0.627698669123992,0.638308177371526,0.685365691263622,0.682805101344829,0.754352852225779,0.730434510866442,0.799329601431665,0.851980646237942,0.978942450082937,1.12023262501825,1.25709029025994,1.27961285326636,1.3312640786187,1.38121448510699,1.35810089270715,1.31533769981831,1.39037627334781,1.4236635774458,1.38053458977547,1.37897156875562,1.45001934841544,1.43901942553203,1.35853516212229,1.39680144639995,1.33277145293715,1.3162937493405,1.25104581879783,1.29890777039865,1.18524608434416,1.24246943330885,1.13448748827058,1.12079862429627,1.09057037244747,1.14092542019543,1.04578847903055,1.05133554345514,1.0366707393133,1.0271802019755,0.987417512918236,0.985154788298565,0.957733068803055,0.97954204727984,0.958278655186433,0.935020845933923,0.939130517377781,0.846061002867964,0.97330878969167,96,181,266,0.978942450082937,1.45001934841544,1.09057037244747,170,139,223,1.35810089270715,1.25104581879783,0.853389740615166,205.675250020157,0.00554208115685293,-0.00422881148197603,-0.639703626888294,0.015275473413894,0.0146364655881653,0.0140480674285237,0.0122322632835117,2185
"141",8,0.586654220047641,0.624968398071286,0.638921553776684,0.668026953922344,0.684178415737577,0.719561349417669,0.705459873000933,0.749286147059447,0.827263759595513,0.830095348161984,0.91789403853522,1.03920120360009,1.07843341313885,1.12475929106258,1.1407204502428,1.16302875688434,0.994148700618009,0.855583542810206,0.696520053391486,0.716596810993768,0.551738476804603,0.585259641151187,0.58367841408755,0.567854205596321,0.5096870202823,0.52853650461026,0.514586304745295,0.527368647569477,0.526629800181186,0.4938933924582,0.497522304715206,0.486811211425681,0.467930778948436,0.449626365115241,0.472194177505891,0.454366948632604,0.441105690547813,0.467444632930896,0.489732389176327,0.48297570412815,0.477842724036904,0.476859369506668,0.469490071898487,0.456525759451218,0.435041109371729,0.429474858617902,0.440445904508908,0.431232072058444,0.44192287019786,0.439224938577092,0.484115087105637,0.403697996918336,54,110,209,0.749286147059447,1.16302875688434,0.4938933924582,155,82,160,1.03920120360009,0.58367841408755,0.759330759966002,110.143329350937,0.00738826088973019,-0.00675894307501149,0.349889406184211,0.0129913027367331,0.0125310040060038,0.0124615667896559,0.0118623936262308,777
"142",8,0.811101062627176,0.72811452736212,0.779625584325331,0.802923768523852,0.818573576687257,0.855641120717922,0.842678349555339,0.837506160031111,0.84458099042154,0.88700752384817,0.942079545736487,1.05681389277727,1.14387336572249,1.13550469865077,1.14767732395265,1.10116396218526,0.98896846377456,0.901853639065429,0.895355691470196,0.86711929398213,0.82377471556795,0.804344426877006,0.805217722166995,0.760037737159919,0.698151466954484,0.693013294289742,0.679048359326224,0.619348451448998,0.615590219182924,0.611840469442751,0.645336893182549,0.628917243133409,0.60883508043532,0.595002313943461,0.632400552185914,0.62643015046998,0.645805144332301,0.726390455311489,0.757136610078314,0.728040799498914,0.702914244842655,0.687202980868152,0.670216254107752,0.658386460330848,0.649075842018179,0.633379677372284,0.647734490835051,0.631700079136151,0.680317876451828,0.663621583519778,0.912448934940077,0.521474856745033,61,103,195,0.84458099042154,1.14767732395265,0.619348451448998,134,82,146,1.05681389277727,0.82377471556795,0.626202467207621,109.781251324864,0.00721657936978843,-0.00574270513590931,0.203097812727069,0.00869850378614088,0.0085438348238188,0.00737189721725643,0.0048733530418096,582
"143",9,1.30635421670212,1.28937287787343,1.2789010522624,1.26474993657183,1.25201393245031,1.23248539279732,1.22516414736842,1.23021365323744,1.24665742849186,1.22865492115287,1.22724166484576,1.26795250396645,1.3281127148136,1.35942538288062,1.42043756779939,1.43088708829863,1.44583314785617,1.42001333402324,1.40590515115129,1.40034180699089,1.46931063164751,1.4632565652851,1.43953792017151,1.44207031165955,1.42790736419683,1.3644212207482,1.34747546877997,1.36798221134515,1.35189685810056,1.36312445039917,1.43963395079654,1.45557327189926,1.46290431296378,1.49234308905692,1.49626653191611,1.3461447252472,1.31064821598255,1.27366732918424,1.21139638796053,1.19257338452153,1.26251976912531,1.25073966839628,1.23877216035674,1.23660278207461,1.18094556730605,1.12933335820953,1.06486193415991,0.997295728945992,0.943347408949209,0.912519797522476,0.891325814666597,0.891325814666597,139,245,308,1.40034180699089,1.49626653191611,1.23660278207461,169,188,273,1.34747546877997,1.21139638796053,0.604940717249509,212.307175636655,0.000904950235143591,-0.00412164682288093,-0.359252526813984,0.00833530715129888,0.00708316898061088,0.00790342718714426,0.00829180542952302,3062
"144",4,1.29189290395057,1.29189290395057,1.29189290395057,1.29189290395057,1.30860493983477,1.3000771011343,1.27282770968828,1.31096391552758,1.3286274382349,1.37197585969154,1.44334407536583,1.51273954217971,1.44992401110915,1.4016634336176,1.27905964298706,1.1460258849099,1.05902723582488,1.02556408997736,0.980931662789305,0.928375822021889,0.855133892128246,0.772199961319687,0.661979591679689,0.61947614815794,0.619950613112267,0.635376620446101,0.652433890962066,0.651015148750024,0.666751620052724,0.701067926328202,0.666470364668322,0.614179298701622,0.649736605493095,0.623547936524378,0.581710369170945,0.636837778691538,0.721728421575252,0.745427810287482,0.784240326619466,0.838165970571204,0.898577380743695,0.944570013805816,1.04411015780136,1.13742904279718,1.21830540979357,1.2867392587905,1.34895184878772,1.39457441478568,1.42816921338417,1.454298501183,1.47959828778187,1.48581954678159,54,82,139,1.31096391552758,1.51273954217971,0.928375822021889,85,68,110,1.37197585969154,1.1460258849099,0.931029173008763,90.9510189461271,0.00720627238043326,-0.0102519950904881,-0.374828221978731,0.00289269525892784,0.00272619270836987,0.00236652060503226,0.00148067384779909,1150
"145",4,0.753915971307276,0.760048791387058,0.782004239505614,0.83910330868848,0.838685777140968,0.935475292334208,0.958735690753852,0.998172499097406,1.06356489984947,1.14590864119172,1.2209042729586,1.30493988986041,1.37804569857041,1.41457096968799,1.47569801574588,1.47266502655788,1.44368532409771,1.42947223181349,1.37682350001854,1.34533017234778,1.25873962839768,1.20843375816933,1.14805092514521,1.07438253002856,0.988442908120878,0.971546282718215,0.931517374403866,0.881843493319123,0.863151536518284,0.843144322275994,0.836762375779995,0.82698115666419,0.782911349474201,0.722586185587412,0.713602434273264,0.661734769255274,0.598213727694735,0.630900231310452,0.663694634077332,0.671314500018697,0.636892271721055,0.618468824038479,0.5821337163569,0.555705077690066,0.508242015329601,0.535243231506203,0.57056457521765,0.606172871707609,0.640378203879745,0.656385326831573,0.72518391993458,0.624015127639458,47,103,209,0.958735690753852,1.47569801574588,0.843144322275994,162,75,153,1.2209042729586,1.20843375816933,0.96745600041628,179.69317170363,0.00923147008914338,-0.00596748767424422,-0.175425445250302,0.00727128049429139,0.00670871012087416,0.00593599898288429,0.00382800633348732,722
"146",5,0.704370331156991,0.809232978431409,0.950469785691116,1.03228204626763,1.10908815507654,1.14909010627496,1.12735189443184,1.13973763039469,1.21838804340155,1.2442113403133,1.33881701625705,1.44416104723767,1.46897469735574,1.40795455432791,1.4170458350744,1.35532096076063,1.24104078454983,1.18904793025816,1.15283133603089,1.08350034960345,0.997668008370211,0.890421717999036,0.827855675402893,0.760796868936743,0.701383622838258,0.66413047845019,0.704580283723136,0.694103215906338,0.680600547749289,0.667194334008296,0.687412090726088,0.680237669023787,0.655945318490555,0.638997446944834,0.647809124181721,0.60056066028341,0.560175471170329,0.566711433041492,0.577193877870805,0.575388018708382,0.584728588884458,0.601992448272684,0.588783059820017,0.582900418960291,0.544030008120478,0.540539383742485,0.529893376355407,0.575779040136217,0.645657912081411,0.637745714441865,0.905346661527644,0.458200227408089,40,89,195,1.14909010627496,1.46897469735574,0.694103215906338,155,61,139,1.21838804340155,1.08350034960345,1.01077446994765,158.429822263885,0.00652825696083232,-0.00731010831556044,-0.39687905982042,0.00564736095214037,0.00543467343554468,0.0049719001004217,0.00383366591358003,1092
"147",4,1.00174216027875,1.11508899430656,1.1173833273018,1.1104807039202,1.10374453149569,1.06794907698579,1.05495675412647,1.03471223746636,0.961455297013703,0.958033887510254,0.886021838225847,0.793006565310505,0.810259967974015,0.825541738785339,0.813084884444492,0.902772614933224,0.996535399070599,0.985229842386,1.04050681228339,1.07184255349194,1.02881571713655,1.02267894675193,0.973417634769752,0.971187479923846,0.981619028479469,0.951384740109977,0.85175326186752,0.928657057420474,0.887029402176168,0.867151618907231,0.820768743038514,0.810417058292479,0.677592700798719,0.660084552551208,0.5601909412082,0.639922198798944,0.683405525772036,0.795970176580029,0.879036941625903,0.986151280241062,1.00592588343106,1.08546462202699,1.08095531868684,1.06946145096739,1.04348155584158,1.01081416197904,0.972113542175408,0.923077457003015,0.842036548524196,0.800782681052225,0.599568197200378,0.811399168810607,5,19,181,1.00174216027875,1.1173833273018,0.951384740109977,176,12,103,1.11508899430656,0.813084884444492,0.557192386093603,159.036685379633,0.00826008335878982,-0.00102468263698658,-0.545560338628722,0.0425333589582499,0.0425333589582499,0.0338426467435995,0.0164612223142985,929
"148",4,1.2151722940717,1.30245974116864,1.33868260578854,1.35212712892983,1.34630611411658,1.2687576057504,1.18578624887895,1.19950765536697,1.22529983562793,1.25778200132586,1.32840423874975,1.4391103255322,1.45264966799593,1.42850624582369,1.38200397461821,1.26132855098663,1.13689497471515,1.03080135320338,0.976225849295151,0.971323177116555,1.01313755900292,1.02757870880208,0.982249941445547,0.960798283007512,0.915982250952529,0.901711354428371,0.907898534823821,0.933928457323079,0.963734568122953,0.994573582057855,1.03188832768502,1.04043810022251,1.12986294905966,1.19070545094906,1.1793751295714,1.17481699994472,1.2123693448499,1.15542370636574,1.10978363484631,1.17359046454648,1.22994823414177,1.27229070611633,1.23853014219903,1.23122833099032,1.15115657186561,1.04403158032555,0.985241256356291,1.04680261368516,1.11087866710309,1.11649269625742,1.41941680538571,0.998949579831933,54,89,174,1.19950765536697,1.45264966799593,0.915982250952529,120,68,132,1.25778200132586,0.976225849295151,0.550938313567554,125.551167559475,0.00723262893225587,-0.0063137343181576,0.195961898783334,0.0209751486199731,0.0206431823981643,0.0164004429667812,0.00758299788220609,555
"149",5,0.696572861521315,1.02575333272966,1.08856804956071,1.22645307862032,1.31248863117357,1.23142762597628,1.2349094194246,1.32732187172204,1.39164621161362,1.43665641994877,1.64209726453789,1.76567987031457,1.78564028463088,1.81848112968773,1.79043367614178,1.69528408562404,1.5574614230955,1.41504790199449,1.24439236112101,1.19863918206826,1.1259093941957,1.13289201542432,1.0888264051571,1.05508919788668,1.03418636529985,0.991468749667864,0.846976727854834,0.856797390077403,0.848577513356573,0.783482531058198,0.756709884607766,0.794935055706957,0.750577881892551,0.765563743309355,0.775182083849825,0.800644087840065,0.844300538080166,0.747650669436471,0.663146761403267,0.535970892729499,0.576689132839797,0.429117120652711,0.582996598452325,0.68554931258823,0.819325123404964,0.768616062319347,0.877435328049054,0.805586889079258,0.731325491607821,0.647747441591421,0.602627157478091,0.545191063087399,47,96,202,1.2349094194246,1.81848112968773,0.848577513356573,155,68,146,1.43665641994877,1.1259093941957,1.38936400903502,191.248332742697,0.011909626740064,-0.00915003411633166,0.106254001316759,0.0151739908431661,0.0151222618238903,0.0127201623405923,0.00786423435472058,2263
"150",8,0.802584710932505,0.803536755856682,0.813728768549894,0.844347319223023,0.873054311712062,0.89281963392144,0.925726977529916,0.934527021969616,0.937864758816376,0.921030090810049,0.962306351432997,0.994421826072437,1.04585162606405,1.0509361048665,1.05695342403528,1.05411436871666,1.03676926659482,1.00773437639288,0.987694532662867,0.976974689595886,0.939786056135685,0.893721803061884,0.8352377600376,0.771446689377739,0.758169520090695,0.709227848352538,0.655625024048244,0.637948519862205,0.632412043212329,0.58052701221081,0.583156963033715,0.615842476690541,0.639420032738593,0.62768471053631,0.685931843015396,0.673648647193117,0.662881292358416,0.583705701642722,0.607095890233852,0.55317340462615,0.492286784470731,0.528562770591281,0.519079149424349,0.500448920348554,0.485176337380774,0.481595292051256,0.422106826706212,0.482057701018799,0.492146948674835,0.507738902657844,0.566521012190899,0.536794846769471,47,103,195,0.925726977529916,1.05695342403528,0.637948519862205,148,75,146,0.962306351432997,0.939786056135685,0.63484659732907,125.169471634375,0.00234332940188153,-0.00455440113231604,-0.888320006479305,0.0126569205758134,0.0126342108635889,0.00938525375480141,0.002864629825002,326
"151",4,1.44476826841058,1.30295739585129,1.22885112914364,1.18290139596983,1.14896292153825,1.19001020202852,1.20149323710873,1.2866338356911,1.36980383357776,1.45220671498726,1.50947993364609,1.60888020767472,1.58087499705668,1.55420245643364,1.45262267243107,1.33047968814151,1.20616479382466,1.13049864503168,1.02730014232025,0.99674858761299,0.963586318973819,0.926301479060638,0.89043430125392,0.859792048423793,0.847291155945868,0.813120748545523,0.791684058387534,0.767572325724288,0.757672666310114,0.771928745832327,0.803453956601132,0.822782298461046,0.884884763758567,0.876002825163208,0.878578234687972,0.851311952252522,0.857628900070845,0.822771283415603,0.828176171452641,0.826611649773494,0.843029047415603,0.849784201350824,0.858653152097841,0.916528754278285,0.947201445085163,1.00950515572593,1.06922525466678,1.14848392916898,1.2075847100565,1.22362819645245,1.34630147662928,1.13203399765533,54,82,167,1.2866338356911,1.60888020767472,0.859792048423793,113,68,125,1.45220671498726,1.13049864503168,0.851207541364604,126.254591651704,0.011508798999415,-0.0088128018735403,-0.140522707930138,0.00541326809083547,0.00510111586646264,0.0043721392552672,0.0026020338085035,1073
"152",4,1.2732777933352,1.21514974206371,1.28448918432418,1.35435799504577,1.3982270171123,1.48936137851056,1.51444134066908,1.51204786615561,1.54945808957515,1.59579422647076,1.6570358380868,1.68974044389732,1.75663830185577,1.67690835759644,1.60753711075729,1.45228474077647,1.31218214336583,1.15385713079402,1.05960719803946,0.972687646749223,0.934308113456295,0.906195331473729,0.834174010478683,0.820864163892056,0.838681219818383,0.84365183863963,0.838677452856192,0.84746820960427,0.862276944489869,0.824324353639107,0.8508813132131,0.80879230106598,0.796152111594526,0.778786076852424,0.821839175350253,0.80394062496897,0.880094902830792,0.979161238835758,0.984693771923875,0.919035323900061,0.895056893046713,0.872710602687654,0.81999555439793,0.812610659449759,0.847876021094539,0.828959097461806,0.844987914439896,0.911102115073357,1.00182752537736,0.986054063221057,1.30480308897544,0.768476621417798,47,89,202,1.51444134066908,1.75663830185577,0.862276944489869,155,68,146,1.59579422647076,0.934308113456295,0.988161680437976,173.993309412296,0.005766594313969,-0.00791470227757438,0.133465689712324,0.00987029978438489,0.00965913667205435,0.00787787756841117,0.00410419624879427,2806
"153",8,0.584401785081816,0.620053308778852,0.592449876735179,0.652751246089635,0.655530689544233,0.726804309034405,0.72852664108798,0.813023802075616,0.893904437993639,0.909390336786652,1.00079644098209,1.13419935788123,1.1422197324796,1.16305814292501,1.1735028717685,1.13666852697731,0.935277753885147,0.788693057432541,0.593382584358142,0.608873868574533,0.458827127443838,0.463186529167679,0.444949365451826,0.426208013962499,0.36004207107487,0.357756187484288,0.382185243513705,0.462465685350554,0.466794992511534,0.484875491861468,0.507817958803097,0.519789531236286,0.442545888858908,0.440556088386299,0.408478826153191,0.387605559953644,0.341061480390605,0.371341234855663,0.408669086227553,0.466423367213734,0.484361691939215,0.489490305459439,0.52150298854884,0.48780247427274,0.42120389355589,0.423500469877254,0.421948995411452,0.391619067629577,0.423711448138227,0.419988771830752,0.514540862316684,0.377411676271611,47,103,223,0.72852664108798,1.1735028717685,0.519789531236286,176,75,160,1.00079644098209,0.444949365451826,0.8324413913779,115.995736307801,0.00794600411929509,-0.00544761117110183,0.357407163763192,0.018843628141706,0.0183943267265203,0.0170861803317058,0.014020586126891,642
"154",1,1.6771090022545,1.74763966697968,1.73370176493631,1.74180896024213,1.73789655518496,1.68128986742347,1.65005098498987,1.6619127605166,1.65183791481425,1.63631053620925,1.67435972023446,1.71328682572376,1.6583969892387,1.66034566910059,1.60246051812701,1.5177110899704,1.45690348084877,1.42921836802468,1.33522801075334,1.28492120061677,1.30601174479054,1.24955088046838,1.19943562318263,1.18923741610002,1.22622703210142,1.20310720399,1.22282228624819,1.23125179791963,1.25982925158279,1.27020615401262,1.2930481235306,1.30028912372024,1.34875815250039,1.36966123780911,1.35182231309581,1.31441308122915,1.32724727378023,1.2962304777103,1.28627237871229,1.31742201645062,1.34253490145592,1.37345689665873,1.40924826089114,1.43402702572971,1.45574258875212,1.49647875389729,1.50437343408531,1.53432958231433,1.58449607550746,1.55904869997019,1.72840981783935,1.39420803782506,5,12,125,1.6771090022545,1.74763966697968,1.42921836802468,120,5,68,1.6771090022545,1.63631053620925,0.558402250879662,174.465492114382,0.0100758092464547,-0.00281788760137163,-1.17778612362919,0.0112464327144366,0.0112464327144366,0.00829434014328156,0.00239015500097153,637
"155",4,0.625205659756499,0.855294841874495,0.902873033725526,0.945154736419896,0.978659327751201,0.930598084730068,0.938858691324378,0.897091916253883,0.920627946500227,0.888565537876248,0.93558938062388,0.957628274999953,1.03038762532454,1.07297111529761,1.1416106593482,1.17294398581816,1.16753892093658,1.15436190389191,1.15022752877708,1.14064018238798,1.09415134050513,1.10895565227273,1.10532937526973,1.07724814346981,1.0452755292958,1.06690013063927,1.04210766773759,0.989381633482045,0.992028572837394,0.983943878195208,0.944728783291843,0.921273133890292,0.940424066708338,0.893086519495043,0.882127812819501,0.890103337990842,0.890810293572038,0.882814358125808,0.912770269272971,0.904062924204633,0.854990661671884,0.863979474535164,0.840758521721581,0.820040536583218,0.80330668774739,0.810522688334762,0.779389003901831,0.784611170988021,0.802048509771258,0.772096953381923,0.916057024422142,0.625722914792443,68,110,223,0.888565537876248,1.17294398581816,0.921273133890292,155,89,167,1.03038762532454,1.07724814346981,0.547738326061657,151.197488829526,0.00677091542718827,-0.00222717568077755,-0.22930793408184,0.00545001038769676,0.00457069179218354,0.00466475566506957,0.00397356481532841,785
"156",5,1.02423386220387,1.02423386220387,1.05305375654139,1.07522290603179,1.1027871131105,1.15578297992727,1.18534051820776,1.24270001006008,1.30912424836927,1.35602401239447,1.40934546966474,1.49426275578581,1.51983326311349,1.55274027302535,1.52722974124906,1.42683266195258,1.29034764961835,1.17606254066527,1.04450213856095,0.999799163401007,0.956087568489719,0.925981593680338,0.936661650476328,0.90994924373012,0.837011591112504,0.790686686009797,0.739833230582307,0.676313154342306,0.654258246434924,0.676916847620756,0.7214201186357,0.750390584461097,0.745371019783774,0.747741957775586,0.747946423743682,0.712933149412593,0.717827433252837,0.72618544087061,0.730446752110332,0.699480378144038,0.697346274931934,0.67086430416919,0.651251202895881,0.62029617091401,0.614803291686372,0.610662277621483,0.624907814916124,0.650247119185732,0.678583308214684,0.671664172077772,0.750164298364616,0.578221309069563,47,96,188,1.18534051820776,1.55274027302535,0.739833230582307,141,68,139,1.35602401239447,0.999799163401007,0.97451896395579,153.052627488412,0.00749795417995083,-0.00883594611351136,-0.0778975138628352,0.0034884547798636,0.00348326572406133,0.00303999725643178,0.0021482712653704,1290
"157",7,0.360838779956427,0.362605248677495,0.368051072252222,0.379979118198504,0.383893091990777,0.413884132246706,0.443527775026316,0.447646535565316,0.425664346132123,0.451681054779741,0.45483854832102,0.463646225842008,0.50336034469981,0.607718978720176,0.650203966699593,0.68368040000523,0.754848877725329,0.799375811184259,0.787083189216799,0.814177901802429,0.833578961662452,0.766797324340774,0.734087271706522,0.732448358533415,0.68495478764953,0.661438708414872,0.659999935557382,0.626684797596596,0.587440540574195,0.582977892557942,0.524800331011232,0.497316707313246,0.505181212875915,0.461151163664885,0.417741212280779,0.411439552171322,0.402212099710384,0.347289389663542,0.359413957042473,0.370582070745947,0.377410881185375,0.332038639114817,0.352221341899771,0.354816700345358,0.347341122078193,0.341721635700264,0.394903191586063,0.405620033073825,0.393055245130465,0.378154650853059,0.357107715159492,0.327286018075492,75,146,237,0.45483854832102,0.833578961662452,0.461151163664885,162,110,188,0.68368040000523,0.659999935557382,0.506292943586961,98.61883398877,0.00533437201889341,-0.00409261316480843,-0.14312089560526,0.00419278866945999,0.00394176269447624,0.00359598522215339,0.00265340430252394,1996
"158",5,1.57605301505794,1.66389479015625,1.5810186378281,1.57225270253576,1.52743363488651,1.51044375378414,1.40062418496696,1.34940290201743,1.38275497973119,1.27333355919114,1.30854960159063,1.48245646086582,1.58206205552827,1.58200802256276,1.61093759259685,1.35237478339006,1.0682740858565,0.799685437554391,0.593131293939908,0.658374304069807,0.64519842700915,0.812796448271138,0.923785152785093,1.02611648350264,0.923563750597668,0.936669910699025,0.767325108587665,0.696002935675995,0.563763072662263,0.558528952672251,0.798935834305328,0.802787118396755,0.757102073641369,0.823122816073407,0.955013350357225,0.704417721468531,0.84282392870559,0.957116628070425,1.06947425508151,0.945824544168242,0.976041053134647,0.844866681520264,0.951469411165235,0.82855774239998,0.738672535684279,0.752725513184009,0.919528008048913,0.924096335288207,1.08422683055979,1.07841328998116,1.59438616253138,0.387331365935919,5,12,181,1.57605301505794,1.66389479015625,0.936669910699025,176,5,96,1.57605301505794,1.58200802256276,1.27656342422033,199.291186185594,0.0125488250140437,-0.00430310579560487,-0.536997788511569,0.0913857413754968,0.0913857413754968,0.0704709334209768,0.0286413175119369,336
"159",8,0.798179253750481,0.993826883686639,0.897534069920372,0.896788815111086,0.897266503346365,0.825363061481501,0.866716122212333,0.917508843619482,0.882760246820671,0.898106646934514,0.876961428175575,0.855689313754136,0.859062722434705,0.873845565815788,0.809121636584088,0.818219889236435,0.810529514625191,0.729101233956612,0.737680627784332,0.798782363447247,0.782218432665246,0.813469128417153,0.801729138885568,0.809302828383221,0.78429618875659,0.781556784770866,0.721931440480704,0.793690284114273,0.764030561234581,0.779332898346057,0.753333185963443,0.726441316424527,0.618595916831394,0.594914208336048,0.519029907712741,0.550198937808371,0.564898231611254,0.575321309072037,0.641786290417447,0.735456626566824,0.716718115738446,0.747110315895488,0.772917954153266,0.742595980539586,0.655019927492205,0.660170525358073,0.653211401509677,0.649990199671706,0.646061586179561,0.640554255131238,0.669754443565014,0.629828102164382,5,12,188,0.798179253750481,0.993826883686639,0.721931440480704,183,5,103,0.798179253750481,0.809121636584088,0.474796975973898,141.67803847047,0.0279496614194512,-0.00154486047276099,0.310296355110092,0.031858959271402,0.031858959271402,0.0254503645037325,0.0126331749683935,1180
"160",4,0.679622556728825,0.679622556728825,0.679622556728825,0.679622556728825,0.679622556728825,0.775504959634978,0.845923758407712,0.956755236474033,1.05297214415058,1.14674169957057,1.19890436299096,1.30966899928214,1.34737993971184,1.42979203299151,1.48448726901122,1.45760691839529,1.40085341675763,1.37849029465216,1.33255430635051,1.31890679361184,1.30300895488979,1.29302706601088,1.26917270079232,1.23389209276479,1.19363197692238,1.19038405366038,1.16582684615767,1.15488924502345,1.15402631517236,1.12389096782821,1.09523228928122,1.03623590094809,0.950652992237863,0.863851060151277,0.844749467416847,0.820621716412815,0.801649159916275,0.835327817929131,0.86648133741703,0.814381161927194,0.743067192328247,0.709063854689853,0.647499329926035,0.584516822325362,0.569215329611742,0.569215329611742,0.569215329611742,0.569215329611742,0.569215329611742,0.569215329611742,0.569215329611742,0.569215329611742,61,103,230,1.05297214415058,1.48448726901122,0.950652992237863,169,82,167,1.30966899928214,1.23389209276479,0.91527193939948,196.87948135333,0.0102741696395392,-0.00420341950215243,0.115561914403303,0.00666789103782586,0.00615551493358789,0.00582319893583036,0.00464619083607733,938
"161",1,1.82447397563677,1.92557244660935,1.85978360819922,1.86111761253977,1.85497586951704,1.80265380251312,1.78274623375299,1.78701859158772,1.7842630214467,1.76208746076009,1.78254446751144,1.79481815043722,1.77827254964907,1.73594421213264,1.68785928791461,1.60584330635793,1.53551780130209,1.47463635404103,1.4351926472909,1.47165149013685,1.47524432939042,1.48940803435836,1.48819066940895,1.48167488354154,1.44316367428592,1.47178229303907,1.47677884513532,1.5032168792709,1.52635240508787,1.51172555285385,1.51954958027906,1.45147119066274,1.36860688647266,1.35139207996574,1.39842191350411,1.36706822164492,1.43666967137461,1.5290662719939,1.55323318412409,1.52932625917787,1.56591732072094,1.56737136365374,1.57633597363606,1.59016426501441,1.61652459194357,1.62397018647975,1.6541481840273,1.69262004605433,1.74087666499762,1.74010462000563,1.83678970477403,1.7037211664007,5,12,110,1.82447397563677,1.92557244660935,1.60584330635793,105,5,61,1.82447397563677,1.7842630214467,0.574180366643608,163.750590131163,0.0144426387103695,-0.00326254224746353,0.320171045769644,0.0107296404038484,0.0107296404038484,0.00744792376787653,0.000884490495932707,327
"162",7,-0.475027144408252,-0.394443804045294,-0.150976489195084,-0.0205465720004874,0.113218584732113,0.0892528682227071,0.00082580344210183,0.0193499753706074,-0.125039347018615,-0.218420233256983,-0.181406704356302,-0.204289141479326,-0.310803181160274,-0.153673095817469,-0.0966558541978589,-0.00969374321862455,0.120288991442532,0.236359291792664,0.256957915180826,0.301966344743311,0.391581041852508,0.499296775399412,0.597182341010939,0.792615315383392,1.00368986161202,1.16479962017911,1.236414211325,1.3280022522239,1.36215756798228,1.36406683760241,1.3857619003585,1.36139121353152,1.36754468815555,1.31588864188263,1.36835252283709,1.28981055717718,1.34165900590603,1.39371886146209,1.38984176252742,1.109266026836,0.891614863063522,0.626717480740768,0.333570598342441,0.151490017750634,0.133642861218503,0.0774545742000118,0.0406408269993857,-0.0400641237090647,-0.113955046402955,-0.163383207076482,-0.0657624185387728,-0.0944108761329305,132,266,308,0.256957915180826,1.39371886146209,0.151490017750634,176,202,287,1.36215756798228,0.891614863063522,1.86874600587034,175.636113326505,0.00848329064389,-0.0295768772312251,-0.814592425408715,0.0158525732891038,0.0130450678030178,0.0145630915319411,0.0147916335037018,-226
"163",9,0.864302082295507,0.864302082295507,0.864302082295507,0.864302082295507,0.864302082295507,0.866245870455526,0.869161552695555,0.873743339072744,0.855166506094578,0.819829085074045,0.784110324775187,0.756985252399329,0.743764700919496,0.787681594420564,0.855951350887288,0.920921430138957,0.992323402867709,1.04985026265369,1.06861635740551,1.08071795403214,1.10873408767366,1.12459482370013,1.1046649945297,1.12976453278651,1.15387955140604,1.15227412472792,1.15191985059815,1.17703657164725,1.17066866427933,1.16409529448331,1.1688907111107,1.11429350939213,1.07300215750181,1.03274095734371,1.02667999369161,0.942586885474446,0.9521573220815,0.906812979288248,0.909989483886126,0.842149169549665,0.847440495038981,0.810410336511591,0.84088443760148,0.783942754939727,0.754698682286033,0.725057110913236,0.695245807436296,0.648163231841772,0.630182641273915,0.621583228393635,0.618456169164443,0.618456169164443,117,195,280,0.992323402867709,1.17703657164725,0.842149169549665,163,153,237,1.12459482370013,1.03274095734371,0.558580402482809,160.518068850484,0.00236811754845568,-0.00393985178938338,-0.820718535697968,0.00663957025419884,0.00646103977909622,0.00600344371784959,0.0049097211202537,1198
"164",4,0.886446237035724,0.886446237035724,0.886446237035724,0.886446237035724,0.886446237035724,0.886446237035724,0.888472502562858,0.914813954415595,0.965470592593935,1.04044241709788,1.11199755395767,1.17203094106476,1.21132844180268,1.25823421299431,1.26246498284491,1.28918281746854,1.34024007222317,1.39016803331876,1.40393808158284,1.40772802565592,1.43134913835368,1.40682946045875,1.3511940213397,1.29628618293475,1.27621445895904,1.22718631048681,1.20080164667396,1.18865919648725,1.16686159492552,1.14288852894488,1.14317706564553,1.05062165490938,0.966490576557177,0.922067101144971,0.914226156217032,0.783089672828115,0.804510732760001,0.800236439495658,0.821305537247807,0.788470943068096,0.784487945153178,0.779103998705742,0.796915217249509,0.698273186943381,0.610361026502939,0.588815358036332,0.532247386474329,0.496815786262219,0.529634231806544,0.570839844848249,0.613691513263231,0.644274546860235,82,146,230,1.17203094106476,1.43134913835368,0.966490576557177,148,117,188,1.34024007222317,1.20080164667396,0.934533352091464,171.565856210351,0.00405184683263942,-0.00553403049757746,-0.175517982288815,0.00843503870940222,0.00841749220090089,0.00697157074514888,0.00406218132514352,845
"165",7,0.2349853515625,0.2349853515625,0.2349853515625,0.2349853515625,0.2349853515625,0.168391840376871,0.079361300128027,0.0341788091911298,-0.0172159632283715,-0.00108531499817056,0.126474756492698,0.291417161071795,0.431193146370211,0.649218106117984,0.781075053521286,0.815369503295716,0.80959906692724,0.774803643184837,0.699996817188711,0.772224196715479,0.770384480078527,0.830016358089683,0.862310715069065,0.893759781516166,0.810744994796812,0.808152935297487,0.850177292971356,0.886621532945136,0.876075113196464,0.847948259418157,0.951004654111072,0.936226482848456,0.930259407936083,0.952403380213487,0.978270245726922,0.897218974204087,0.837429714418616,0.783482792747036,0.695129640364806,0.584600425051936,0.474071209739065,0.363541994426195,0.259514497661141,0.161988719443903,0.0774663783222966,0.00594747429632186,-0.059069711181837,-0.104581741016548,-0.134489646336501,-0.155295145689512,-0.169598926494707,-0.169598926494707,139,245,301,0.772224196715479,0.978270245726922,0.259514497661141,162,188,273,0.850177292971356,0.695129640364806,1.14786917222163,121.73540684837,0.00194383065105134,-0.0128349240726032,-1.59389883955261,0.0133686631391664,0.0122328678087795,0.01298939150161,0.0133666435568842,267
"166",3,0.358472998137803,0.357086350467592,0.354907332700118,0.352530222408328,0.342543117361895,0.297903762856752,0.309659344501143,0.370295939087434,0.42743972827763,0.477736267703079,0.56833792442671,0.602033949588064,0.58564602884729,0.591458130890105,0.62536306406857,0.646076458649899,0.66771431574062,0.696157478341634,0.717323231828516,0.747153607192103,0.777827060834801,0.848520273201238,0.948991828550307,1.0291204903734,1.10117992208159,1.23877290855325,1.27688218712118,1.22398163949522,1.28175922149615,1.29150725148444,1.20511892135234,1.12191089470962,1.04211695503175,0.953229494458087,0.832698519821762,0.890995526535942,0.908164241906626,1.08074880330768,1.11350941656579,1.12857451621762,0.965087994718485,0.889357208649865,0.712902758284748,0.583014005080721,0.540428617838989,0.531843852652611,0.549873200292676,0.565562070289783,0.5758331006073,0.553706146938447,0.578004038388075,0.435456294079932,125,209,287,0.696157478341634,1.29150725148444,0.965087994718485,162,167,245,1.0291204903734,0.832698519821762,0.993603488627685,153.752930273814,0.00708749729931907,-0.00418486226623015,-0.196840958076795,0.0171696022346076,0.0166462694506782,0.0168082097668869,0.0166087576153749,-1
"167",7,-0.018491124260355,-0.248362191144168,-0.0695587094561474,-0.0262677244230809,0.0700092607969629,0.192937603431479,0.275635648918129,0.255332865138024,0.132029252091163,0.0997731704165292,0.065737925483379,0.048217509975273,0.139782344528441,0.329530912127674,0.504978812006863,0.653627317136041,0.787101410123624,0.904165183512676,0.995686242198321,0.974417465957336,0.954578058899925,0.91372120427311,0.843073303504701,0.796318977796845,0.774936691962764,0.745615299909991,0.757968888328382,0.790380690854922,0.803512556367849,0.824895321467726,0.876052090116069,0.862478918898901,0.801988185634262,0.753051031553204,0.706487000101641,0.603867293252282,0.510242942978408,0.398811431301314,0.235659701555503,0.0714049129892021,-0.0223563823082679,-0.0543385139009946,-0.0551010539768276,-0.00271312529710582,0.0741158506133507,0.0466432506733659,0.0171908756263801,-0.00625326506932377,-0.00384378171661413,-0.0210509832994554,0.0332242071482201,0.0866551126516465,82,132,245,0.048217509975273,0.995686242198321,0.706487000101641,163,110,188,0.653627317136041,0.757968888328382,1.24404843334249,115.23574283065,0.018949374644461,-0.0025592853282892,-1.7480188135734,0.00602231551416941,0.00504480293694367,0.0049287423541401,0.0037191086113072,658
"168",3,0.574493343508861,0.574493343508861,0.582575870822612,0.589710015711717,0.536066408290111,0.501668828734792,0.507643437117831,0.495077378604459,0.550595443184755,0.600111217701839,0.667377793503012,0.711597561037063,0.761135242759579,0.784621343653167,0.86573136444522,0.97028983102259,1.04069612294163,1.10464495627729,1.10600574976213,1.07117487839976,1.05275763304174,0.979297683239448,0.97059527302568,0.987937516133442,0.969574243361254,0.917759282582194,0.935134908413826,0.821310025172378,0.805820664639031,0.813640893441728,0.801255955048621,0.752958098602411,0.813092345834928,0.765737088597988,0.787726416432994,0.750247695541807,0.791646302547712,0.707700398740074,0.671302538548199,0.617415438686774,0.624142866038862,0.505354137000991,0.58147464126788,0.612277516782367,0.637560027744169,0.618271652849519,0.675657972145007,0.651387386190817,0.635398911611794,0.582454182772705,0.676559693153334,0.434734756768655,82,132,223,0.711597561037063,1.10600574976213,0.752958098602411,141,110,174,0.97028983102259,0.969574243361254,0.671270992993476,119.919986318806,0.00788816377450136,-0.00387964451823867,-0.03973079268199,0.0141039959554668,0.0132487782359671,0.0117975585282798,0.0080399013934055,463
"169",4,0.983835637132714,0.983835637132714,0.983835637132714,0.983835637132714,0.978613653360644,0.965139760118167,0.970487062824008,1.01406934647092,1.14079643523903,1.21167112245503,1.36549806091128,1.42414279273654,1.46257423394064,1.44155600916232,1.39717457096639,1.35021904096037,1.30019161944821,1.21495710510851,1.09563754185855,1.0911386239958,0.994191223111496,0.97985005433036,1.05010474148248,1.08297259231004,1.0882247990505,1.11430908988194,1.10769094307402,1.00412797281706,0.998399635258085,0.959591878071326,0.942876411998078,0.884488192155304,0.894566284569724,0.857431982389338,0.917654275270756,0.88758125365888,0.942195576927982,1.01393210906293,1.01609015575174,0.944242844086251,0.913889337172563,0.895239262981786,0.787967638821924,0.751243010755098,0.722796387210302,0.713060773676816,0.678136244033929,0.675779113260519,0.669607979833073,0.66211962224554,0.66211962224554,0.66211962224554,61,89,230,1.14079643523903,1.46257423394064,0.894566284569724,169,75,160,1.36549806091128,1.05010474148248,0.800454611695104,179.852134546733,0.0114920642393434,-0.00402842517284341,0.406791669028866,0.0134676459332313,0.0133680727410008,0.0119119811400659,0.00890022474596573,201
"170",2,-0.543365224625624,-0.397026366899416,-0.251303611410781,-0.152079542017783,-0.116965659134289,-0.0313593641329759,0.0316419273818792,-0.0445889151679752,-0.133760629291021,-0.158887589295425,-0.315361078325702,-0.386344674562172,-0.304547692221924,-0.19410926663898,-0.0579533430432893,0.139313693888283,0.332818596677184,0.5120705852678,0.651732875261987,0.717435271001267,0.803128675907332,0.846629013511516,0.844746216497839,0.829048368368467,0.858091849647791,0.89262337888814,0.946489587253536,1.00091903412072,1.05896635775496,1.04908955632167,1.05875726334251,1.03277245462703,1.00312638828822,0.984212205904482,1.01388491664032,0.898016626890062,0.846229600381053,0.657113586642001,0.484868028116529,0.23347480674606,0.139152804695718,-0.0362425812853615,-0.0973451400532699,-0.114401716179224,-0.0945524532151431,-0.175908337435922,-0.227837774594133,-0.229696109385745,-0.249397617833859,-0.211429651457975,-0.170441620282216,-0.0614831630722664,110,202,273,0.139313693888283,1.05896635775496,0.484868028116529,163,153,237,0.846629013511516,0.984212205904482,1.60233158238059,129.822047374999,0.00999622460724654,-0.00808589196673853,-1.18147836895333,0.0145563325978846,0.0126436239964249,0.012903033892077,0.0115091450819216,108
"171",8,0.481927710843373,0.569126324883958,0.595791811437648,0.627933943738455,0.64838181036152,0.635393950464597,0.644873533595864,0.679378213710122,0.711607867597689,0.745090449079175,0.811576068832172,0.891348347517663,0.92911024493335,1.02065446252037,1.06436324264029,1.05579902061324,1.02050983993762,0.993891209399302,0.934910107733301,0.978159421670955,0.974041844000035,0.971809285924691,0.933621395052658,0.900783208691543,0.812320206999013,0.761058122152322,0.751036028468094,0.767258917355959,0.735607370682084,0.706704131343279,0.7323172099345,0.707908701106836,0.697131213267687,0.693231127361999,0.693036381643758,0.661650701250447,0.649470929662456,0.630642084053047,0.63121914997151,0.619167799375877,0.637290051034055,0.656605195927008,0.679019316325283,0.682676992975673,0.695279355114135,0.684945484963247,0.653550797759441,0.634054975990571,0.641374638623218,0.594835339941126,0.682425152694444,0.45582266625039,54,103,223,0.679378213710122,1.06436324264029,0.707908701106836,169,75,160,0.811576068832172,0.933621395052658,0.608540576389899,137.378508774861,0.00785683732510546,-0.00297045451277878,-0.0330876524595082,0.0102884269165895,0.0102131065193695,0.00985192718215409,0.00905424811050328,639
"172",4,1.04046520569012,0.775669073030917,0.694931602378032,0.682483791222972,0.671172949229786,0.782884116658778,0.861778346631445,0.933076986018158,0.890261069578793,0.933075396636826,0.896806290517933,0.978867520046725,1.02324404307343,1.18500030541788,1.24672433171681,1.23669794218776,1.16799403061166,1.11521075952561,0.951207597967796,0.91871220121202,0.949319914148979,0.940873551968082,0.939430663447575,0.986234239099168,0.980549933612303,0.950112103158663,0.96204235169975,0.968279649124083,0.998492504232969,0.99478369193002,0.986221001080181,0.946482920411849,0.970017127677661,0.906880256795423,0.857549822207941,0.858686545790864,0.867392920088284,0.891988504441791,0.932515722495556,0.946998386939097,0.96541831394045,0.948472270237753,0.898154073970598,0.860071603987834,0.856486875321257,0.812816853777226,0.787246750573058,0.730286321118617,0.652449757878465,0.597998353641793,0.445350795196623,0.56794454188591,68,103,230,0.933075396636826,1.24672433171681,0.970017127677661,162,82,167,0.978867520046725,0.986234239099168,0.801373536520191,150.953102980153,0.00896139814514249,-0.00217879688219805,1.2213889052605,0.0106981206742962,0.00909834275075668,0.00954987247900466,0.00885315401196109,1130
"173",7,0.224878444084279,0.100502759353823,0.0999992956900185,0.0562381571644276,0.0775653847240665,0.151857470668981,0.231866344681852,0.343074343894788,0.433843787679896,0.486369382822645,0.475163233058766,0.47159844356992,0.475839129397504,0.484044881467422,0.493234626919713,0.495203215554777,0.491314419873702,0.49366610719478,0.517686050294772,0.583385842846965,0.573088646260319,0.640204012345722,0.668263788664282,0.695941408746875,0.697351310379349,0.778802575679904,0.814760085610889,0.867434492623527,0.925029374508733,0.983072857413699,0.973715043056227,0.977386044647861,0.970534709269826,0.894846923520641,0.826331496423514,0.831529481952169,0.789649960701626,0.815369265701151,0.879241061839081,0.890062933718993,0.860756791232104,0.819677837808104,0.713716490419636,0.594318874074202,0.482881098818464,0.395322846831813,0.303488635614709,0.195043985285135,0.08187604388969,0.118117841415757,-0.174496780690261,0.477033820840951,125,209,287,0.49366610719478,0.983072857413699,0.860756791232104,162,167,245,0.695941408746875,0.826331496423514,1.15756963810396,119.089279329367,0.00582627083593951,-0.00156815469463584,-0.464291525977854,0.0114298373841303,0.0107722273523962,0.0111420787530612,0.011224171522657,467
"174",2,-0.201132300357569,-0.217466225530742,-0.171197092837105,-0.150455784078639,-0.137707423131237,-0.118778439321238,-0.106465974198446,-0.0850455944252285,-0.138292198536243,-0.113315895951193,-0.0529179873446843,-3.44815050711822e-05,0.0403633567945712,0.17478265385091,0.251720992769656,0.306906470172212,0.348478754020823,0.375234626444374,0.393419752124196,0.413340965241497,0.413978387500578,0.411373132418947,0.420250708186786,0.426982032596821,0.404512104617091,0.399877516509858,0.436974023394636,0.442220561569223,0.454856405274318,0.480637533902441,0.524703442558246,0.506228262599348,0.518503482912653,0.517705775953093,0.551598900606414,0.511793325075136,0.471930538376288,0.353469556944318,0.19702715596025,0.0279797626208894,-0.107264591738762,-0.130285372795462,-0.0955164111080697,-0.00941865951725119,0.0156821825871053,0.0276081956270102,-0.045863349224224,-0.0724704134887183,-0.0696550381359586,-0.138489189731072,0.154564272135883,-0.422427035330261,117,245,287,0.348478754020823,0.551598900606414,-0.107264591738762,170,181,266,0.399877516509858,0.353469556944318,0.974025935936675,66.7055876502631,0.00158687614519993,-0.0156872260082185,-2.04981208147692,0.00729270026910385,0.00628614516233925,0.00564336956493129,0.00335126326335078,435
"175",2,-0.551815237770581,-0.431629223421192,-0.0890370258661705,0.0516070294398837,0.180348513296853,0.095146709626542,-0.0323259457950276,-0.0063295655290891,-0.129462010980708,-0.158154546917019,0.0125684059382279,0.0150222906860154,-0.0682242710273176,0.00345599550119171,0.0271355620414573,0.002972336578506,0.107905085421832,0.191899261567282,0.274935460084968,0.272153814603996,0.315404588806354,0.348936366331959,0.314672111159018,0.366824859910917,0.439247723776395,0.482318199114339,0.47300494419392,0.526845328248649,0.559405812593262,0.565379692661901,0.545950515714144,0.568281991063528,0.605032434242483,0.592587728626814,0.643985814079433,0.637426451110153,0.703672436522522,0.752270665652295,0.733836071894733,0.516285110857672,0.420441155220121,0.250806278648273,0.132275074244739,0.00192397381407588,0.0888602127120146,0.0287126994162543,-0.079339765826344,-0.200719582182237,-0.254824414976369,-0.381287238061984,-0.343784860774999,-0.463308457711443,153,266,322,0.348936366331959,0.752270665652295,0.0287126994162543,169,209,294,0.565379692661901,0.250806278648273,1.30408590342288,75.6552657402343,0.00356933008248085,-0.0129206779685007,-0.867750216908734,0.0144156799651053,0.00891119300912983,0.0119259212040906,0.0124508906380367,-253
"176",3,0.594053047331578,0.594053047331578,0.594053047331578,0.594053047331578,0.594053047331578,0.60317591684674,0.616860221119484,0.635105960149809,0.657913133937716,0.68853991016719,0.71786341932307,0.745232027868557,0.77129736934045,0.888955570130783,0.930526665361339,0.940180086075002,0.917783680311977,0.885223786367379,0.775844341758988,0.787073993821446,0.723142095357668,0.731075365878789,0.686746176827959,0.660350156612392,0.658580127795638,0.644341005523085,0.63902341202413,0.765232561453025,0.840613732155957,0.837198762904237,0.944502947210921,0.944932197477587,0.842170867562026,0.757195689338691,0.643743894486039,0.655260217449194,0.644075041737616,0.732930888055934,0.796477508960669,0.888912096242093,0.876803802575565,0.959826486245575,0.953515182555535,0.949934292935295,0.937064851661699,0.894073979110023,0.823479399598377,0.767401625312182,0.72610799151962,0.693990720792072,0.662893045960636,0.655246076739791,146,294,329,0.723142095357668,0.959826486245575,0.823479399598377,183,223,308,0.944932197477587,0.949934292935295,0.365773438913997,134.204515797909,0.00159921885735072,-0.00389563104706279,0.00785486716284646,0.0217123966552646,0.0188756344119812,0.0207667782462033,0.021712303671364,72
"177",7,-0.114207400639561,-0.114207400639561,-0.114207400639561,-0.114207400639561,-0.114207400639561,-0.114207400639561,-0.114207400639561,-0.114207400639561,-0.114207400639561,-0.108784435772047,-0.0708236816994419,-0.0220169978918074,0.0403470980846144,0.148806395434913,0.297937929291574,0.449780945581992,0.606143099262007,0.755274633118668,0.866445412902724,0.950501368349206,1.00341485966385,1.06268586286862,1.12221213559929,1.17060533372213,1.19525072940182,1.19243940550218,1.1614412740945,1.10843428973254,0.94699573533844,0.871063332555866,0.717728117143429,0.558304781918587,0.410983932649656,0.371982413256419,0.290015906968199,0.326861561217847,0.352233469505907,0.400156492125621,0.44532394437462,0.443632722075079,0.402017270199738,0.381761539190757,0.342278998977163,0.308662896597288,0.284131729456262,0.281465356055345,0.281465356055345,0.281465356055345,0.281465356055345,0.281465356055345,0.281465356055345,0.281465356055345,110,174,287,0.449780945581992,1.19525072940182,0.402017270199738,177,139,230,0.950501368349206,0.410983932649656,1.30945813004138,125.648408345053,0.0116479653721848,-0.00701976512568212,-0.0735774613313981,0.00413622180931542,0.00411809541705188,0.00410965822873301,0.00407465745983174,1074
"178",8,0.623884546741338,0.823791568904069,0.675637451040222,0.698371593008503,0.66386136852118,0.644357132960698,0.650581438296411,0.665509274667097,0.655449181224951,0.684104158591816,0.737158415586689,0.782647076373583,0.829674638199847,0.878553149047575,0.852320327506323,0.803070435727968,0.770813051182328,0.726401482149401,0.7063379221619,0.780103963227582,0.803611400904337,0.818460241208102,0.805017814877689,0.775164095817123,0.710767163196261,0.677050133190105,0.67635881492546,0.690471885268572,0.684685244749643,0.693561127790957,0.734637972927166,0.705888731349714,0.686227297673177,0.702278381833883,0.708422192527216,0.647755564773299,0.689839676310967,0.775503204969496,0.77404305797777,0.795634389022237,0.894274582611417,0.918172349600455,0.892992682447617,0.928541733088565,0.913079125213516,0.883936609788792,0.829533401760223,0.80225874332859,0.777471438561851,0.726279893252072,0.779891160991613,0.559981125791051,146,308,336,0.803611400904337,0.928541733088565,0.80225874332859,190,230,322,0.686227297673177,0.883936609788792,0.368560607297514,135.023454861087,0.000771174890026097,-0.00451010677714196,0.496603350597666,0.0108422977425021,0.00890131163161992,0.010086655799613,0.0105163580247169,1040
"179",4,0.701241542402943,0.701241542402943,0.701241542402943,0.714773717292855,0.737778414605706,0.802732854077285,0.885087118176937,0.975569885597837,1.06645505525096,1.17135758175236,1.24482857169268,1.24140687923606,1.15493156500255,1.17748247277954,1.17243915013038,1.1512389847883,1.18236873030326,1.278530688812,1.24737705647508,1.2492016660731,1.20702901678822,1.16677139915604,1.24164193324435,1.21259801861627,1.1412384013763,1.09484279597485,1.05054711102877,0.902695577653128,0.874856590467438,0.859832740678772,0.842623414806385,0.823404677073295,0.806045171426625,0.792429416657813,0.788284451857629,0.798437096990515,0.830776751271112,0.848937085451306,0.835955704882876,0.804016703898213,0.801983917085248,0.78358934992773,0.772808033367095,0.782680028333592,0.789915091709477,0.778328591762488,0.766074269676785,0.756847387179135,0.742621851264568,0.741146751823078,0.741146751823078,0.741146751823078,54,125,237,0.975569885597837,1.278530688812,0.792429416657813,183,89,181,1.15493156500255,1.09484279597485,0.57728914640906,187.608915670293,0.0042670535663967,-0.00434018992994812,-0.857854444145544,0.0145463464287608,0.0145119239179849,0.0136980797173135,0.0120359688051947,176
"180",3,0.715058416270013,0.640905919529176,0.608114018151843,0.603188697122133,0.594275465538478,0.61209648028359,0.621952695500124,0.64218710442243,0.655345046439286,0.679761515705263,0.715184193354577,0.784239931438168,0.846594503848294,0.920683761996196,0.981376898093583,1.02547535437547,1.05358289468021,1.08236645501539,1.09581384656189,1.14473356205552,1.18272826527886,1.18657984872384,1.17500185020761,1.15245990854803,1.11373997025836,1.05112270269082,1.05305135664781,1.03205494899542,1.00693666492739,0.987240685220256,1.01412748807717,0.985341387922891,0.996322769021005,0.910519015844892,0.859784517923916,0.765441584856413,0.711866839481238,0.670759778802559,0.732269887475412,0.758634923898593,0.807490408031234,0.829313342516751,0.817014738399564,0.786364102568311,0.744980865474393,0.699592107970451,0.656596769430942,0.63283387824492,0.623407589981253,0.631658275185835,0.633750798048797,0.68689670897621,89,153,230,0.846594503848294,1.18657984872384,0.996322769021005,141,117,188,1.05358289468021,1.05305135664781,0.592304383185361,136.107811602068,0.00531227101368038,-0.00247087116497186,0.114657318180387,0.00691896403595527,0.00655713361526022,0.00597036646493792,0.00443500174359827,1026
"181",2,-0.657520614159795,-0.504430238418793,-0.388771781612939,-0.234678021176443,-0.170777039030126,-0.238829642800187,-0.171758022889038,-0.212252529640748,-0.303432124012827,-0.281291313104765,-0.236720964748049,-0.209492223624096,-0.1011647824085,-0.0341365447813869,0.0683676572635757,0.220423285261392,0.346267211059582,0.476528285609819,0.660790478357198,0.676532019555028,0.7114467857814,0.741963910518836,0.684583199259813,0.597767106837712,0.61807939080531,0.6134595389197,0.61534801263445,0.667732863178348,0.7194331500421,0.722902281728917,0.792245608834353,0.790994217794963,0.788678559663793,0.817740071540242,0.935321941448412,0.796339014959492,0.780885897449073,0.576981048610266,0.360011557228472,0.0191992768129401,-0.151856611730694,-0.37387131789725,-0.417852284380401,-0.486358812804658,-0.530784714738001,-0.502690686354,-0.44115899203301,-0.460436141247994,-0.441806160896601,-0.451233644695973,-0.450999297648053,-0.749504459861249,117,245,294,0.346267211059582,0.935321941448412,-0.37387131789725,177,181,266,0.6134595389197,0.576981048610266,1.68482640130966,104.831933388797,0.00460199008116273,-0.0267182297825645,-1.9591173476331,0.0153458210114266,0.0124418087367236,0.0133369380270056,0.0122231843328665,553
"182",9,0.480326125487416,0.480326125487416,0.480326125487416,0.480326125487416,0.480326125487416,0.419264982880492,0.397204105924072,0.408603234053613,0.446075353183057,0.490721658395877,0.5997816424667,0.678100773816622,0.766725035918079,0.800509835100099,0.862439022650647,0.997997088342976,1.13893789047423,1.24495332594987,1.37126263367363,1.40692721130272,1.46561543634976,1.453878885573,1.4781113749865,1.50652793584267,1.49357401585325,1.46682536278267,1.5295201859652,1.35820232180886,1.33284172906953,1.29756012197231,1.30923522027173,1.15309249343546,1.21021854886696,1.13552885358504,1.22387705023036,1.07151892199971,1.1034860523436,1.13092949269827,1.11996602971026,1.01220239407169,0.952088805649347,0.757186129791475,0.547375299541267,0.377295012896648,0.261712509700864,0.214254663634765,0.257123572393938,0.295359421233636,0.322418637335575,0.335360001558242,0.340065952184666,0.340065952184666,110,188,259,0.997997088342976,1.5295201859652,1.1034860523436,149,146,223,1.46561543634976,1.15309249343546,1.31526552233044,181.172516356415,0.00681439868746446,-0.00600048075523379,-0.277205763193515,0.0164406339970306,0.0155308839814875,0.0156150934571222,0.0148737623928484,245
"183",4,1.19934914969557,1.19934914969557,1.19934914969557,1.19934914969557,1.19934914969557,1.19934914969557,1.19934914969557,1.19934914969557,1.19934914969557,1.19934914969557,1.21095304767277,1.23416084362718,1.22253064300585,1.2573790915413,1.29766062418248,1.29632121043734,1.26715116892675,1.28186699746659,1.25644991664612,1.19668114887518,1.15694329839862,1.15268463260992,1.14881451328273,1.12569789642058,1.12832505926372,1.13924885900914,1.1308462116296,1.09762919791518,1.08221311327185,1.05790415210111,1.06933968146219,1.03891913495082,1.03056102340722,0.959283871249911,0.959799659480819,0.85563744915373,0.823905851576317,0.732762651398098,0.746008694799637,0.71597094442226,0.747964299509153,0.749457109944178,0.803677034410892,0.811526584578976,0.802934687804628,0.802934687804628,0.802934687804628,0.802934687804628,0.802934687804628,0.802934687804628,0.802934687804628,0.802934687804628,82,103,223,1.23416084362718,1.29766062418248,1.03891913495082,141,89,160,1.22253064300585,1.14881451328273,0.581689679760219,149.812774862682,0.00302379907406203,-0.0021561790769305,0.188825710331474,0.00512240362144717,0.00512240362144717,0.00394483788503414,0.00158970641220809,162
"184",9,0.599834528405957,0.565496407415522,0.65383063891854,0.741120708040623,0.784714379536742,0.862822390841723,0.887653539047869,0.88645549739496,0.912987174648124,0.92955586692045,1.00995661103187,1.09020193700126,1.15307010044573,1.22307058467227,1.3116855003752,1.32683806976886,1.36492239264856,1.45425266401156,1.43937143034887,1.44320897883502,1.45811120192521,1.41863843616016,1.40072102919057,1.37811295440543,1.35789293757702,1.32957576168602,1.33770804955738,1.26757190226296,1.2475752150904,1.23722499607428,1.25144969344815,1.18254342311968,1.19375407291887,1.12286821239846,1.14617713529339,1.07199348917507,1.05439020036528,1.1057866702436,1.13896132066732,1.11888569581732,1.03761100655053,1.04713418861999,0.88867054528905,0.784483881101237,0.645053637955156,0.626121302952632,0.5432717646156,0.553498140245693,0.6004591240185,0.583267555192725,0.756831250754472,0.408776798345848,68,146,237,0.92955586692045,1.45811120192521,1.12286821239846,169,110,188,1.32683806976886,1.33770804955738,1.04933440357937,202.83880573239,0.00677635044877902,-0.00368398889589838,-0.59913006270102,0.0138101874740501,0.0126341732234611,0.0114330807319939,0.00785488149847037,176
"185",2,-0.18807598269701,-0.274279533338484,-0.227346591046465,-0.201061443768147,-0.181644935430315,-0.13537451922502,-0.0399698103897169,-0.0837899271444297,-0.182872083450798,-0.151184624568216,-0.198290267745714,-0.297255656020513,-0.259312145880869,-0.15140909362729,-0.102583685586155,0.0278073459133314,0.153230225753246,0.261374834144027,0.3286157282395,0.385973212972927,0.385212757066922,0.409237246785054,0.445679804478613,0.463362209367475,0.430340174158509,0.417742497743227,0.399200192015993,0.365935648654595,0.355536874122503,0.3638582634688,0.422788931349224,0.421575435328341,0.410268828474586,0.42339857355047,0.464726200104941,0.398656879594899,0.421752122151177,0.420449105503954,0.331605094154092,0.164098223802214,0.125502629573676,-0.0407738550946978,-0.157632311078236,-0.214715270502528,-0.211292280631107,-0.2761670591446,-0.257713211507575,-0.0688225675446806,0.0243650500733936,-0.0136722125414038,0.162028815290877,-0.415316045380875,117,245,294,0.153230225753246,0.464726200104941,-0.0407738550946978,177,181,266,0.417742497743227,0.420449105503954,0.880042245485816,62.2082315314558,0.00243356229962262,-0.0103163276571355,-1.77693338058617,0.0105223637687314,0.00806631009799157,0.00787414651044765,0.00503376566461995,59
"186",8,0.889480421248618,0.889480421248618,0.889480421248618,0.889480421248618,0.889480421248618,0.889480421248618,0.889480421248618,0.889480421248618,0.889480421248618,0.889480421248618,0.889480421248618,0.889480421248618,0.889480421248618,0.889480421248618,0.925537782513755,0.958021971998846,0.993277415351498,1.03731941987854,1.08443559964666,1.00548707678954,0.988503405654617,0.951769888859087,0.897314598074863,0.826066807929696,0.796693105557902,0.778315549770847,0.697543346615707,0.626902887871838,0.555921666194901,0.544649086650947,0.603688744291555,0.689090162042047,0.67391728047726,0.684751691866142,0.797173813506548,0.63864733496376,0.525601154725218,0.688099176860369,0.725792041744507,0.609929321834287,0.625315138395816,0.648232135704344,0.494982698357491,0.454590212360915,0.454590212360915,0.454590212360915,0.454590212360915,0.454590212360915,0.454590212360915,0.454590212360915,0.454590212360915,0.454590212360915,110,132,252,0.958021971998846,1.08443559964666,0.63864733496376,142,117,195,0.993277415351498,0.626902887871838,0.629845387285743,102.11943269851,0.00574607398399149,-0.00371490220569082,0.120770752593043,0.0164250076118771,0.0164250076118771,0.0146669586044324,0.0111508605895431,674
"187",4,1.0393059490085,1.02832762299486,0.911629050876925,0.946845268249549,0.917955126136035,0.994298809533261,1.08157704346641,1.06025049629296,1.02929726573117,1.05729311418969,1.05326723672797,1.08098366982543,1.14029229400965,1.20515016298921,1.25579323914631,1.28482290366967,1.16969840475232,1.11038838497554,0.963863728365883,0.878223422484431,0.74484189864505,0.706541903840826,0.754702471740646,0.768683731399549,0.750823126738199,0.716352440775344,0.780448489452245,0.758235961197941,0.740603002047254,0.757105062993555,0.823344949730261,0.812207938705271,0.797924226835318,0.817009460242186,0.820890341746661,0.75638425771415,0.72817542649847,0.727390808539024,0.710845450036237,0.704689036472997,0.725403172374366,0.721513916345408,0.678007531535211,0.658301392337397,0.586763797280172,0.562264343756504,0.540577646128523,0.603945491090973,0.657456755907782,0.647670820087032,0.815753450068631,0.424081972839143,68,110,245,1.05729311418969,1.28482290366967,0.820890341746661,177,89,174,1.14029229400965,0.750823126738199,0.860740930830524,147.693231734499,0.00541737593999957,-0.00343653749572597,0.688345489335288,0.0145877631684814,0.0129117547304203,0.0126597572537993,0.0104797538624962,715
"188",8,0.572129503617219,0.573664958219611,0.618661964581346,0.614779721189039,0.639361434593447,0.65755914464583,0.67661422814275,0.70818391813783,0.767605336476076,0.813007097892791,0.858570606556497,0.908352264903925,0.956073005159898,1.00516283670307,1.03721251315709,1.09552422888608,1.10358648963911,1.0963314467015,1.06742471491415,1.04322252450082,0.988390422169228,0.948815851366981,0.905093897403821,0.883846759039671,0.838245860963955,0.789266937070718,0.772535926061711,0.754788242098748,0.728742703018822,0.734174480548986,0.722733767366734,0.68924590404682,0.673588361791608,0.647693981780145,0.617460518403178,0.595671840987571,0.588806074929322,0.576312417942344,0.581509503994376,0.585381076685411,0.601458154448178,0.615680521213818,0.636712745605491,0.638264325304785,0.638605517140581,0.62371482106631,0.615274188598906,0.597191469446856,0.598481616367541,0.576148592183457,0.624999653208377,0.520205544629829,54,117,216,0.70818391813783,1.10358648963911,0.722733767366734,162,82,167,0.908352264903925,0.883846759039671,0.583380945009279,136.515548625218,0.00627623129367109,-0.00384699719467045,0.0597785919033148,0.00304070924402149,0.00285334412696285,0.00257976743013434,0.00184524891941869,852
"189",4,0.486165031411026,0.52347588368014,0.561641984440261,0.553622152334669,0.57897682153099,0.579612629398378,0.575246019993893,0.587531304180122,0.630859451030299,0.67092837688351,0.737695598439621,0.819894594399984,0.936171899974321,1.10147752837819,1.18147505871553,1.21370282967899,1.21572774961541,1.16208978013761,1.08282985352374,1.10831272123024,1.07696106524928,1.06568898570516,1.03820616950005,0.988482036847477,0.889597895987778,0.857116592187751,0.861181829733423,0.850722070673023,0.83429746577786,0.808843406864275,0.845543893689652,0.812445060055256,0.806673655624004,0.789957933316108,0.793860011078981,0.740686433064308,0.714921489336213,0.719352028990089,0.724903006722927,0.704218804025546,0.718141581926624,0.725108822448017,0.701525901926546,0.703571088493781,0.706234018742773,0.691172368872132,0.67992699252167,0.66751298058844,0.640586019072066,0.614043873043255,0.581958828724306,0.552998146708914,61,117,237,0.630859451030299,1.21572774961541,0.789957933316108,176,89,174,0.936171899974321,0.889597895987778,0.729562718204389,156.779764483205,0.0104440767604485,-0.00354808180249422,0.144213373040981,0.0118852352764554,0.0116870546129609,0.0116674953789779,0.0114301962475174,111
"190",4,0.932959832874371,0.932959832874371,0.932959832874371,0.932959832874371,0.927170418228169,0.902523102779455,0.878054297397521,0.853108215615446,0.827684857433228,0.807232725782684,0.804820306820122,0.800514125071113,0.793940102427595,0.823883725217734,0.834166594841083,0.844056050592556,0.869016668582058,0.888431289571234,0.871565390501321,0.901605123726651,0.916414162864985,0.912122863181477,0.909289185923059,0.936002491948029,0.940636403622009,0.955047503928156,0.997459639618479,1.01100917824862,1.01819183923461,1.01366488919575,1.00284346134123,0.960323094818127,1.02598312996093,1.00650424928271,1.02044391283574,1.04913572624337,1.09711291107243,1.00216722513899,0.952717898540838,0.894440078497168,0.913466753191711,0.93622858746833,1.01831854156343,1.11711109753062,1.198675917074,1.20114367728144,1.19003323907327,1.19003323907327,1.19003323907327,1.19003323907327,1.19003323907327,1.19003323907327,181,322,343,0.955047503928156,1.20114367728144,1.19003323907327,162,252,329,1.04913572624337,1.19003323907327,0.407203574853841,153.076307009634,0.00174536293158355,-0.000529068486102939,0.597101016613772,0.00849797925129064,0.00534190819880422,0.0074459555671285,0.00849797925129064,199
"191",3,0.605462040535898,0.625711203194778,0.638079377291667,0.654557647698219,0.68673860923897,0.699867856080689,0.718980061479171,0.724082367625134,0.740224588633102,0.735266205478159,0.75788089360865,0.774685850731561,0.790620786219065,0.807258107710626,0.826482399565745,0.817640590837138,0.877710737904,0.953880924153165,1.01900311838247,1.0696660126741,1.14068881416409,1.11725715032458,1.09070408719623,1.05887121683856,1.03283624621853,0.976258230412532,0.984608624271403,0.972852343272406,0.944067558401467,0.943316600123879,0.982165376297869,0.934706578993387,0.908493627164032,0.892111903744413,0.885137874206239,0.811376012537442,0.81340479778591,0.817159377810793,0.806952865901188,0.773686197003729,0.792646910750223,0.784955457307368,0.761244714126702,0.752895433735274,0.725586787944029,0.703709487564638,0.641102471799632,0.626100439063811,0.6083838517627,0.594792719022509,0.611003284960972,0.571627996534129,68,146,252,0.735266205478159,1.14068881416409,0.811376012537442,184,110,202,0.817640590837138,0.944067558401467,0.569060817629961,160.966194606565,0.00519772575238374,-0.00310672454364763,0.0128188815925074,0.0075168299708102,0.00745464344003969,0.00673904815314627,0.00524567104858892,-202
"192",6,-0.713697936447652,-0.609690546658643,-0.503296618681234,-0.406053284641436,-0.347588875526576,-0.426422063959236,-0.38576020228929,-0.399148316766334,-0.458515497184383,-0.472458134499869,-0.401613429072173,-0.404011632318988,-0.407865384570335,-0.240575932076106,-0.267758014162131,-0.302827043045457,-0.293296669182952,-0.285928337474607,-0.456691381064348,-0.334369896096225,-0.292085692078587,-0.192657464869758,-0.104810901085646,0.0138351629124402,0.0083120825779543,0.0872153683266979,-0.0162874119283955,-0.097191093755432,-0.167641397040791,-0.20226810078545,-0.32673820620794,-0.347738825819982,-0.327707995379178,-0.37082404334881,-0.466904965512789,-0.443992138867376,-0.472274230387089,-0.475041497574528,-0.48777657470817,-0.476785794947689,-0.513601290566348,-0.505750652183664,-0.583526659968678,-0.577486045711388,-0.541537450040502,-0.491039642044789,-0.471713859665991,-0.465205140883293,-0.489513527867872,-0.506606601067197,-0.671300809405648,-0.443306693306693,89,181,252,-0.407865384570335,0.0872153683266979,-0.443992138867376,163,132,216,-0.456691381064348,-0.32673820620794,0.80091330477435,-33.1268791658809,0.00538131253148949,-0.00748179587597287,0.489604581818893,0.0280328462463696,0.0252165667674695,0.0255272805208201,0.0233324285486213,72
"193",9,0.657555856029876,0.63762687246821,0.67096047884468,0.67448580398907,0.689435440247591,0.700826181142134,0.699762178423304,0.710746891339434,0.714250316820448,0.736705597751618,0.793858382308353,0.818911168941568,0.932436890347098,0.997508792087178,1.07346811747029,1.18893814797605,1.28237974976711,1.25718759412736,1.28216717728114,1.31830603334395,1.23564964527982,1.19030538640212,1.23888885477345,1.23120530666713,1.18332907532774,1.14726168458007,1.19411435247072,1.10725040116239,1.0811419626188,1.07275309114395,1.1408239420498,1.06146037748739,1.00271689207104,0.987992720363508,0.992361168315422,0.889113663130872,0.903823118596644,0.960475032608663,0.964050725906213,0.926613947427168,0.947556121261606,0.913359980414828,0.884609258736722,0.860572304097392,0.804905491236023,0.744666472350061,0.694678934604542,0.660898764933394,0.640006481252575,0.603924403921677,0.69360851672596,0.479730747978098,68,139,259,0.736705597751618,1.31830603334395,0.903823118596644,191,103,202,1.07346811747029,1.0811419626188,0.838575285365847,197.28027249971,0.00819155543087785,-0.00345402428956085,-0.527470566504175,0.0104982941300661,0.0104805777641618,0.0101103541376345,0.00935219051867561,2018
"194",2,-0.0906930197648236,-0.312676924419041,-0.360988895545013,-0.440841162690802,-0.478346820197116,-0.488199682517123,-0.486902638373189,-0.476822634773235,-0.395140282477244,-0.29667119771899,-0.191360458587694,-0.0854636365799129,0.0191572406539684,0.0682791112236184,0.123541215614475,0.186171600590779,0.25029499788201,0.298403163918056,0.319911376935614,0.320884341171629,0.315484793039094,0.306498970699605,0.309190717413801,0.359553221428294,0.394239309015558,0.418754998874095,0.475843694096754,0.587596113229322,0.61547781112264,0.655027612665397,0.777864072347492,0.771646499389198,0.691523270027021,0.716830029716533,0.817666454366387,0.697572627202734,0.781533436699915,0.828203865162557,0.683252004063591,0.436418186501571,0.38718805828465,0.260698567768949,0.112978754678309,0.0828124858261896,0.0471984147787442,-0.0794543468603991,-0.222623230673143,-0.23777199167253,-0.287163287600734,-0.321064996994492,-0.333184497487602,-0.433070866141732,125,266,315,0.298403163918056,0.828203865162557,0.0471984147787442,190,195,287,0.587596113229322,0.38718805828465,1.31640354767968,91.2302736244635,0.00375745178187589,-0.0159388867425268,-0.117936386076545,0.00971368292295641,0.00962608425067657,0.0095823571290082,0.00940730421339162,515
"195",9,0.557809330628803,0.557809330628803,0.557809330628803,0.557809330628803,0.557809330628803,0.473756061986266,0.407692291748741,0.359618019916226,0.312853514770673,0.27716762544852,0.336613620592306,0.381762989272214,0.413538949473528,0.46231293809127,0.501495189810016,0.528750877138617,0.55656214978807,0.584196052081966,0.599240952662617,0.654373501629535,0.644231997560598,0.705582644729773,0.729252416098912,0.779413315129733,0.820075975158399,0.916439173274025,0.981306728164287,1.04541089317261,1.12068052572568,1.17123203949517,1.27061870072297,1.26001831202927,1.31696793760545,1.31979468514927,1.35295474693255,1.25758677849634,1.24126939914674,1.22657117364602,1.22494008504121,1.20188125971576,1.2689367806671,1.32268379717863,1.3412671916825,1.35753093872623,1.35753093872623,1.35753093872623,1.35753093872623,1.35753093872623,1.35753093872623,1.35753093872623,1.35753093872623,1.35753093872623,167,308,336,0.779413315129733,1.35753093872623,1.35753093872623,169,237,322,1.31979468514927,1.35753093872623,1.08036331327771,190.350070082807,0.00410012499004608,0,-1.30882854310102,0.00760301843200747,0.00637328055706264,0.00719310580702586,0.00760301843200747,1023
"196",8,0.659258644995439,0.659258644995439,0.665217539299512,0.669075724621109,0.671841261600719,0.652012645297938,0.635743516405425,0.64901025426324,0.642557833130565,0.657274090859218,0.687991637711721,0.733058757757057,0.771676806507543,0.833753845543195,0.810150430173746,0.817643773849854,0.758982952261719,0.675461772152669,0.593070002026216,0.583249999640806,0.539963593691841,0.566309327842161,0.561814028664744,0.564361618646604,0.559286269811824,0.562178453943062,0.575912105106573,0.590410460534402,0.598572482608433,0.617364660536652,0.651207911816291,0.63652404829808,0.63296011767718,0.618208310949879,0.63182844626651,0.589427195169434,0.580162859225119,0.606146033426938,0.622367992997971,0.597304083116481,0.622918822369831,0.621563133414202,0.610455749944731,0.625633295121138,0.638376220306996,0.633277368530933,0.629242235907064,0.626131427490243,0.61892865474313,0.58285244507219,0.645486497130644,0.474249379979948,61,96,230,0.642557833130565,0.833753845543195,0.63296011767718,169,75,160,0.687991637711721,0.561814028664744,0.359504465563246,100.812462085047,0.00546274321178941,-0.00149846065571653,0.725515043380758,0.00641165940549077,0.00622592872144209,0.0057363840853956,0.00457156412925394,1995
"197",3,0.524427741715067,0.614152666909622,0.588811096258727,0.575465775226614,0.543525211702924,0.499469801295538,0.470341781428632,0.462690390596088,0.290042240089425,0.214871497437308,0.137850719751154,0.156590422642495,0.168082705843052,0.369376333121008,0.471478990474376,0.549821559106407,0.600553529956288,0.675702672629144,0.753856113456097,0.828461685199678,0.951986579974153,1.02824745287807,0.977008359600914,0.988957070310006,0.953524640045419,0.988067892255611,0.858628361537741,0.808781545010883,0.817461753697841,0.846895526773706,0.727192786633249,0.807652962645967,0.840994820714233,0.73977549559439,0.689138566226331,0.769394646913188,0.740549560741211,0.770218148208403,0.906590773638138,1.05256196629526,1.03855191187897,1.05571095534162,1.12844298292718,1.05777527561387,0.967870016320768,0.93540831133211,0.969520274542786,0.886890011535615,0.837737819008688,0.764195771900292,0.671507323874291,0.591578780009539,146,301,336,0.951986579974153,1.12844298292718,0.886890011535615,190,223,315,0.807652962645967,0.967870016320768,0.990592263176024,157.976724388682,0.00113842840614855,-0.00690151346833038,-0.0405877603520036,0.0190515456113633,0.0155210714098888,0.0177646805999081,0.0187214247784722,-643
"198",7,-0.184570577079382,-0.184570577079382,-0.0972638440349069,-0.0680277028021045,-0.0653375804995193,-0.00726049271266795,0.0478390189608651,0.120108662146728,0.136921251714417,0.21271834952085,0.265566971151541,0.290521261924252,0.286373369380849,0.372645492743324,0.459849857980374,0.489497042271807,0.501955812390763,0.515104906297522,0.537340375489421,0.573393093438552,0.565911083725225,0.590588635433751,0.607521267640349,0.606843138067563,0.592276714081414,0.614731969969496,0.633994373080524,0.619882380914776,0.644873419174391,0.606276321406069,0.644942258290229,0.624713716877268,0.669669875808013,0.643106145372463,0.663587181120449,0.656179627197765,0.661110377088557,0.660813889215257,0.671622401195954,0.626010094073234,0.581207343015895,0.596938147073754,0.596805162942309,0.619023604103629,0.683954871981097,0.701611109964016,0.651977446607961,0.57577557670237,0.482152014280334,0.354118997434693,0.273973884551246,0.117168228909719,139,322,343,0.573393093438552,0.701611109964016,0.482152014280334,204,230,329,0.669669875808013,0.651977446607961,0.886181687043398,119.941080276616,0.000700644899046252,-0.0104504331277944,0.108964236943293,0.00404624380610036,0.00283672173053802,0.00363182234017018,0.00401250148387215,26
"199",1,0.334382376081825,0.334382376081825,0.334382376081825,0.334382376081825,0.334382376081825,0.321331990071632,0.298131303831289,0.264780317360795,0.239733178452294,0.221423128231017,0.222900552707159,0.236773973642525,0.263604815094385,0.291676017957821,0.3225543411076,0.353994088314648,0.386369542283811,0.41724786543359,0.440266251781607,0.457670397556938,0.500435430817272,0.532103143041822,0.571792125577233,0.651132614231766,0.718008565406945,0.797868294916085,0.852451034860797,0.882808475351696,0.892219088771772,0.882020950960769,0.90559768554413,0.895544416809223,0.975250616494739,1.03812848594113,1.09438861889156,1.03543485046348,1.09995397342139,1.03652267994961,0.991389083466185,1.02849103452499,1.10248223465603,1.14555332689709,1.24002760893934,1.31105744680229,1.33031540941247,1.34812185799476,1.34019843400833,1.33395680790599,1.3293013080136,1.32894319263726,1.32894319263726,1.32894319263726,181,322,343,0.797868294916085,1.34812185799476,1.3293013080136,162,252,329,1.03543485046348,1.34019843400833,1.12669872976374,159.747229957207,0.00390250753956508,-0.000896216665769799,0.375096283522464,0.0060104785431516,0.00576301012917705,0.00592798907182675,0.0060104785431516,427
"200",1,-0.0585534944725501,-0.0585534944725501,-0.0271604316808314,0.00531979531760947,0.0436322243271103,0.0758563895800114,0.0848193260273734,0.134702762728486,0.24668577559116,0.244715550746261,0.343040501557576,0.494199917245779,0.641418133751256,0.756218921698084,0.95524977495277,1.06088983092998,1.10785744929042,1.09262557705069,1.01509090760436,0.948380470902418,0.854101495618026,0.766106192314867,0.693252698739776,0.639868881454374,0.588811691293156,0.556001657944153,0.558882272979098,0.560310160512802,0.55307458862793,0.557286703557983,0.569018350058587,0.56440808972584,0.553667276284555,0.602621730677947,0.742893483601387,0.729288535993941,0.810581874527557,0.9617217935915,1.07688121186521,1.09782203170701,1.27029517444373,1.34185051410482,1.36039289010845,1.32920896816663,1.26494546719462,1.16873877679894,1.04898301316799,0.924420640779077,0.833717862569141,0.778288386996402,0.75813221406086,0.75813221406086,110,301,329,1.06088983092998,1.36039289010845,1.04898301316799,219,209,315,0.557286703557983,1.26494546719462,1.418946384581,175.356820746183,0.00156807884386635,-0.0111217813193023,0.381519873434663,0.00542146872966138,0.0031940625760362,0.00466750994653338,0.00538699853390257,259
"201",9,0.591339734215044,0.573850540380646,0.532416510931139,0.520213788105198,0.506361105595425,0.500390780749651,0.503364493132174,0.504245006783741,0.493203970741794,0.487103687650795,0.491408074079215,0.51896430935086,0.53974961347071,0.602727745809384,0.654330461577879,0.707189628802218,0.7715153458316,0.833300951361318,0.861882688986987,0.936452717867322,1.01533560641985,1.09006715283604,1.13052180625016,1.19003312261916,1.23298784276498,1.23753997629432,1.27731579124189,1.29259778475369,1.2947844069182,1.29043231870638,1.34810372498539,1.31783011418901,1.27494541070992,1.2472057121705,1.2655903853174,1.12668689847717,1.0803135761675,1.12504335401622,1.1070064734327,1.03903709413839,1.10209252634806,1.08807775883541,1.05947515229107,1.03960473782579,0.993345171229705,0.912186048816169,0.826394789012474,0.753933837880952,0.68771950093578,0.629119209846631,0.582103329698006,0.525739776127674,132,216,301,0.861882688986987,1.34810372498539,1.05947515229107,169,174,259,1.23298784276498,1.0803135761675,0.861000037334596,183.940552268502,0.00578834566664767,-0.00339563026699202,-0.324819207346948,0.00955757116323855,0.00916898612815996,0.00930086862435394,0.00917604858166333,1936
"202",4,0.921014387443686,0.86874364622162,0.939087395742054,0.948600786564805,0.946716258307832,0.960390211563861,0.931878032108146,0.9523547511446,1.00768767925073,1.02729137909009,1.13236865417996,1.21279283934341,1.22554800183251,1.26010451004015,1.23846496492164,1.25318016624932,1.17846786512399,1.13705295990166,1.03255829444287,1.04378095101004,0.955414104205873,0.919081572346653,0.919671933838627,0.943461309145906,0.946066522564044,0.933987667917243,0.974637963361806,0.943849552133033,0.999750992852811,1.0358705575888,1.0511737519984,1.01448452516597,1.07820928372348,1.04338541433759,1.01759690328205,1.01921098665415,1.06787030136838,1.02795955975668,1.04513790211653,1.0510747676361,1.07194725485987,1.07969435779479,1.111445065474,1.08927073212966,1.13017522934102,1.13712201088153,1.10962777685237,1.0700122444698,1.04222850209559,0.97264053641272,0.9559912622446,0.856203382110118,54,96,223,0.9523547511446,1.26010451004015,1.01448452516597,169,75,160,1.13236865417996,0.919671933838627,0.403901127930033,164.557594756518,0.00732737521179882,-0.00193401562893055,0.488945317901455,0.0200449541876469,0.0192174253995088,0.0169271270104983,0.0115190014443391,154
"203",9,0.640975685785536,0.640975685785536,0.640975685785536,0.640975685785536,0.640975685785536,0.640975685785536,0.642156004450141,0.648053418547658,0.659846157129937,0.670938947257584,0.68311472567091,0.696545888129573,0.708304583542754,0.736610102857263,0.774880776567479,0.800357881800282,0.831710240466362,0.864866028495226,0.90252221909997,1.00293430843152,1.102827257814,1.15672332832617,1.24516318258882,1.28576176040122,1.23541765162405,1.16922368030583,1.13532613065494,1.07556829030361,1.0286376217388,0.9962267695379,1.07575236110497,1.10325797468176,1.14236642166136,1.18933594613205,1.23240048070733,1.14345867638831,1.1440064837908,1.09453425844047,1.07281840580959,1.05620506880109,1.09370563094105,1.09912606040954,1.12943213842779,1.13219231993726,1.13815674127754,1.13815674127754,1.13815674127754,1.13815674127754,1.13815674127754,1.13815674127754,1.13815674127754,1.13815674127754,96,167,259,0.736610102857263,1.28576176040122,1.1440064837908,163,132,216,0.90252221909997,1.07575236110497,0.64478607461568,159.808001184379,0.007734530387943,-0.00154081822402627,-0.586269267206962,0.00921643087388687,0.00921285943056833,0.00895747974346092,0.00844314892592756,814
"204",7,0.473356775764133,0.422999713220533,0.246635921246601,0.188048393234489,0.120817362181046,0.0990435339213028,0.0358677367227899,-0.0526936480848632,-0.0794246880950132,-0.0976200185329126,-0.0521557419464258,0.0233134841980413,0.139070752554777,0.246928415095746,0.377002813780328,0.451443562050715,0.524851021296494,0.574530952283277,0.590672893591405,0.620840712551937,0.70608309989047,0.77154780536266,0.852218717378642,0.936549847226107,0.99931021295301,1.02721862707523,1.15080890342565,1.12407871153048,1.1004417763953,1.0278941037393,1.11657380395854,1.0263081633935,0.970657296581661,0.93604913625243,1.04132899219236,0.875551799247384,0.842585035313262,0.85621000530202,0.810046225051933,0.550346026665481,0.419136082823951,0.262867724576208,0.145080785006787,0.0429244091332602,0.0577304185365783,0.069861540795447,0.0587630558836866,0.185224972526716,0.252348908301038,0.260460795208874,0.391211025067121,0.0906302286670385,125,188,266,0.574530952283277,1.15080890342565,0.85621000530202,141,153,230,0.77154780536266,0.970657296581661,1.24842892195856,119.989323779471,0.0091472690657519,-0.0037769089503029,-0.675078286307209,0.0136591506595676,0.0124831487403357,0.0117720527310262,0.00917385879317549,-311
"205",2,0.160291241034558,0.160291241034558,0.0856095901175804,0.0816844827924174,0.0756043488702801,0.0618570279883887,0.094764756977776,0.100492382822379,0.0757050663517651,0.0741914907606932,0.0174309998285523,-0.0342169127616809,-0.0705061593112215,-0.0550038161830894,-0.126288101506571,-0.0989593180328409,-0.0583314735013184,-0.0238042367637097,-0.0235663666317296,0.0615619380904301,0.118834687059938,0.183394625812445,0.242590919882082,0.305868136603117,0.333954598778765,0.375152141924722,0.376298289480755,0.34645070311488,0.351911456955695,0.349625074346903,0.327764905867573,0.321204304025212,0.339854912890186,0.336581648169551,0.346507626927437,0.367781898325603,0.391734693415337,0.473405696928009,0.470747338698654,0.456337483194455,0.419151434711283,0.375412849725693,0.270509835044702,0.218455005774787,0.185297555196232,0.158817053434037,0.13474387001386,0.117090202172397,0.104090683125501,0.0939799460890269,0.0841901848314882,0.0817828664894705,160,266,315,0.242590919882082,0.473405696928009,0.185297555196232,155,216,287,0.327764905867573,0.419151434711283,0.599693798434581,51.3893838835491,0.00217749789665969,-0.00587975799452606,0.037727126854321,0.00429619214790511,0.00343477692922586,0.00400905072260726,0.00429618309069079,-127
"206",3,0.701371571072319,0.82924192520303,0.765466100870242,0.772589299322752,0.761945587891187,0.702306541559135,0.711156929935377,0.73066264983583,0.718380992949055,0.748410580438954,0.741537773837112,0.781492131984884,0.871728662614882,0.856444739607793,0.781863725465578,0.777896506242756,0.72973679900748,0.60815054569023,0.615458781869658,0.709216380331817,0.723282944128184,0.71984597305453,0.850634029100823,0.878482694864088,0.84979684203605,0.848105387960815,0.963968466314117,0.943999750203746,0.960988534991256,0.970385144761648,1.13154518824963,1.07232311319322,1.03542097804031,1.04620989052223,1.12377814573941,0.979926793314568,1.01346389985405,1.05237398064707,1.05319036626818,0.982370263723197,1.02293321336484,1.01994115489476,0.968045527753993,0.982628772636079,0.983115536881833,0.978233444267346,0.924387935335109,0.928472829008592,0.890768647175386,0.858358812334721,0.802309903276144,0.799733422192602,110,216,308,0.777896506242756,1.13154518824963,0.982628772636079,198,160,259,0.850634029100823,1.01346389985405,0.523394642559404,169.926723075974,0.00333630832081961,-0.00161865669145169,-0.698838207604805,0.02501425875696,0.0225147091922576,0.0238209054843624,0.0239337485038695,-806
"207",2,-0.652967159592856,-0.553327276782856,-0.487019613097092,-0.420365264287034,-0.368050198930962,-0.398683530658181,-0.436470154485702,-0.450652755180573,-0.4774913070335,-0.479289815371386,-0.413174959298205,-0.346966560499994,-0.316941166357124,-0.303092667716081,-0.286038449532203,-0.0776673267663952,0.163233426372717,0.428153828572338,0.707727889715124,0.860250828137471,0.817603433704166,0.718774250417079,0.60465437947786,0.495354742682484,0.470268197444936,0.435093978791254,0.458960809304555,0.494685723782237,0.509265172147063,0.56179254282814,0.620639179226772,0.612453296550518,0.584495731607608,0.497005297705825,0.427365145971117,0.233340014466587,0.0603712971075233,-0.116080274980249,-0.223106543015889,-0.385829782428102,-0.430341491877935,-0.474853201327769,-0.516746574927612,-0.534404163029977,-0.548759779717633,-0.514722031589836,-0.504302459175956,-0.495196125276999,-0.501423234985553,-0.50204997421885,-0.552383316782522,-0.552383316782522,82,139,259,-0.346966560499994,0.860250828137471,0.0603712971075233,177,110,202,-0.0776673267663952,0.509265172147063,1.51321798773033,69.0721306906662,0.0211792524322362,-0.0066656627585829,-1.07285509650663,0.0043694506056878,0.00412133713147631,0.00420722716238066,0.00413089374997787,207
"208",9,0.598509671282106,0.530064950193775,0.49545725891,0.462493922718939,0.444100847792716,0.434805780634909,0.437567467446812,0.439043021092698,0.448297308568247,0.486392379249321,0.513271951726635,0.573135590196168,0.710660804497456,0.901354328130513,1.11880145783234,1.39248386151393,1.62980957836078,1.7923624812206,1.89223650409863,1.91612157727986,1.90209898079621,1.8916393319592,1.87733446229359,1.83398112664496,1.81439771282708,1.75392922260142,1.68393954437623,1.59307716942525,1.51334240998683,1.44505818576527,1.42244990039137,1.30669821068439,1.19949637364242,1.15077378466737,1.13102604033493,1.00838006595205,1.04226275289297,1.04473120443921,1.03865818442278,0.930265231570569,0.890192285549689,0.789888487126017,0.766480838466102,0.657168152011365,0.619309969505415,0.606117417436232,0.576522989350648,0.512918386228,0.501679606042548,0.487333063341814,0.440626306666379,0.494170641229465,89,139,245,0.710660804497456,1.91612157727986,1.13102604033493,156,117,188,1.62980957836078,1.68393954437623,1.48131579664496,225.748341066486,0.0241092154556482,-0.00740656166929185,-0.602222421765541,0.00877372149088513,0.00875621165351502,0.00794105669733246,0.00629323694759721,831
"209",4,0.568514185434338,0.657576837131986,0.647077558163604,0.683798567273202,0.693829086488113,0.765805176489819,0.801774944738785,0.799545491176676,0.787769825222845,0.819468548046525,0.784411334707016,0.813348607921959,0.850883159389607,0.978364828230332,1.07686484364273,1.17458666317625,1.20544392661846,1.24364116387234,1.18583300573069,1.1258047635305,1.05730538979557,1.01761304456096,0.969528502808889,0.937047869517671,0.892392318439574,0.855922992466303,0.832179030319248,0.848156074601258,0.833357608917545,0.836378171433382,0.866511238695447,0.869637000772264,0.820411172144447,0.814189054895125,0.820979054091329,0.76396442957827,0.75011254789554,0.783672215586124,0.778390221579165,0.772620308187658,0.825338666692484,0.849628369539534,0.820269341493908,0.796132658457946,0.77211326454195,0.738129393017738,0.683583662633378,0.645232253563492,0.665364907354904,0.677866880977405,0.727672257329733,0.797920298130673,54,125,223,0.799545491176676,1.24364116387234,0.869637000772264,169,89,174,0.850883159389607,0.892392318439574,0.675126978438006,149.384249203047,0.00625486862951645,-0.0038163690112253,0.62071516258012,0.0117271013094724,0.0116108222323931,0.010089273352889,0.00692989651680139,888
"210",3,0.517971069420757,0.51853941027448,0.49054878761023,0.48585534077325,0.478554496860993,0.471568861936718,0.479186540653948,0.474341224736709,0.466477791197838,0.460318895068863,0.454751238288534,0.45290490356208,0.452990593549415,0.461277623383495,0.46916186860722,0.481323555077631,0.508320511329555,0.542473218959584,0.576444675047838,0.646217471611232,0.696630055951169,0.741280265626072,0.774904866794852,0.819728682505072,0.826316969554682,0.827629057229016,0.856148719086744,0.893686683584204,0.885306588434604,0.888834832314521,0.941150813287929,0.947167100922993,0.952709661958398,0.938882499655056,0.942415097484808,0.85880502198538,0.825979103278452,0.760212325066495,0.741411054294321,0.697866440477801,0.714139531303557,0.707363623171119,0.713087503520946,0.707847100718636,0.694214392009324,0.6727110048631,0.623366098592716,0.596846987943641,0.567230749990721,0.549899974208098,0.511272330802542,0.535231071258025,139,230,294,0.646217471611232,0.952709661958398,0.707363623171119,155,181,259,0.827629057229016,0.825979103278452,0.499804758396318,118.721392838751,0.00336804604777106,-0.00383353185605123,-0.165322189919584,0.00620996313876838,0.00593101581101426,0.00591933843445968,0.00561703635359639,2025
"211",9,0.332029987720545,0.36071644961163,0.35819326897441,0.37302118920901,0.373946146574183,0.365141807167406,0.376433353901868,0.364436476278501,0.350626374281032,0.342580524056744,0.335671638878273,0.325414468590922,0.308199674664397,0.325229778200966,0.343547372540077,0.355901411295188,0.385624925431621,0.462240572032298,0.54849620182375,0.746013509623635,0.8817696846787,1.05452442213856,1.21864292150189,1.35091297208658,1.36435306857984,1.42533107739615,1.40398967573767,1.38259125027295,1.34846335538952,1.29372979549321,1.32199936277316,1.30759274122918,1.24896960141878,1.17732613808405,1.18768332511498,1.06879326779544,1.03004537461396,1.01618460633301,1.01710292185454,0.930119879748354,0.894613992053341,0.857403979984421,0.806556048454131,0.741220534554152,0.707236961545396,0.664712425392263,0.599759818304766,0.52723815233972,0.482639928413474,0.441524310683776,0.440964095855517,0.439193949927193,117,181,280,0.385624925431621,1.42533107739615,0.930119879748354,163,146,230,0.8817696846787,1.24896960141878,1.11713140273176,170.002093424798,0.0162454086244458,-0.00500213330957373,-1.11561733194408,0.0085671014304464,0.00829595398197234,0.00823303615685988,0.00783605305816091,2030
"212",3,0.434097166711076,0.517471731983818,0.488081502246925,0.498753944581737,0.499093233929356,0.49930222723712,0.496374751105798,0.488498258630256,0.4922124215802,0.488606950457464,0.51932649234063,0.541345640731638,0.549622962618547,0.585182812969854,0.633842388094439,0.683182802657428,0.794816290283772,0.908951889451036,0.969640469390366,0.953551033738898,1.01713574402813,1.01215677415297,1.0648104199877,1.13963559925932,1.19779337727444,1.2736779613693,1.2470215581651,1.09661710583013,1.10750682288322,1.1233833747811,1.03009832151203,0.984693285606506,1.05447744700923,0.965344213693387,0.965868407698097,0.963653182855559,0.99651322273604,0.999888758230473,0.989734511951091,0.923058979435472,0.91767064642298,0.945497123447568,0.885672930012435,0.889873833511618,0.903417726664374,0.809773359314887,0.709363819495984,0.692215147734206,0.606641990417454,0.574891293287547,0.512548159147589,0.612372457598486,103,181,273,0.633842388094439,1.2736779613693,0.989734511951091,170,139,230,0.953551033738898,1.05447744700923,0.83958079465822,160.779666375615,0.00820302017019047,-0.00308634184150223,-0.379213772335849,0.0226207304980125,0.0224635340723962,0.0216597062478176,0.0198948541730441,1689
"213",8,0.415838669316258,0.463214303281704,0.470431831011985,0.494934070533684,0.507585542236327,0.501309202677412,0.506028568656743,0.507737441640894,0.503214727203194,0.521359008064915,0.555080263692033,0.600408732602864,0.668150450802304,0.737467718108896,0.789923999692324,0.838064268205253,0.880828262748982,0.902542020334579,0.913084592237759,0.932190172508548,0.942970530306452,0.937989149653202,0.920338273229274,0.908873671464332,0.882413987554466,0.829435033977038,0.796407072168998,0.784082918345634,0.739645169665578,0.71707315398323,0.705836755258158,0.668151725464272,0.633192456475474,0.612044607317114,0.592389048022873,0.564065842854019,0.563864989603465,0.542219349156547,0.534445273507434,0.526702067026644,0.558444341515376,0.566169709662517,0.588242696051643,0.607975332524248,0.605160261289573,0.591067432012575,0.578793829691787,0.569000907322412,0.56066746954925,0.555140032586214,0.547910108019966,0.551137507549829,75,146,237,0.555080263692033,0.942970530306452,0.612044607317114,162,110,188,0.838064268205253,0.796407072168998,0.527131860990194,120.677571783281,0.00546324319175238,-0.00363654860427844,-0.336115184359957,0.0034161497959108,0.0033649159085549,0.00295716095295479,0.00209041715439869,270
"214",4,0.733233233233233,0.618204101272447,0.586042691754048,0.619429154644787,0.685389055686839,0.735637162781255,0.815284456092174,0.878336244747865,0.874490542701541,0.8663904616179,0.921330803607087,0.9735554005882,1.03336042442752,1.04181956552629,1.1000786300989,1.1532736263003,1.17165873802943,1.16706659441939,1.20019437866121,1.14265936599559,1.05373257196656,0.964546750344141,0.926073638645959,0.860832503929739,0.824436766797826,0.807378960635029,0.818378057489986,0.779911611558883,0.840707867260087,0.887459598134805,0.885520074810918,0.869447865361793,0.872620077867622,0.816926574917721,0.779331067006147,0.770176682194277,0.76893461475868,0.740524940594756,0.763457243863363,0.75688250991824,0.828881807438778,0.906034810018924,0.944370842660743,1.009860992597,1.10492492521888,1.07158841544366,0.998611932117667,0.97034789735712,0.821265341673242,0.672614478577123,0.484879241938602,0.47411756765877,75,132,230,0.921330803607087,1.20019437866121,0.872620077867622,155,103,181,1.1000786300989,0.807378960635029,0.72607681100244,138.233502172277,0.00489234342200217,-0.00334259490605703,0.225060887403305,0.00956225679496275,0.00909982238637268,0.00741487563601879,0.00358254772672094,878
"215",7,-0.295485740430075,-0.295485740430075,-0.240084104558258,-0.247162985753221,-0.24892684257037,-0.267814813949735,-0.349523813503296,-0.346772621920567,-0.305408622714778,-0.277055933676401,-0.174411008445753,-0.0567428854855206,-0.0161842507729218,-0.019970712115797,0.0647457845362185,0.154087497126931,0.266781104871373,0.378015843631706,0.497044698321586,0.539250519570819,0.563388197936511,0.562972701909199,0.685085578248766,0.825383909999943,0.921202419813826,1.0634096196869,1.15474327196584,1.18519618728274,1.20616039499423,1.30343793067133,1.31721304733998,1.35188476874577,1.35486179942747,1.28400337563285,1.24563894809272,1.11881845162924,1.05268966949099,0.919389800492321,0.847822126102188,0.685943124002357,0.583908538427657,0.44280373257335,0.370912706225311,0.33080373407505,0.318401037982765,0.333704617948456,0.356485147372639,0.355799334923346,0.336532486487693,0.307788476463103,0.249454919819094,0.230599558853018,132,230,287,0.497044698321586,1.35486179942747,0.583908538427657,155,181,259,1.0634096196869,1.05268966949099,1.70438561293077,145.296114310609,0.00875323572557025,-0.0135254958070143,-0.403719972685399,0.0129997329454773,0.0122109140599073,0.0127288882215872,0.0129760176593772,698
"216",9,0.408242612752722,0.408242612752722,0.397515800755099,0.390271040381242,0.386244225823107,0.379568191227458,0.390329287825139,0.398073658140773,0.407084056972815,0.439385792646349,0.500846031014612,0.627945248935726,0.801212994639981,1.04359345465815,1.22772983670694,1.39542739292812,1.4778882053324,1.50941937104517,1.46938294793156,1.45821282622498,1.38177730006935,1.37418050380384,1.38136723641801,1.38445596272819,1.36857676711847,1.51292259697552,1.46136714408242,1.29393305823023,1.33221680570976,1.29639255857457,1.04995652877528,0.931002170963354,0.919181628049934,0.789427105483155,0.688542163068158,0.844074802848929,0.91757709005999,1.11234262403567,1.17737860487547,1.20725038871479,1.2744848986167,1.2060807862528,1.23804763724885,1.28594213832203,1.36995681475039,1.20900990568123,1.23005053427946,1.02991654792981,0.814474870881048,0.692036840364452,0.47432477000215,0.608748742996696,82,181,287,0.627945248935726,1.51292259697552,1.2744848986167,205,132,237,1.46938294793156,0.789427105483155,1.13335440574807,231.85054707109,0.00893916513171513,-0.00224941224866815,-0.579316087398574,0.0565021248617654,0.0564626976711263,0.05198240586799,0.0429823950710783,261
"217",3,0.358441329971266,0.414733538289055,0.412743015545938,0.429990184088555,0.434402432176013,0.419854020866439,0.420379288346851,0.414675648772042,0.402536522738797,0.395161860795623,0.395873878930462,0.407278358907356,0.408649946958444,0.437039220660366,0.462719543509453,0.509704441619835,0.527467316556877,0.561166748007223,0.580632246886633,0.624989723250309,0.627395122492257,0.671319458476555,0.688340146299274,0.71050595459965,0.714844832215111,0.731445616647614,0.733410828189915,0.793339964673282,0.803605366611353,0.809067880271694,0.881973291726552,0.93876643959684,0.856938440154094,0.875441346218465,0.92518808846502,0.802190150568131,0.754222993672102,0.825204657028477,0.791342548201752,0.729108994101243,0.770856835571073,0.723885236876124,0.677019623321891,0.644475173268103,0.60447470455506,0.574378509576244,0.566847507014183,0.51625844614209,0.502636225577999,0.478313809893821,0.477782089715848,0.415068940197438,132,223,301,0.580632246886633,0.93876643959684,0.677019623321891,169,174,259,0.714844832215111,0.754222993672102,0.580325109625574,120.662939768247,0.00393554057923305,-0.0033557284137814,0.178117003513575,0.0093930942903428,0.00910266433032005,0.00916777969980516,0.00900758047875262,1862
"218",7,0.0221788502484031,-0.00221955064493406,-0.0172652311958253,-0.037597231940273,-0.0558960326102759,-0.0688259185001793,-0.0709381948734858,-0.065079341834418,-0.0471829592340864,-0.0160284233702879,0.0230153509768781,0.059456207034233,0.0941617842317138,0.137543755728565,0.185263924375101,0.233851732451574,0.283885606244609,0.331605774891145,0.366766815030155,0.388207819489953,0.406936691192061,0.412931164197448,0.417419394358237,0.449334954437588,0.466497246887618,0.493741017528058,0.551765106993437,0.597269371007146,0.652160716571259,0.682780990454294,0.744170537756402,0.717489056946843,0.755320742653991,0.730776248932325,0.743786207631501,0.664825390863289,0.643868872499306,0.558222159095282,0.485782151001685,0.4065715004207,0.360582206546188,0.316607196640071,0.278660493089498,0.246848604498789,0.217157508480793,0.19382879018094,0.1726208644538,0.154594127585732,0.13911234180492,0.123842635281379,0.115359464990523,0.0909703504043127,132,230,301,0.366766815030155,0.755320742653991,0.278660493089498,169,181,266,0.493741017528058,0.558222159095282,0.826258937527477,86.7997558805596,0.00396483599616159,-0.00671352464175342,0.0528370147599814,0.00308753435338102,0.00307703135461441,0.00308403335379215,0.00308753435338102,339
"219",9,0.443786982248521,0.373435145154658,0.392191360921035,0.383791107328474,0.387304459148042,0.390260704246541,0.389542659003314,0.393327558360583,0.41982127538503,0.423002132584482,0.511722521542214,0.644795505197555,0.753770381252651,0.925432677133122,1.02864904771053,1.17802745151113,1.17134135410607,1.19076235520106,1.14496048282235,1.27048138103636,1.21455554081493,1.31888734777639,1.40259529724581,1.45814767578604,1.46012657140171,1.510093285301,1.50953359205126,1.45665223083995,1.47319112095877,1.45403181181797,1.43359713383275,1.41220285006095,1.43530132043365,1.37825285126439,1.33873094645032,1.27920525847039,1.22771828098156,1.19038447290977,1.19816519644247,1.16803099838631,1.14938277826479,1.07103668485694,1.02932713305564,0.90524258571671,0.803165891243872,0.715955484422271,0.678042418837589,0.588738888197483,0.55075331982719,0.518740440632645,0.467323453483046,0.445962083893118,96,181,280,0.925432677133122,1.510093285301,1.16803099838631,184,139,230,1.27048138103636,1.43530132043365,1.13665814014634,226.694857899569,0.00687836009609262,-0.0034551746152999,-0.330013122356364,0.00861296708261157,0.00783936599643332,0.00802889731700605,0.00763435887197326,2638
"220",9,0.462665810868635,0.445127596899796,0.417075016564855,0.418962807632229,0.415282477230489,0.412560821267045,0.421575598426727,0.417315684748198,0.388484696587045,0.375969604232533,0.361000083729667,0.346039895050591,0.349945285498402,0.366739817900389,0.371161061070688,0.39123635967559,0.426774071075876,0.454478023187332,0.482729077836231,0.571718026232416,0.664859331924107,0.765066616666322,0.858812089316532,0.97696412654012,1.1012898003719,1.15170004201261,1.2652190542257,1.378960587258,1.42194790158121,1.45633577434293,1.56897001596789,1.57582045609314,1.53282539149458,1.56635506825265,1.57131625298343,1.47031056711534,1.45298442993737,1.52123247808056,1.51544993796639,1.4629497830919,1.4869901391878,1.4194770095358,1.30787459749777,1.21481484732586,1.12056183231614,1.00156916846308,0.889138411737535,0.789912751973998,0.683158062803853,0.607996394686512,0.498538004897455,0.540000907564551,146,223,301,0.664859331924107,1.57582045609314,1.30787459749777,155,181,259,1.15170004201261,1.45298442993737,1.22978056104255,193.569775623066,0.0118306639502472,-0.0034352033153253,-1.25200471861939,0.00831752395331849,0.00789257135419068,0.00804400092924616,0.00792190748022931,1943
"221",9,0.533182595942312,0.501892176415083,0.454839536369152,0.434938790398375,0.422193743857897,0.416386325193891,0.428584867918276,0.426831851859142,0.419191197693954,0.417838379351575,0.409429989926086,0.412254845728537,0.44046464794591,0.447252602949625,0.477129000086311,0.563122522318988,0.683433058049421,0.810887167113382,0.949509559942639,0.967418711000242,1.12534989046197,1.16374578799769,1.2800591633892,1.36920762903958,1.43805784200676,1.49851144041355,1.55535984213078,1.38759372568736,1.40739247698957,1.47105323293427,1.3250513957244,1.25230675663972,1.30638844583444,1.21815695784634,1.19365910109102,1.19821888946264,1.20891544440884,1.21827478750207,1.18094236901058,1.11450508043511,1.12342146256002,1.03179299051692,0.978644300988684,0.935318277816392,0.916695201469702,0.793425991096114,0.751316896882517,0.681173256913639,0.61257327123425,0.560410672344566,0.479813842533953,0.524281334695872,125,188,280,0.810887167113382,1.55535984213078,1.11450508043511,155,153,237,1.16374578799769,1.21815695784634,1.1459298522047,180.755540424728,0.0118170265875778,-0.00479189958364858,-0.213593320643136,0.0328012215736962,0.0325346305386418,0.031599002367329,0.0294611549896489,1364
"222",4,0.779903872313413,0.779903872313413,0.779903872313413,0.779903872313413,0.711454478589147,0.701268866928213,0.729139356653397,0.766194716066935,0.812434945168826,0.981361031554501,1.08491072514081,1.18121534712624,1.24415834564329,1.34926669093055,1.39535723272226,1.4396952596871,1.41362459491421,1.39913431727428,1.32614767787701,1.25298385424936,1.20363475411423,1.17226093461051,1.12961797111474,1.10491257195145,1.08741280526601,1.02338756091039,0.988770318683184,0.99099073316818,0.955944176127391,0.923889115211234,0.858159091098409,0.76299368375845,0.645491373671253,0.573103465246995,0.485405501996771,0.51381596343271,0.523317380621915,0.529797690413506,0.568786114762682,0.574726086276725,0.495008840652157,0.505442524317711,0.494199316457463,0.441868083083235,0.457221241963136,0.510883248951172,0.51495313331561,0.553085773277616,0.581159475025168,0.584668687743612,0.584668687743612,0.584668687743612,68,110,202,0.981361031554501,1.4396952596871,0.955944176127391,134,89,153,1.24415834564329,1.17226093461051,0.997827176603867,146.653096219699,0.0109127197174429,-0.00525816395173598,0.0756570188517548,0.00672428091242594,0.00599842561512608,0.00507475193831365,0.00250154928738892,647
"223",3,0.486663074228748,0.481763485879599,0.462567462416141,0.461860277626757,0.458722013591458,0.454770546844582,0.458015108592765,0.467458267100618,0.450086507278798,0.448270641877047,0.435484125532194,0.436262408668319,0.427367248009762,0.433806426173907,0.458131703254639,0.512313206899728,0.557637787460837,0.626572370142441,0.728347143059683,0.834836284104067,0.883722296902116,0.974491234698269,1.02853572438829,1.07299766041603,1.10176507074332,1.18376226907697,1.21438515586784,1.2857119926542,1.30492410091801,1.27188334928071,1.30916663907236,1.32276291480869,1.29077914157279,1.28258813226036,1.32671994029871,1.21309700041814,1.13094970963928,1.02884661611402,0.959552891691953,0.827869720414349,0.769308748163341,0.723187910975736,0.711201266894484,0.664139071426915,0.643071983642906,0.621635449739481,0.591615591148432,0.561541413881783,0.52944648133733,0.512901773081545,0.472499019304842,0.463882426374624,153,245,301,0.974491234698269,1.32671994029871,0.711201266894484,148,195,273,1.2857119926542,0.959552891691953,0.899352692288951,153.715184133931,0.00382857288696135,-0.0109914048822184,-0.879519715004583,0.00792046162077804,0.00710996279796566,0.00757248784099355,0.00768703910423695,1925
"224",9,1.14928702650687,0.48458911090411,0.499227795914164,0.334375753160558,0.309511515352469,0.400593736218785,0.509326132819661,0.617369159958344,0.639565052370436,0.718816913427912,0.660832018907743,0.660755759297953,0.671105472949535,0.792274760348429,0.922217323157834,1.08858964411089,1.15595121834358,1.24975101115917,1.34013269164441,1.33428982975598,1.24515143465594,1.29087167475008,1.32716743131557,1.2659343324201,1.25779926188267,1.38461016016567,1.39218346405463,1.30154651882274,1.35388175032497,1.34755298515851,1.33763646853901,1.28587905825942,1.33763007705475,1.15106386081613,1.18133804192375,1.06652649981529,0.992478727626557,0.83275177309314,0.96907835289915,0.91561971525497,0.755917828658245,0.682972448329098,0.680348733628389,0.600815039267611,0.525937333442216,0.632764473211443,0.732868447569907,0.87052760824431,0.827049891199381,0.909973618647021,0.583016538062154,1.22901437866495,96,188,252,0.792274760348429,1.39218346405463,1.06652649981529,156,139,223,1.33428982975598,1.28587905825942,1.08267194870216,180.864855956546,0.0065207467794152,-0.00508839006623961,-1.49816652536137,0.0295667978488475,0.0287873198563816,0.0237541663135937,0.012908381235552,1951
"225",3,0.42626959667694,0.444476977534436,0.402681749636894,0.39972969019393,0.39544790491511,0.405893507170535,0.419496433611019,0.416666435411458,0.403531862267325,0.386901771955475,0.386918147026877,0.39115233616292,0.396907946475592,0.418309571575767,0.451711486239256,0.485652807290747,0.524441131910554,0.579861399955819,0.642186669678897,0.769381685216836,0.84873284636884,0.949218195796023,1.07610633425638,1.15060068567365,1.16122325236054,1.15423942084746,1.12384486558399,1.06611773331464,1.03808065254372,1.00883375970504,1.06087074574613,1.0196178737133,0.911272049259418,0.876576260049437,0.893648511551445,0.747980647160025,0.765352998928726,0.78569307884484,0.770281764594745,0.6706803660262,0.689962932902708,0.647598695234961,0.655966554215574,0.627252487444619,0.609598608600127,0.599667832822026,0.556935277014412,0.535438703885621,0.502957961942838,0.491285182994499,0.440247700220361,0.490501595532509,103,174,280,0.451711486239256,1.16122325236054,0.6706803660262,177,139,230,0.769381685216836,0.911272049259418,0.774321480405068,146.910200242593,0.009993123466497,-0.00462776307862587,-0.435675763895031,0.0112153703006187,0.0111027728735323,0.0108914596322714,0.0103562357226632,1140
"226",9,0.382616843659492,0.401928617579561,0.422176572891009,0.433667599402421,0.438199983704549,0.432907159130872,0.430123506865376,0.436951006511909,0.444170687343322,0.446912984651376,0.453052391639856,0.469803861117384,0.482782093910365,0.50478769134541,0.537483319690335,0.571653521951907,0.61944548026632,0.677742466292784,0.751497535395912,0.857828052543799,0.975374991671039,1.07554978842583,1.15755937932739,1.22359663178198,1.25697200369585,1.24746390507514,1.32082409897349,1.32348431607407,1.31705293437074,1.33361243148756,1.41834188114857,1.36579042786956,1.29488735032083,1.26035318019968,1.24637632942932,1.13449517844139,1.07873385864637,1.10919699180391,1.08813169678872,1.03836723351752,1.02759865912813,1.00881400527703,0.970593907323641,0.922692819088277,0.835515510231379,0.765866246272386,0.6799557812136,0.598431566664153,0.545846926466149,0.502835633685393,0.4725770989722,0.413457519851931,110,216,294,0.571653521951907,1.41834188114857,1.00881400527703,184,160,252,1.15755937932739,1.13449517844139,1.03572503748908,193.539241858945,0.00798762603015719,-0.00525035738296843,-0.929718320613221,0.00852605016451869,0.00844477578841995,0.00842205705835709,0.00829534522213264,1985
"227",9,0.434315023163468,0.428213996518415,0.424451696753966,0.419367507883089,0.414791737899299,0.413470085764163,0.420164793774684,0.409488108708378,0.415717695394861,0.428785418685396,0.435032226118205,0.43379632255264,0.469816641421733,0.525201248351098,0.633542850902755,0.789582273962655,1.01170398191896,1.23390088867275,1.41622690086134,1.51388354916726,1.60206600382222,1.61717241621429,1.63167034159687,1.61773420629916,1.67455900705282,1.68344151665201,1.68097686364228,1.59721154608558,1.60822006523351,1.51195916694373,1.39733348919475,1.26510672974618,1.20653823544771,1.09119314594888,1.04241403993773,0.986890896577001,0.977769219399721,0.974224586915343,0.936694989382212,0.872594890229467,0.833163218419451,0.773091484361035,0.703105334655586,0.652268655805704,0.601049695088428,0.551017761643923,0.516480168065699,0.474728799491574,0.443514796109415,0.431066255737152,0.439330180762397,0.4207509983922,110,181,273,0.789582273962655,1.68344151665201,0.936694989382212,163,146,230,1.60206600382222,1.20653823544771,1.27395340794363,207.63423361863,0.0125895667984416,-0.00811681007901951,-0.379370422424299,0.00562739142168458,0.00546457011214531,0.00551462629797743,0.0054519173601024,1005
"228",9,0.428861389379952,0.449741660057442,0.430193432422048,0.42912850340435,0.41886978256976,0.407924708813975,0.403944151804769,0.394496827472012,0.378317505091421,0.367055876841851,0.357100606832196,0.38281532273461,0.422155054026505,0.576038578600325,0.700609357164195,0.836009136982336,0.971687281946136,1.14202782479791,1.24654945543095,1.4210198444313,1.57131732366831,1.69331047243757,1.75609217714835,1.78397336306941,1.78346152424171,1.76661128740609,1.75754741826878,1.6829233296478,1.62868285921537,1.52732093858371,1.44281956089237,1.30691152322685,1.26077697611184,1.14914261174086,1.11193368726606,1.03986722044189,1.01593035609099,0.980681721504815,0.976562068551254,0.915508186115229,0.937785204248897,0.903244647892373,0.887987168480641,0.839510528086999,0.784600146096269,0.685357333478412,0.622364550142886,0.546650250727771,0.502664482030527,0.490304465438922,0.461787353788746,0.500310927695178,110,167,259,0.836009136982336,1.78397336306941,1.01593035609099,149,139,216,1.4210198444313,1.44281956089237,1.42687275623721,198.45479170433,0.0166309513348609,-0.00834829355411323,-0.256633891837577,0.00557119690703306,0.00526568084231598,0.00497564535146763,0.00409005830505386,2047
"229",9,0.503001517250478,0.487309834581507,0.47230688164509,0.464604442059271,0.459024957463878,0.449906953007622,0.452866850476648,0.453012218336065,0.451590633934083,0.448968385753762,0.455837959952113,0.486282572910148,0.474331267255337,0.501047765402693,0.573663873859427,0.617811720425868,0.646973636876436,0.744683679670937,0.845454737642503,0.970129248687052,1.04360163820414,1.15858831937099,1.24501495700561,1.28596075721321,1.28090931039147,1.32184757085228,1.42137867895115,1.40849322083469,1.41077768349413,1.38920508013237,1.47516493393767,1.393198638458,1.3295560085169,1.28586355954519,1.31709862289495,1.13062337647849,1.09760060243044,1.15640178876445,1.14663011434758,1.07629592563397,1.12675108670363,1.10898466486206,1.05591099986597,1.0058068217905,0.934249560609595,0.860942302828641,0.761664118920581,0.693789023174481,0.645187479995415,0.59448857460843,0.550121269025745,0.492857557633122,125,216,301,0.744683679670937,1.47516493393767,1.05591099986597,176,167,259,1.28596075721321,1.09760060243044,1.02619654818391,200.439656859925,0.0080272665304037,-0.00493239922437302,-0.434911081733384,0.0155460872120069,0.0141959109087805,0.0149479358185007,0.0151018093347145,2028
"230",3,0.506348246674728,0.434299295639604,0.407843973853941,0.396045888340925,0.385877900404089,0.405835747542395,0.42902592355251,0.427216675941784,0.414399488211452,0.418518209773637,0.421684323340245,0.438192063701805,0.464879484642096,0.475291297087544,0.545259467134432,0.599534215525308,0.653229718399793,0.716359130693477,0.811930632106495,0.864307310052235,0.89814565236339,0.928699029450763,0.936979291653519,0.934062488530936,0.882416732282498,0.833604494582677,0.753005089352651,0.876726694759004,0.791595135595489,0.750122107017888,0.923568483470839,0.899815021338965,0.679269622928156,0.74477992946002,0.926122933975974,0.70353585343182,0.794267016800703,0.806423902004023,0.811045313035513,0.620160066876284,0.63585658290826,0.561773573473244,0.614182166852257,0.564691889240053,0.556326051993669,0.538222815197935,0.509891207471163,0.473659003072542,0.443131319024191,0.435361052400207,0.423515417833821,0.421791552031073,96,160,287,0.475291297087544,0.936979291653519,0.63585658290826,191,125,223,0.716359130693477,0.899815021338965,0.55110139124943,142.236034816987,0.00721387491509335,-0.00237104495075007,-0.527939320580766,0.0394502770854245,0.0393539428555807,0.0385767993029617,0.03692617796788,276
"231",9,0.546124828532236,0.564285628605845,0.528952702373824,0.515280730661189,0.498312933328583,0.478966141759118,0.46334113081377,0.450067834561057,0.442560844976995,0.436412052767877,0.433732811799096,0.453854595869169,0.487715826800675,0.532682977200015,0.586649763605514,0.685028250966797,0.748602269705461,0.805395533833712,0.860389371010315,0.942430523294541,0.966149736856685,1.07479034003784,1.12846314195989,1.17313788215969,1.1932362824851,1.21073209177995,1.19109032694998,1.19034921233321,1.21297048547092,1.2080672123638,1.29670075398949,1.28980833473539,1.25922164268293,1.23303492043805,1.286773160094,1.16331987596213,1.16112586714081,1.2100792921057,1.19655617138964,1.09647969720157,1.1103494426471,1.05692803095852,1.03556144166329,1.00778886426308,0.97740853814332,0.914824525043006,0.860926412761146,0.767567117379929,0.704750294864108,0.654711581317196,0.625018812231138,0.570931639443436,132,216,301,0.860389371010315,1.29670075398949,1.03556144166329,169,174,259,1.1932362824851,1.16112586714081,0.862967942190395,182.224710075639,0.00519418313070448,-0.0030722272038377,-0.875412234194943,0.00893748555404236,0.00877459165334708,0.00870332367812884,0.00839789382699707,1999
"232",9,0.520770438352856,0.481358647534011,0.446440111009791,0.430510952859961,0.418222595683233,0.41234114882579,0.42394348002502,0.425771262918856,0.411820192319276,0.410951794924313,0.396022022696644,0.398743311226595,0.416643410329281,0.43920146383839,0.453648021203231,0.495386928275,0.528123755551311,0.568709707421431,0.624615585704882,0.695300107075225,0.770083221256489,0.825300689630057,0.873305531260926,0.967770177709345,1.06025609829937,1.06387136870623,1.18804002188577,1.25368386671232,1.28982405169601,1.33959266296307,1.4675367129597,1.46512393382121,1.53053952648076,1.52879917034645,1.52744090365362,1.45141405740283,1.44595684702044,1.42135274777913,1.44447196668478,1.38791803868772,1.5271221398036,1.41574630626383,1.43155639799457,1.4026324497691,1.45003000469494,1.27275762509839,1.1926852755877,1.00597323189629,0.820884743836806,0.657368819413045,0.453545243161071,0.682350106697873,146,230,294,0.770083221256489,1.53053952648076,1.41574630626383,148,188,259,1.18804002188577,1.44595684702044,1.13451750378412,175.709883728506,0.0090530512526699,-0.00179364406588951,-0.849425824428394,0.0120799007938284,0.0119763423324712,0.00980535202319785,0.00535981294329395,2077
"233",9,0.428792066330678,0.473758557740046,0.389794656329153,0.395736452825476,0.383290906362949,0.392912620902422,0.41225920460425,0.41566545873262,0.39954085386793,0.391104062054733,0.394190565772572,0.441750969051635,0.504258479168448,0.671142690055401,0.846257696533277,1.06173601062719,1.31741506686211,1.55836369540384,1.67065671412403,1.76533416044422,1.84814446201642,1.66672203450693,1.64927133424928,1.62967784664715,1.64327261462528,1.57867222179768,1.76112921344503,1.6603545534603,1.60734575866856,1.48531060796169,1.53017078171404,1.37852869212144,1.32343250495301,1.24897822475244,1.33283467504023,1.1043419614797,1.10137964306441,1.08169758812265,1.06267996980626,0.896807321401671,0.928984309075061,0.864454655512869,0.852963296368943,0.812685016466303,0.755375857709362,0.684369762765405,0.616640851637623,0.55203423709106,0.490851851153463,0.471007137135843,0.436089938769224,0.380256862251322,96,146,266,0.671142690055401,1.84814446201642,1.08169758812265,170,117,209,1.31741506686211,1.48531060796169,1.4678875997651,232.297378463925,0.0235400354392204,-0.00638705728244814,-0.715105650813452,0.0196389673299381,0.0194394215165767,0.018325775204811,0.0158989367679182,1310
"234",1,1.39314989693687,1.39314989693687,1.39314989693687,1.39314989693687,1.39314989693687,1.39314989693687,1.39314989693687,1.39314989693687,1.39314989693687,1.39314989693687,1.39314989693687,1.39314989693687,1.39314989693687,1.35526515385061,1.38096836419477,1.40513128699706,1.48800285581035,1.54585950680604,1.61584617978078,1.59205135848029,1.62561368293262,1.54129675590226,1.47424461341075,1.45524892010358,1.43000820563765,1.35471512386613,1.30950047652286,1.24632012323848,1.25199393699753,1.28673016631758,1.22493080257858,1.27028883796461,1.36043331191074,1.36950090290843,1.323881429829,1.42832381912444,1.47465143445704,1.52622837976165,1.51629497901003,1.60563948690424,1.6529942637094,1.67147762366534,1.63606502560743,1.62710346171274,1.58061017254682,1.47926865521695,1.38201497847379,1.3129564383912,1.26887819802946,1.22511698481284,1.21752207858697,1.21752207858697,223,294,329,1.27028883796461,1.67147762366534,1.38201497847379,106,259,308,1.47465143445704,1.62710346171274,0.45395554507837,140.175044905971,0.00565054627747514,-0.00827036129118707,-0.2774370187075,0.0137158711779262,0.00702733061325288,0.0114661187121223,0.013655154345188,1298
"235",9,0.343642611683849,0.343642611683849,0.343642611683849,0.343642611683849,0.343642611683849,0.334876675003558,0.319292787571931,0.296890949388967,0.35197020401478,0.372719173286342,0.44575525441677,0.540116344691393,0.659429208708426,0.762915978086331,0.962388030988134,1.11509370614197,1.22009265808186,1.30366657789983,1.31764024169976,1.21984928888286,1.21787169385474,1.21150970832689,1.26402899923983,1.30624309542106,1.33322736731367,1.3885084736765,1.40770758497617,1.27282035342747,1.26312047728708,1.27513462523442,1.1390371645507,1.05976841415418,1.07205148051633,0.980790155236389,0.949634856478649,0.926947745025945,0.931529182259937,0.965300636422791,1.0140202768392,1.06028454860007,1.12532725199737,1.17993874680472,1.21230468346301,1.22632992268161,1.22632992268161,1.22632992268161,1.22632992268161,1.22632992268161,1.22632992268161,1.22632992268161,1.22632992268161,1.22632992268161,103,188,252,0.962388030988134,1.40770758497617,0.926947745025945,149,146,223,1.21787169385474,1.05976841415418,1.11081663558721,165.225120611479,0.00523905357632988,-0.00751187249922232,-0.616201736611718,0.0124453072176838,0.0122459537013578,0.0123250109953336,0.0122837720669592,-679
"236",9,0.338237781160156,0.354529311061539,0.374477432877798,0.393582301564072,0.400530345794265,0.399453832537861,0.3917301048193,0.373547608483781,0.352233072102939,0.33714123793432,0.322565673933669,0.350227313269496,0.37089390007851,0.379631750985268,0.490745482654853,0.561120807556512,0.649967841878519,0.79508944977026,1.00300565290167,1.22733649192682,1.43528199156818,1.61639336310996,1.77333406842053,1.87856636740953,1.85275001898984,1.87846278747615,1.86932771720056,1.83412513182623,1.7859495018331,1.72332861066083,1.62791200031174,1.55183580089157,1.43089850136259,1.30690294599255,1.19847803660958,1.10043301175904,1.01690810271713,0.971117695049593,0.944247661525201,0.911059912091867,0.909138634702277,0.862950521817686,0.830082955806288,0.772675655842698,0.748874119954382,0.705844785767173,0.657066117232866,0.583267498492042,0.53227095157626,0.484215591062151,0.399395878988536,0.481499240789579,96,167,266,0.379631750985268,1.87856636740953,0.971117695049593,170,132,216,1.00300565290167,1.62791200031174,1.55600069347586,217.955507382118,0.0211117551609051,-0.00916614820565596,-0.567142021476561,0.0105673925787181,0.0105335259649073,0.0104031376808987,0.0101084944990707,1863
"237",3,0.483212115173857,0.483212115173857,0.483105538216044,0.482750281690003,0.482270685379848,0.478696485350071,0.472906815110734,0.464972725967044,0.465258632356814,0.45125330196185,0.447956622846388,0.451462770331535,0.484466668863093,0.503534909649917,0.581302479542627,0.658899233612517,0.782998186638114,0.876390986004399,0.963654267232807,1.03178296895969,1.0958648669727,1.08593780548809,1.08581788239334,1.09595662571346,1.1465567669151,1.11227014526555,1.13323630362984,1.15630571926944,1.12433935915571,1.02865713299643,1.01932447802768,0.938411596044164,0.860399712744176,0.832916479366682,0.813042381113403,0.747906146412589,0.722723601431538,0.705108428536878,0.683855944814642,0.685234263219495,0.697501605324206,0.701289975161511,0.673207340195638,0.647686869297634,0.59329448336667,0.582182520690851,0.55919571854357,0.560088203567566,0.57672185608884,0.55726761384243,0.617272213218313,0.453146374829001,125,195,266,0.876390986004399,1.15630571926944,0.705108428536878,141,160,230,1.08581788239334,0.860399712744176,0.708349096423053,127.886386563842,0.00399878190378632,-0.00635489141876849,-0.731673110753074,0.00704499598869316,0.00590302147564687,0.00640932424344619,0.00627995526599854,179
"238",3,0.538082838310684,0.428853393621939,0.417103530984197,0.398390133844768,0.394140999809735,0.41431017407584,0.431112397651824,0.418050489803031,0.43712572359946,0.445115278324424,0.501233774441416,0.629345064456296,0.719187891344609,0.821308822572909,0.903889004817206,1.09385345751847,1.01776387863621,0.999586377291289,0.954676875422314,1.03553450404798,0.853278544741835,0.874830231581099,0.947021072580823,0.984002518921139,0.912498968013366,0.968249025104098,1.04270236187177,1.09918166202824,1.13205915003417,1.16005086433337,1.26120933217261,1.16699208071993,1.04911649283231,0.994914155509858,1.04545792226394,0.871030445523348,0.924695390481937,1.0097283798455,0.991505134336264,0.904718188069846,0.944295721851864,0.910849709936118,0.833392206538872,0.816191594995162,0.77657299703445,0.722132470565488,0.671945431234016,0.63724345565389,0.59329112797717,0.572072831956092,0.507351229862916,0.561785000907935,96,216,301,0.821308822572909,1.26120933217261,0.833392206538872,205,153,259,0.874830231581099,0.924695390481937,0.867068332362877,192.053115818622,0.00366583757999751,-0.00503314265451458,0.692727156302523,0.0282232753859821,0.0277781532156868,0.0280357725483065,0.0281058890432505,1115
"239",7,0.347926746787368,0.202265607634499,0.256795695038139,0.235347646313523,0.240276569533416,0.264764757100877,0.27844466835671,0.287362729355132,0.300460461846933,0.31392917741098,0.302990333902645,0.314013940332102,0.313374891946208,0.304326261630359,0.333931424993944,0.365236758004229,0.382935040423175,0.421453157627727,0.46647386025711,0.506019010426143,0.525203504194446,0.559912654248672,0.55810429801137,0.619825835244375,0.618927692832748,0.618570215901144,0.604932435676201,0.624698410986444,0.590002312899956,0.546429070858762,0.574691619800537,0.554054104626565,0.536963077591675,0.504330658447818,0.558479281077164,0.503449968022867,0.505025251354877,0.495473320331818,0.519158522646216,0.472824996514289,0.485800018614751,0.488508558376769,0.511591273971605,0.491698712066677,0.497649981441201,0.493423183064365,0.476329644782508,0.454463873750032,0.44354461451556,0.414854146814153,0.422367533079252,0.34302793780586,103,195,273,0.333931424993944,0.624698410986444,0.519158522646216,170,146,237,0.525203504194446,0.504330658447818,0.422432803351945,83.6094545665325,0.00316051071730978,-0.00135307549154138,-0.765617610111568,0.00563770069099154,0.00520945327649206,0.00522877606879873,0.00483917423891258,2109
"240",3,0.465181280945536,0.437596839630471,0.43482841725112,0.434271658531913,0.434423699938985,0.433056739397485,0.447897535410023,0.45337013583981,0.440280338860631,0.433741309320395,0.431057637593938,0.43213767930101,0.440216744985904,0.486768593154417,0.519900028799493,0.598389776429452,0.62592217601969,0.656673918620855,0.674543487857718,0.77174914042113,0.742256342032142,0.805449444398317,0.823079625062401,0.859055736111128,0.873154915343381,0.89030085567167,0.930320244030421,1.0574653055732,1.06456016506726,1.0583378407804,1.19713255420652,1.186687471421,1.20313480788528,1.29941788259356,1.35743658427486,1.20618826154648,1.20915101243172,1.17209662620356,1.08017099960766,0.989582721079096,1.01762581292233,0.955014351910203,0.877838321933252,0.830938396762965,0.772456863023335,0.715214144570071,0.671458446821723,0.597916231111846,0.544272244581106,0.509356873802469,0.45347812425113,0.466899207906402,153,245,301,0.805449444398317,1.35743658427486,0.877838321933252,148,195,273,1.0574653055732,1.08017099960766,0.926378946680922,145.114494730085,0.00599986021604938,-0.00856425468467158,0.0490300744167188,0.0194807151984268,0.0188424465994668,0.0191891616276011,0.0192443230849096,1584
"241",3,0.546214839680519,0.489358561817173,0.455370083345096,0.447350535158482,0.43755050934369,0.473865697291168,0.507838706100492,0.544148348138285,0.555198507401912,0.60948705902764,0.676118872977818,0.784634414414296,0.889743600172556,1.05890992228211,1.15992275219908,1.15802918830802,1.10760734856566,1.07454733132287,1.0196724405879,1.10768943466236,1.08294021181453,1.15023905663293,1.13351618489799,1.09617048732243,1.00783745177208,1.01496021621458,0.962130322064996,0.94413542010025,0.904504592381671,0.789577844409973,0.784801164582254,0.721405677304216,0.680255862527495,0.629231741602984,0.641100533860827,0.598946707401009,0.576305907703145,0.562823268192697,0.581726210575656,0.547138431223569,0.516673656424258,0.531320508843616,0.530915422327494,0.511902231282908,0.501520414185958,0.497892263428073,0.478385880228226,0.48089866519299,0.473156024044611,0.500802615664349,0.453557371795237,0.613380330361462,61,103,230,0.555198507401912,1.15992275219908,0.680255862527495,169,82,167,0.784634414414296,1.09617048732243,0.722372242855393,152.10301972091,0.0143981963046945,-0.00377690464308337,-0.668208589767298,0.0145658725161597,0.0144314316404405,0.0142329023391873,0.0137014028609617,1021
"242",9,0.4332892998679,0.399626445381722,0.395307162432363,0.39168351082275,0.384761476419595,0.378317899356869,0.368048586984172,0.360670891199265,0.341588105592961,0.32963036049601,0.338531663051958,0.393961164084283,0.514861931662903,0.751147742989167,0.97370948615663,1.28334420675321,1.55615516527372,1.7632904172879,1.85105770143982,1.9616254758321,1.97016191471528,1.96389506238337,1.96047020358867,1.95701801563891,1.94349167642868,1.88851627888843,1.83334035996511,1.68388997081151,1.56956477021017,1.40550515971459,1.27546173997575,1.12908727276631,1.04068507188982,0.91641433629395,0.898269126194192,0.817004356380921,0.789333139411407,0.819653238607264,0.833059716283697,0.773113908524042,0.807365829132188,0.786994487377604,0.736928498516098,0.694490769240291,0.664056555332774,0.599041568569452,0.549924973368618,0.507214129229862,0.481803823726163,0.465597228628391,0.457574184929019,0.459286252827344,103,146,245,0.97370948615663,1.97016191471528,0.898269126194192,142,125,195,1.7632904172879,1.68388997081151,1.64053155421927,210.631391489617,0.0231733122920616,-0.0108271998840514,-0.690612669658223,0.00298248984543421,0.00279232280656495,0.00262566886757179,0.0021021939507162,1624
"243",9,0.650422875553766,0.831830947112077,0.866485178948366,0.927900748639234,0.965255698648233,0.908191134691105,0.894884699967057,0.836164585706316,0.821539645621366,0.798746680517787,0.852484728788644,0.863746310889166,0.847707991991614,0.910895079414519,0.941039057419256,1.06397561358763,1.15937469086542,1.30881119982854,1.32350147099794,1.35500399207083,1.32513382778115,1.32378773835524,1.33831075723185,1.34676490187095,1.3709713159792,1.36908827884996,1.35288125922742,1.27088276605107,1.29270568100561,1.25892552188644,1.28826065228572,1.29150815144978,1.30668629306277,1.2836775115676,1.3469690224456,1.25521621883993,1.22814313020769,1.26911994337775,1.24048482940552,1.15059693647691,1.15388422295336,1.10848004977039,1.06109896234552,1.02666396969325,1.02264652901861,0.983246468647506,0.956327975641862,0.909146721224965,0.905184503114814,0.843981684464868,0.974942583364004,0.705921435096753,103,174,287,0.941039057419256,1.3709713159792,1.15388422295336,184,139,230,1.35500399207083,1.30668629306277,0.720548440425436,219.643884220087,0.00605538392337951,-0.00192112471704283,-1.35774070626152,0.00953216475936452,0.00827131021603542,0.00880858451840989,0.00862227857982975,1986
"244",7,0.476498142464868,0.476498142464868,0.437813477925321,0.436105912825371,0.425274779675013,0.412265457833112,0.416163317638533,0.415117438954805,0.402302426760785,0.39855833339007,0.398837559118807,0.408187007391324,0.417561058833401,0.465215810104908,0.477187085539765,0.466103709670266,0.451697301593895,0.429433576803808,0.381276330007638,0.447294718797948,0.448209651507563,0.456390830486176,0.448770114578696,0.454220750936814,0.39713408194294,0.38210434181898,0.401140410834922,0.455186833247686,0.441721712308018,0.440621037564597,0.471414612594355,0.45338073819897,0.409255185383349,0.41632585368981,0.406011572524153,0.377920600588014,0.383667934301883,0.404507078737551,0.443679179924877,0.466348970986438,0.527795317407657,0.564601294758152,0.608691942273995,0.597467727433018,0.580519100828618,0.552503947896438,0.521190687502664,0.476786372536858,0.457299060518852,0.438980610314685,0.438956568637987,0.388075777735538,181,301,336,0.38210434181898,0.608691942273995,0.476786372536858,155,237,315,0.41632585368981,0.580519100828618,0.23077134168598,66.6506720418216,0.00188823000379179,-0.00376873056391819,0.550070794750492,0.0118039848323896,0.00527987243322409,0.00962848960306754,0.0118016115435889,214
"245",9,0.5598840053106,0.522211221824122,0.470906505863757,0.464991264567483,0.45533342075906,0.450088458691961,0.474898180612114,0.485006627050233,0.465002481708637,0.463689809291961,0.465449450282782,0.481814655143325,0.52304403929418,0.587721708675204,0.660628346737389,0.751489032504544,0.836505815296535,0.931672418236915,1.03107156788105,1.12890952284622,1.15078005894605,1.19254581094583,1.2106803594966,1.19266836636227,1.229154747243,1.25904842674134,1.3617737602571,1.40349347395116,1.49538808325211,1.52746553769491,1.64478928653956,1.61500178973538,1.66805267886748,1.62383667311466,1.60585962712764,1.49392033501539,1.45321552052824,1.38112520239522,1.38235189183469,1.32564691319771,1.3671880509436,1.32857385024392,1.30841835566578,1.26515254736778,1.23123448479611,1.11936668273635,1.03634971108497,0.928830371763497,0.802975787567888,0.710216264019346,0.559535704045379,0.657102728731942,139,230,301,1.12890952284622,1.66805267886748,1.30841835566578,162,181,266,1.25904842674134,1.38112520239522,1.21796422017552,209.325032578993,0.00592465006616765,-0.0050652721577704,0.118932646496376,0.00782462021611628,0.00765376471047986,0.0074693562398978,0.00692968379309727,2038
"246",9,0.452198714708643,0.394858341820358,0.408845805599423,0.398817381993999,0.41960461002416,0.42518712676637,0.430554798756571,0.420544295777581,0.418603467612162,0.399607459695265,0.412640510096372,0.434189166534083,0.48200182593273,0.501232484187131,0.606829997986392,0.748311583894028,0.858251138759743,0.943857431613432,1.0578181213741,1.07018084347027,1.03735012859467,1.07930449324462,1.04436051100436,1.03163231382671,1.03635177168476,1.08351920982477,1.04664808052932,1.12067322769358,1.16514152036028,1.21618540991056,1.29755566639138,1.31325631641313,1.39787869636371,1.482894211997,1.54286540286088,1.38916059769261,1.4038625763115,1.32013764417946,1.24886324049854,1.11516605855282,1.10988883626563,1.01413841705476,1.00592550573656,0.908759474240736,0.851889371804324,0.782948768322823,0.739605493943842,0.629404548697047,0.585163046880052,0.551507557753578,0.57867756657276,0.451174445681887,132,245,301,1.0578181213741,1.54286540286088,1.00592550573656,169,188,273,1.04664808052932,1.24886324049854,1.14800706104053,187.186868618669,0.00429245381846711,-0.00958821244864856,0.621684977475257,0.021383752402331,0.0190013246081201,0.0201220635944309,0.0199811137728418,983
"247",9,0.359505013868146,0.346630444514785,0.353695389178195,0.367403844211333,0.374228731551367,0.365778697290033,0.368161419412391,0.365848686540019,0.342515882794245,0.33638460464698,0.356895169677567,0.424550873329351,0.534229911667756,0.769003614317515,1.01009055028887,1.28479125929689,1.53707867953362,1.74973043685826,1.84038121642852,1.92116781095715,1.95461877290686,1.94821933146535,1.94633314707977,1.9390369988703,1.92997954309135,1.91798555725931,1.89353371587138,1.80373884710529,1.73959380002155,1.63459053810918,1.52701962655018,1.3970361037697,1.27879386012014,1.13223290296351,1.07663823953419,0.955051703184343,0.908290984324655,0.936640588676397,0.924526734438016,0.833107386556919,0.837591108835441,0.781046734072258,0.686436562877942,0.62630868438208,0.5962691207145,0.528698399150168,0.487755308767841,0.449161361051494,0.424252339329857,0.401324707412802,0.362741146876471,0.389256520046711,89,146,252,0.534229911667756,1.95461877290686,0.955051703184343,163,117,202,1.53707867953362,1.73959380002155,1.61823416825988,242.909255507756,0.0249191028287563,-0.0094298780162502,-0.785650929127593,0.00272076180364248,0.00260616289666047,0.00229348923644933,0.00155354300904504,1929
"248",1,1.85951004521779,1.85951004521779,1.85951004521779,1.85951004521779,1.85951004521779,1.85951004521779,1.85951004521779,1.85951004521779,1.85951004521779,1.85951004521779,1.85951004521779,1.85951004521779,1.85951004521779,1.7728668987093,1.75862336813742,1.7924051183463,1.82318941560654,1.85478053736235,1.96269115286305,1.93688436653163,1.90220155754843,1.83375230744016,1.75140900065677,1.64992351345675,1.60335979699685,1.50958051283817,1.45319792062892,1.4009488848894,1.37256339089532,1.34300933734162,1.35771639240507,1.35542903068136,1.35801014361148,1.37045074296063,1.40273828812653,1.30461243755589,1.28104998566221,1.234041042165,1.14105521459102,1.04741340449807,1.0194570599537,0.946830502635423,0.915267204968266,0.925423596393652,0.923953599236265,0.951016733219494,0.964548300211109,0.964548300211109,0.964548300211109,0.964548300211109,0.964548300211109,0.964548300211109,110,132,252,1.7924051183463,1.96269115286305,1.30461243755589,142,117,195,1.82318941560654,1.4009488848894,1.04742394789479,203.627686578849,0.00774027429621597,-0.00548398929422641,0.351332946006952,0.00547202798380439,0.00544413231343115,0.00496339489234155,0.00397402437978912,979
"249",9,0.325553598389532,0.354524222657261,0.354544069605303,0.374896671918375,0.380780760749405,0.374093815409036,0.366520047847338,0.361866484738071,0.352234600294486,0.345096647337645,0.356254187036179,0.37623340766099,0.4048386516456,0.447846484690426,0.527056839755868,0.607420644695573,0.737403441099839,0.875062305619733,1.00333121150039,1.1524409753107,1.26404823102444,1.24476767264947,1.29281018137514,1.31311548008424,1.3094353600764,1.284264643889,1.34776229623607,1.28001861895217,1.23320038300306,1.13241846679127,1.19614307372233,1.15308155908262,1.21306837287664,1.25659073822807,1.32866844631602,1.22131712409866,1.24189855786059,1.2031265779935,1.06224017264392,0.90507191846956,0.856094659548093,0.761858831869553,0.653035553711412,0.649855811280111,0.637431744470783,0.569738802306528,0.503138672763136,0.450322165805564,0.399844876375571,0.381698975395677,0.347870836867052,0.389242745930644,103,188,280,0.527056839755868,1.34776229623607,0.90507191846956,177,146,237,1.26404823102444,1.25659073822807,1.02220869784654,191.930491350853,0.00965535831153184,-0.00481185193224472,-1.72856184238505,0.0131841172315803,0.0131500086747068,0.0127202686138195,0.0118266799351714,1006
"250",3,0.381109695908295,0.381109695908295,0.383753261779156,0.389263330385545,0.395469575190031,0.451140454331519,0.502110796012818,0.503931754004692,0.509832348180142,0.510078192274624,0.477635900046032,0.450135101275705,0.464144629187561,0.467008357613415,0.613063932420859,0.840485355852117,1.03613041434981,1.19029366167393,1.28204037246763,1.16209550205745,1.07367461378547,0.949707380207183,0.941289854833332,1.0029706363799,1.08128548224201,1.11838304609752,1.12181884025598,1.00155994481163,1.0261650597497,1.04933985160979,0.865839455288249,0.801327306554069,0.815644540179577,0.731794878106779,0.673366946907814,0.698740748025729,0.769319102203285,0.787104872220214,0.726915199012519,0.709364244451023,0.712215807608415,0.640364964210983,0.588366569890917,0.557975368610999,0.514318053742688,0.481222398714945,0.457377207749839,0.443062776394177,0.434860466858169,0.445466796736794,0.42948045785633,0.506222497249725,54,132,252,0.503931754004692,1.28204037246763,0.698740748025729,198,96,195,0.467008357613415,1.00155994481163,0.900930676559335,160.474376648569,0.00997575151875562,-0.00486083020368251,-0.328713433476115,0.0385729155768912,0.0385423022825088,0.0383351396860831,0.0378902011988493,1109
"251",9,0.578472184678597,0.587527197001734,0.545856710992803,0.537386506733668,0.532697339815666,0.505332169836305,0.511760665080637,0.494043526789495,0.461798581602554,0.428266006432676,0.416935346939795,0.407806454161133,0.408458180124819,0.436844914368544,0.455499991941544,0.474399620617762,0.497045366309621,0.534734943530638,0.576958883507162,0.661445447754241,0.755844663585094,0.853678186150754,0.965817996911925,1.06121970987416,1.08405496597216,1.12651095037415,1.20777362086689,1.18072838604732,1.19062739783888,1.23484467227837,1.28318216504306,1.25645536761912,1.36747161876053,1.35624337893675,1.36555688279971,1.25079414236524,1.24183338320452,1.11809164266021,1.05623608958957,0.993486542977041,1.01519189386833,1.01044735381702,0.983971511900518,0.951279911309287,0.895871978957982,0.834306142639811,0.70899189348801,0.659737735614354,0.630638153805252,0.596769232664535,0.580078555844678,0.533824867142242,146,230,301,0.755844663585094,1.36747161876053,0.983971511900518,155,188,266,1.20777362086689,1.11809164266021,0.959665164599392,164.378185176671,0.00728127327589799,-0.00540140995577475,-0.21169698544079,0.016596054058151,0.0161555857936893,0.0156040533410711,0.014060520171373,2004
"252",9,0.388453042882169,0.39905862912448,0.378310248863744,0.384947998496266,0.379530863160504,0.390486839625615,0.411359645343486,0.415211694522301,0.405793769491068,0.417830117878361,0.417013545268253,0.455261672694897,0.497303754914803,0.60226038754458,0.685589478271523,0.76657957404839,0.84378709121936,0.927114375067574,0.970291337237732,1.07996154691754,1.14535938544674,1.18937977965684,1.21292917759777,1.24264577667747,1.23918341465395,1.22033075722397,1.29650551832051,1.29282729080019,1.28707385805004,1.25447765282689,1.3538752850427,1.27439781364865,1.23026804852455,1.18128925311683,1.20134697924703,1.07268367499114,1.03908756734043,1.06433650703355,1.05448648488787,0.963485501788408,0.94510045223867,0.891553316921367,0.842923659192929,0.797519649525357,0.761360590919323,0.706210000184051,0.654420866831874,0.593736071624455,0.533604120947586,0.482291793942521,0.413212082046795,0.424785147280719,103,216,294,0.685589478271523,1.3538752850427,0.891553316921367,191,160,252,1.21292917759777,1.07268367499114,0.975565036178958,201.527517482554,0.00591403368824053,-0.0059272047195043,-0.666621200196281,0.0114092720063713,0.0112647922867121,0.0113051535806237,0.0112413964487877,2021
"253",9,0.390307917095081,0.443398062141346,0.41517889515914,0.411857407272577,0.404225202081212,0.392826360785249,0.388603713807658,0.385791616659724,0.385527251185415,0.378497894624882,0.371355153865648,0.369790823536856,0.371795326576098,0.3809450922361,0.386636661350288,0.434502177247466,0.4570258739295,0.476254359856963,0.500464008818631,0.560568103242615,0.596565125806473,0.681777695217794,0.753520739287825,0.86064508978439,0.942896455869906,1.01532414817174,1.08658495417063,1.12107300014998,1.18226595227791,1.22245105738531,1.34475642948245,1.34500793504667,1.37569879717751,1.39665633138478,1.45071950898692,1.28274321411906,1.27631164701448,1.32250744101047,1.25598701018873,1.16254100088139,1.19292718684323,1.13400058087168,1.07632649065344,1.02235724267719,0.945244981672072,0.8561571935654,0.779040142711261,0.671341787943631,0.589270836787726,0.538506162924413,0.472746757788404,0.474952094169176,153,245,301,0.681777695217794,1.45071950898692,1.07632649065344,148,195,273,1.12107300014998,1.25598701018873,1.08092868545006,160.889692660363,0.00835806319314267,-0.00668558961309791,-0.775786915247427,0.0101751382885818,0.0100299925670106,0.00991618690986178,0.00954342987399295,2017
"254",8,0.846679644295005,0.846679644295005,0.846679644295005,0.846679644295005,0.846679644295005,0.846679644295005,0.846679644295005,0.846679644295005,0.846679644295005,0.846679644295005,0.846679644295005,0.846679644295005,0.846679644295005,0.846679644295005,0.846679644295005,0.846679644295005,0.846679644295005,0.846679644295005,0.846679644295005,0.846679644295005,0.846679644295005,0.846679644295005,0.842916039178102,0.82315711231436,0.78740286370378,0.761063904231969,0.724751921945956,0.6837878761769,0.650927872085396,0.640045615348652,0.609079853950926,0.616272544482583,0.628335488883619,0.609659900343249,0.608319030965178,0.601813572569595,0.576164013130397,0.515193697371919,0.504820731925906,0.473242540057044,0.457497152727907,0.432710437327206,0.446789892976349,0.44890181132372,0.44890181132372,0.44890181132372,0.44890181132372,0.44890181132372,0.44890181132372,0.44890181132372,0.44890181132372,0.44890181132372,12,19,181,0.846679644295005,0.846679644295005,0.761063904231969,169,5,103,0.846679644295005,0.846679644295005,0.4139692069678,130.836873173974,1.58603289232165e-17,-0.000528492222611332,-3.70357312878236,0.00198547573208756,0.00198547573208756,0.00132805074873065,1.3200782016838e-05,961
"255",4,0.557757114328507,0.787558528893568,0.774580967023995,0.842875844917695,0.823606503288244,0.87689057707769,0.891363656249941,0.918871082058363,0.904416160035714,1.00603991281558,1.00656114088615,1.06284641350237,1.10179121064958,1.11082852104166,1.12610380369169,1.1883687074034,1.18591067534126,1.19873717310149,1.25966828042875,1.22919584841182,1.12197080277194,1.08757973412282,1.01895268851135,0.99397783126277,0.921068120633641,0.907052495630512,0.872824547724585,0.817801150718504,0.725600852318016,0.749420634264662,0.793748488772988,0.751406613935649,0.739182093871464,0.760202130716252,0.766543452078187,0.686727779685278,0.682356083244473,0.675609813687372,0.657283082808647,0.611276290713284,0.625615829071501,0.621066210002279,0.627642765135582,0.635883494090081,0.64420183746392,0.670070661379729,0.720891993206855,0.751839735410365,0.774272907708823,0.786005496319168,0.757759240130216,0.779822500652571,61,132,202,0.904416160035714,1.25966828042875,0.725600852318016,141,96,167,1.11082852104166,0.99397783126277,0.70191116610024,136.329833612401,0.00500355099145118,-0.00762953468729617,-0.315196500022932,0.0115028859450894,0.0108351239493333,0.00944012268580468,0.00598235816299141,2692
"256",2,0.0783936880436982,0.0783936880436982,0.0783936880436982,0.0783936880436982,0.0783936880436982,0.0783936880436982,0.0736852755493905,0.0634837151450571,0.0477890068306982,0.0226774735277238,0.0297646690165281,0.0569171370169434,0.108758827949013,0.183132345892251,0.2630280803705,0.315330170295925,0.354282744615899,0.374865797495594,0.379658428631846,0.389829387133986,0.390442236211583,0.379588288906156,0.372288277569338,0.360037778509518,0.330838640692479,0.325389277427923,0.322757511020084,0.317859779319256,0.365341030694973,0.396235994681345,0.361873308437,0.386403687891659,0.414485721311693,0.389825758250895,0.393151758654785,0.385573930560135,0.322780785005626,0.245672270082739,0.164372852752508,0.0670459717753884,0.0193450007485717,-0.0148671749822022,-0.0255201843042368,-0.0173923590286026,0.0169675752422727,0.0652057305039705,0.109058598923696,0.139755606817503,0.159927926290577,0.173960844184889,0.183608475237229,0.183608475237229,117,230,273,0.354282744615899,0.414485721311693,0.164372852752508,156,174,252,0.330838640692479,0.385573930560135,0.44000590561593,51.453903061349,0.000532769705272518,-0.00581657833858569,-1.35441923183416,0.00494664692137719,0.00479613413523529,0.00487815685226975,0.00489168950019675,-512
"257",5,1.07609170987693,1.16377470016077,1.17344970103868,1.24148770410923,1.27160035403401,1.30601642862361,1.32670191579229,1.33819396609249,1.32409242937187,1.32944478387265,1.34325829480839,1.33262278085506,1.34071941025611,1.3291945585485,1.27054521342185,1.17111777804562,1.07699832723764,0.961627618584991,0.859144182194982,0.83839039592092,0.803188605080367,0.774522837990303,0.728950735168824,0.70812769524426,0.642858975074107,0.597860831721632,0.607085435633254,0.641624005509736,0.637342164128138,0.662064762952803,0.698253371654255,0.693566069646465,0.657665367934425,0.674653464398299,0.671018009700455,0.633214695922062,0.653364022903847,0.696092698412605,0.661668870847743,0.647144556835222,0.694735115840622,0.662449233002779,0.638519099095956,0.650808579364752,0.633898376491839,0.617713471113425,0.598924132166425,0.625275143984587,0.71859063987827,0.687992408022514,1.09105441991511,0.413012441362431,26,75,174,1.24148770410923,1.34325829480839,0.642858975074107,148,47,125,1.32670191579229,0.961627618584991,0.930245853445957,151.131472978451,0.00207695083059502,-0.00707474060337658,-0.577197499568717,0.0112562467648647,0.011248249289329,0.00860340943233625,0.00330573224281504,2056
"258",4,0.842310942120828,0.842310942120828,0.846432972298681,0.851189160965435,0.857055126987765,0.936190982556844,0.989653950871902,0.998314318197854,1.08629399831147,1.18604657395747,1.20634062543687,1.20190619145447,1.29124223391831,1.20101280308956,1.11099364135093,0.991643172302849,0.925848995480821,0.825192344651181,0.834120311433279,0.807602494255741,0.814426744881137,0.834059321448428,0.806934729077729,0.797844852508119,0.792469080623833,0.826532652418218,0.815614852359472,0.820713471851585,0.822760942530333,0.844517603584971,0.833331976460826,0.851408519778809,0.842092061613087,0.829082566048134,0.845113974600271,0.870594892881836,0.875425839417784,0.928568347105731,0.989611463145234,1.01215064905064,1.0086563791619,1.0219772302094,1.02581291029969,0.986814614770338,0.937504876550136,0.872939691653418,0.816816133750382,0.756013468084448,0.715674898039015,0.662554094876872,0.707754710833901,0.550323467109406,47,89,188,0.989653950871902,1.29124223391831,0.815614852359472,141,68,139,1.18604657395747,0.807602494255741,0.740918766808905,124.260331866498,0.0071806734058669,-0.00480431698544283,0.42765594347111,0.00962380630948833,0.00962371225355059,0.00835367398320573,0.00581350338657828,311
"259",4,0.878445055332347,0.878445055332347,0.878445055332347,0.878445055332347,0.878445055332347,0.878445055332347,0.878445055332347,0.878445055332347,0.878445055332347,0.878445055332347,0.878445055332347,0.878445055332347,0.878445055332347,0.92465543468347,0.973202427414135,0.987850876896342,1.03728194806166,1.11945305294794,1.17183208954273,1.15676027504039,1.18200357633693,1.23863256105329,1.2456989950883,1.19922778548191,1.19947165562026,1.27386712358044,1.18111080864656,1.0960700727236,1.1017915207715,1.04876329432325,0.940374118669203,0.922418602104075,0.873663032352868,0.783146246260211,0.796916746577031,0.767667002982416,0.740276816870316,0.751935882012706,0.793336991700972,0.786325467586054,0.823593819975616,0.858779592588528,0.881805922211899,0.861545047064419,0.882836353561303,0.877660806298671,0.883258100032397,0.90187257663672,0.922150578418358,0.922150578418358,0.922150578418358,0.922150578418358,125,181,230,1.11945305294794,1.27386712358044,0.873663032352868,105,153,202,1.23863256105329,1.1017915207715,0.533590306710128,104.376279932113,0.00275739411843765,-0.00816743043321584,-0.903082794382482,0.0130378619156952,0.0128305047561066,0.0127084260938508,0.0122569116097507,198
"260",8,0.417406033231166,0.417406033231166,0.417406033231166,0.417406033231166,0.417406033231166,0.425704982192517,0.441693658173254,0.465150100037159,0.496074307784231,0.524631356249691,0.583918191195334,0.648524877602102,0.65381865850571,0.613221197638747,0.616153586714558,0.56525178369777,0.485101711531912,0.459956049130712,0.489066589477119,0.476760240632378,0.477353656249017,0.498135245978087,0.506720925181453,0.502681462476663,0.498306444871913,0.507362650026107,0.503934883030509,0.479059862607825,0.492666074270014,0.487097425989091,0.482570283244734,0.484115227748961,0.502196202838542,0.490717815794757,0.527816794674067,0.534666598603465,0.537591243346703,0.572800649511594,0.603795839606018,0.573373927463057,0.578804718815526,0.590623070811491,0.584104524608571,0.569670739572566,0.587841304223907,0.587841304223907,0.587841304223907,0.587841304223907,0.587841304223907,0.587841304223907,0.587841304223907,0.587841304223907,54,89,209,0.465150100037159,0.65381865850571,0.487097425989091,155,68,146,0.524631356249691,0.477353656249017,0.236412625274544,74.5628358271044,0.00539053024195861,-0.00138934360430516,1.04124793630684,0.00848095733405732,0.00847514382821933,0.00760917135507197,0.00587141290293924,599
"261",5,0.754071308770221,0.772232868952675,0.794397957988328,0.881036735440526,0.935880529528501,1.00478154460184,1.0708961772245,1.06049446342155,1.0145939692504,0.999833205154857,0.971697661623911,0.963734769137891,1.02441206160577,1.09335173807035,1.0585071146899,0.982075700018682,0.866815400884653,0.684300475554999,0.48489440789814,0.392747892501823,0.324848510400041,0.293210986165954,0.291607795153928,0.285820668643693,0.25890061750697,0.244057220379322,0.227075729925018,0.212836508418535,0.208699915605995,0.216801516728186,0.225379022810967,0.228692358678371,0.237842811178696,0.228439850935854,0.233263348340533,0.228650965667066,0.243723239390657,0.238595755281907,0.263863096227252,0.265821933908809,0.278542978153136,0.271467517483947,0.267645726430738,0.24684949562251,0.233309441071991,0.23187010047748,0.226919955274943,0.283227568111957,0.326624683452283,0.372433445603025,0.448138498773208,0.438855288390618,33,96,174,0.935880529528501,1.09335173807035,0.25890061750697,141,61,132,1.0145939692504,0.48489440789814,0.884651822464357,100.338821985881,0.00249954299272779,-0.0106980912892741,-0.652393605714337,0.00270925317527686,0.00258524678149255,0.00241340355355941,0.00194571070390881,7691
"262",9,0.825833250914845,0.825833250914845,0.825833250914845,0.825833250914845,0.825833250914845,0.825833250914845,0.78991605165989,0.731509446460994,0.676498759567278,0.627309646911013,0.585417901239916,0.585285328249579,0.614944627985438,0.647446944879726,0.69561715345671,0.795375501175171,0.895596245847275,0.991110440952189,1.07706874069085,1.09874448570238,1.12964339189539,1.11798453961923,1.14282981467763,1.12558979987397,1.10496666647494,1.08049691042318,1.07766004544405,0.934479537301569,0.959668668012987,0.941724675402234,0.96509112734465,0.905959665958038,1.01067150623519,1.00224238369685,1.09294901815674,0.994479891612143,1.01281996249051,0.972706063750164,0.904810600418394,0.843599625402717,0.876675455152829,0.890060497826093,0.899299807068047,0.926494254627715,0.937177787597584,0.937177787597584,0.937177787597584,0.937177787597584,0.937177787597584,0.937177787597584,0.937177787597584,0.937177787597584,117,160,266,0.895596245847275,1.14282981467763,0.972706063750164,149,139,216,1.09874448570238,0.96509112734465,0.557544486428046,139.39710819263,0.00574961787977561,-0.00160494104648549,-0.202252605513129,0.0142982505079683,0.0132065873581929,0.0138411100918068,0.0140184924092593,-384
"263",3,0.255989962765096,0.255989962765096,0.255989962765096,0.279108915206535,0.318411134356982,0.332377491655128,0.382502322788183,0.494162758238916,0.594603947011502,0.699261364669294,0.849654139773603,0.97068827290774,1.04257854181861,1.08921164038944,1.13509084593139,1.15736639264185,1.14870242157363,1.15078808053892,1.18264829543428,1.15439425066635,1.11026410289162,1.08503611575226,1.05478715715798,0.981003669165773,0.949166167625466,0.967627871731642,1.00270170932183,0.991312272513859,1.01299338181943,1.01032058917814,1.00949970059255,0.960908344785624,0.95064600579607,0.907303258849465,0.935840229445803,0.901326283673169,0.887136966905223,0.885373553022571,0.902623010622147,0.836856462245808,0.790322853057275,0.767536986187618,0.722339075340442,0.685255592899157,0.682184971483769,0.689861483791428,0.689861483791428,0.689861483791428,0.689861483791428,0.689861483791428,0.689861483791428,0.689861483791428,68,132,252,0.699261364669294,1.18264829543428,0.901326283673169,184,103,195,1.13509084593139,0.991312272513859,0.926658332669186,176.495820911059,0.00755292079320294,-0.00234435009800928,0.0611713029180653,0.00457839981486322,0.00425933799976146,0.00427489890020664,0.00398695888599523,1034
"264",3,0.187839841819081,0.187839841819081,0.187839841819081,0.187839841819081,0.187839841819081,0.187839841819081,0.187839841819081,0.187839841819081,0.187839841819081,0.22885661051751,0.265452223008403,0.340224616834165,0.464270560448492,0.560871178874231,0.652545697399994,0.761361296626848,0.824391968402195,0.846864853944356,0.908046379269809,0.881109910574039,0.93357376846716,0.977130467953978,0.979566882250847,0.879784333480545,0.88796376634875,0.778394046694986,0.73982120184729,0.695445446791741,0.818024424337451,0.779545840191037,0.893452947004432,0.922346172192691,0.896714900568986,0.801332582568024,0.817321207594983,0.723391745536881,0.674035309614982,0.701942311378422,0.736248693672726,0.759549471035951,0.762933120141893,0.752276054453642,0.757087479734439,0.749251486732837,0.74617306091078,0.74617306091078,0.74617306091078,0.74617306091078,0.74617306091078,0.74617306091078,0.74617306091078,0.74617306091078,103,160,287,0.652545697399994,0.979566882250847,0.762933120141893,184,132,223,0.908046379269809,0.922346172192691,0.791727040431766,140.643287117879,0.0057372137693132,-0.00170577765440121,0.0523719519103627,0.0129998534462715,0.0111985929147144,0.0123993734631727,0.0129996740285321,1066
"265",6,-0.685195908125845,-0.608294756092857,-0.540145028544728,-0.466994416045839,-0.424797359601247,-0.447281713810851,-0.473854041068722,-0.456863012155572,-0.481450345572417,-0.505813859483547,-0.463301193206948,-0.421543822433715,-0.419869014716621,-0.413019232532009,-0.403688253688219,-0.380067871001748,-0.397442246508957,-0.40693800653239,-0.413175746291791,-0.384961615811422,-0.399661642682841,-0.345564717226388,-0.298837856088993,-0.168672493531433,-0.0918798801644882,-0.032350972800615,0.0241142011147047,0.0660269591413038,0.0735095201956618,0.104071815357928,0.093885824313704,0.067793481135313,0.0903043177279048,0.0879935160736614,0.0391454447628622,0.14546796661272,0.173136681274401,0.139254351445463,-0.00739943568550678,-0.0890832215629314,-0.214303394712076,-0.312411154128148,-0.393924409989161,-0.356997768110632,-0.34848223974121,-0.413002955570757,-0.440778034850144,-0.428426398024198,-0.446014580032055,-0.484690085261897,-0.399210327102695,-0.598086124401914,139,259,308,-0.384961615811422,0.173136681274401,-0.356997768110632,169,202,280,0.0735095201956618,-0.0890832215629314,0.858332589400246,-5.9045750311484,0.00465081914238186,-0.0108190703956129,-0.679769116271148,0.00956145832309642,0.00856901207138127,0.00904691340304608,0.00901026981466055,-450
"266",8,0.810054699569919,0.810054699569919,0.81005469956992,0.81005469956992,0.81005469956992,0.81005469956992,0.81005469956992,0.81005469956992,0.81005469956992,0.81005469956992,0.81005469956992,0.81005469956992,0.81005469956992,0.81005469956992,0.817145060692088,0.837403235326857,0.872393414084854,0.941219704468726,1.03717097168526,1.11289004585298,1.13987247661934,1.12508098561063,1.0494114653242,0.919575050553271,0.77583855005714,0.654307099910567,0.559965543355765,0.490172238155049,0.444193753044373,0.430540451526684,0.444826773907548,0.458021974538966,0.474324118276021,0.494593336665881,0.5103192662056,0.513330926242032,0.51862461439131,0.52575964328881,0.534051445025021,0.543500019599945,0.5544500894681,0.582996001971115,0.628022021856216,0.6711512918116,0.712383811837267,0.750253261713646,0.769187986651835,0.769187986651835,0.769187986651835,0.769187986651835,0.769187986651835,0.769187986651835,110,146,195,0.837403235326857,1.13987247661934,0.490172238155049,85,125,167,0.941219704468726,0.919575050553271,0.709332025092655,67.2076273608937,0.0084019233692356,-0.0132591885400876,-0.638728078722417,0.000355365822404282,0.000355365822404282,0.000332319813879572,0.000286227796830151,1121
"267",4,1.37035349261116,1.37035349261116,1.37035349261116,1.37035349261116,1.37490284213277,1.38768038029416,1.38869848882584,1.37795716772781,1.35545641700009,1.25562255964803,1.20946419848373,1.18413520433048,1.13624896963856,1.03445369711135,0.997564135561078,0.975755399346223,0.928556029108281,0.901101104178634,0.92319932342037,0.927801674893033,0.896403265624501,0.844715775775642,0.79109098896373,0.746622317520485,0.704636267448877,0.616795949723615,0.62761962234088,0.601953291330713,0.598174250882622,0.622273895957669,0.690801184741673,0.725407078763053,0.828263345854934,0.865114158101517,0.93077114517856,0.849073333123594,0.843325470622288,0.750050117186789,0.696384215394625,0.701611048403604,0.82553864165166,0.891447722852361,1.00151925344452,1.10641604714703,1.118626538218,1.11993394270487,1.07517709132759,1.0585344338731,1.0585344338731,1.0585344338731,1.0585344338731,1.0585344338731,33,47,167,1.37490284213277,1.38869848882584,0.746622317520485,134,40,110,1.38768038029416,0.975755399346223,0.790524237943213,129.900462233762,0.000985403335218634,-0.00535063476087792,0.312175861173641,0.019534375274164,0.019534375274164,0.0146775301331069,0.00496383985099263,-635
"268",8,0.634395255826783,0.634395255826783,0.770161019459082,0.752723786884768,0.805059697089947,0.809889589721299,0.74626773270181,0.679112693236188,0.705769105797473,0.693825789401449,0.689279795009669,0.741391222194765,0.74953306112415,0.75765348373886,0.756093210496154,0.824103494476361,0.71940515265451,0.640519091111782,0.568790002677512,0.483601366966165,0.274157441076898,0.236077343300067,0.240005458034166,0.243310567174492,0.278928408427536,0.396701851925839,0.426813730493865,0.451680644644759,0.46321430384237,0.443359481297667,0.475025293452835,0.493807491848337,0.425448377929895,0.358869614022473,0.291764392035884,0.216380323422417,0.149457459038783,0.201613131543722,0.2803538687836,0.355404322370238,0.371154877359228,0.420777428582594,0.383369454409159,0.328109538599236,0.268108943463624,0.236804285132,0.221151955966188,0.221151955966188,0.221151955966188,0.221151955966188,0.221151955966188,0.221151955966188,68,110,245,0.693825789401449,0.824103494476361,0.291764392035884,177,89,174,0.74953306112415,0.278928408427536,0.674646035437579,81.9758284057185,0.00310185012083125,-0.0039432526106702,0.156592977151445,0.00824022761896249,0.00723008669496322,0.00771175266706932,0.00766494368728225,-685
"269",8,0.465286491007947,0.465286491007947,0.465286491007947,0.465286491007947,0.465286491007947,0.48611471125963,0.517357041637155,0.559013482140523,0.611084032769732,0.681007343614669,0.747955194423652,0.812126267738426,0.876132568616783,0.923004965743066,0.97489390881655,1.02103885552163,1.05872254567946,1.11093042439407,1.18438212950166,1.18799160033633,1.13123627992741,1.07175379421579,0.983946693039673,0.878064469878513,0.815604085609044,0.79575976350679,0.775915441404537,0.756071119302283,0.735182359194648,0.715338037092395,0.696538152995523,0.677738268898652,0.658729497200704,0.642854039518901,0.62802301984248,0.614236438171441,0.601494294505784,0.587916600435821,0.572250030355094,0.552488100678823,0.525761711865157,0.511773025472252,0.512610917510872,0.51699989876779,0.526946452827787,0.547408555243478,0.557639606451323,0.557639606451323,0.557639606451323,0.557639606451323,0.557639606451323,0.557639606451323,82,139,230,0.812126267738426,1.18799160033633,0.658729497200704,148,110,181,1.02103885552163,0.79575976350679,0.722705109328388,124.237996799456,0.00659412864206857,-0.00581606706742451,0.147899361149572,0.000764455471429545,0.000742247515105229,0.000749168741527595,0.000740803238048012,1013
"270",7,-0.376703763911467,-0.0820840428522125,0.0519915604147585,0.17755596539826,0.230152805094514,0.18968261623954,0.159418457624363,0.0852533303298836,-0.010474112346104,-0.0784256915649813,-0.0745473858946175,-0.0897425230362972,-0.0346833084099326,0.0316126642043621,0.142383305891873,0.183701873894366,0.262944987566648,0.331271950494703,0.429974906903132,0.543009000927131,0.710613945038589,0.758160020246967,0.852073759898069,0.905784724448108,0.842851401373744,0.766629194537201,0.841403409833964,0.824521397764076,0.882780692644239,0.974622354585127,1.04300765644626,1.03438903681141,1.04636993149571,1.00006431592745,0.960642225654794,0.926318961506228,0.894595944641644,0.860792729949875,0.821789020690141,0.777584816862442,0.725708277807444,0.658487068297847,0.577461876566747,0.487959504575854,0.397195794419056,0.312843081323653,0.239973453232962,0.202573495840139,0.200846871642806,0.217088988735555,0.274635384809626,0.313968196602819,125,230,280,0.331271950494703,1.04636993149571,0.777584816862442,155,174,252,0.842851401373744,0.926318961506228,1.42307369540718,122.041941943482,0.00681045696191437,-0.00537570229266539,-1.15423063911737,0.00482168049973197,0.00373478775413624,0.00445295220640513,0.00480238836534719,0
"271",2,-0.582286239656758,-0.691440245783925,-0.534534011277249,-0.496491759633945,-0.462170149340781,-0.479866684363973,-0.509067124618324,-0.517528473570548,-0.32709854195779,-0.248733890284417,-0.0414275625540481,-0.0377294058054945,-0.0182077842620909,-0.193986506351507,-0.218036548708813,-0.219561582626017,-0.12740070815351,-0.0286871273484002,0.108847501553873,0.287342661379884,0.295772777090705,0.426668927782221,0.350892533532252,0.474211894127006,0.553631133367483,0.761026423797317,0.862695934315091,0.906290087710506,0.876919669472231,0.715267935949381,0.396996601075273,0.146217091303805,0.256353873285102,0.162965693869456,0.0655126763181691,0.3075498740982,0.484164790422477,0.379837557071049,0.438313972341687,0.479920363064768,0.427976152326353,0.380255875538789,0.622991201895454,0.616058698539177,0.704029045082433,0.50579351868063,0.33761733193848,-0.0298250288728883,-0.268314631626093,-0.462921144656333,-0.563070428802218,-0.579359786595532,117,195,301,-0.12740070815351,0.906290087710506,0.622991201895454,184,153,245,0.426668927782221,0.0655126763181691,1.59773033349443,72.5023626805402,0.0132524461008207,-0.00267263099825521,0.399021476090531,0.0464367091104975,0.0399186563661087,0.0422865237373582,0.0405042057354685,1247
"272",4,1.36259676284307,1.36259676284307,1.36259676284307,1.36259676284307,1.36259676284307,1.36259676284307,1.36259676284307,1.36259676284307,1.36259676284307,1.37174412749872,1.36767451283482,1.36185710122446,1.36925248294198,1.33192168562561,1.33172226812404,1.2229580958594,1.12211738638984,1.00078813406372,0.944831750200156,0.925886904491281,0.93947249708812,0.953231857827183,0.945066377451789,0.941362868833136,0.856347091581997,0.831373438955025,0.862029183289087,0.873537805643582,0.861248563110329,0.843196107157745,0.870519566642455,0.826407546818949,0.805035102169925,0.766708752539825,0.743720469886749,0.750379756812734,0.717045948551549,0.758421540114509,0.815440240360887,0.860906073056922,0.860557591889341,0.909658854265268,0.909658854265268,0.909658854265268,0.909658854265268,0.909658854265268,0.909658854265268,0.909658854265268,0.909658854265268,0.909658854265268,0.909658854265268,0.909658854265268,61,68,216,1.36259676284307,1.37174412749872,0.870519566642455,155,5,139,1.36259676284307,0.925886904491281,0.654698178947175,149.112503620273,0.00130676637937942,-0.00338665243821803,0.529899547457337,0.0125902484239056,0.0125902484239056,0.0117858215622523,0.0101769678389457,756
"273",3,0.686331775700935,0.686331775700935,0.686331775700935,0.686331775700935,0.679409843091699,0.666827360268311,0.646339421079256,0.596845250854526,0.540751812905378,0.499125909792311,0.493912827493386,0.507693617114889,0.572305062178519,0.632426150696328,0.721822024146275,0.815539454358874,0.90134202871012,0.966626938528671,1.04468159245514,1.05962474943113,1.01954307175741,0.969472568783775,0.912484398765043,0.874369590160043,0.841556812272542,0.80921579993959,0.847641376969491,0.843862152067784,0.819888592402844,0.829474640875613,0.860727984626798,0.808810265726043,0.801197719729361,0.784216424430419,0.789665231389566,0.769547514243637,0.784287270766265,0.85234820836685,0.887011534941087,0.902950808962843,0.94226855354377,0.96594856335173,0.939817928280615,0.956094507049921,0.956094507049921,0.956094507049921,0.956094507049921,0.956094507049921,0.956094507049921,0.956094507049921,0.956094507049921,0.956094507049921,103,139,237,0.721822024146275,1.05962474943113,0.784216424430419,134,117,188,0.90134202871012,0.847641376969491,0.56571192193774,107.457822537232,0.0093834090356903,-0.00281028903061946,0.821390001407175,0.00708808070771568,0.00648249279684439,0.00657690475968915,0.00616014077450739,307
"274",2,-0.0929633867276888,-0.0929633867276888,-0.0964163540057383,-0.10792624493257,-0.123464597683792,-0.156843281371604,-0.197895225677303,-0.244318452415523,-0.29035801612285,-0.339175733365208,-0.376959735030402,-0.402008240852206,-0.410256839456519,-0.380722370278436,-0.314655141607318,-0.21904954029813,-0.118213796472346,-0.0220409772165403,0.0496514880468786,0.103857986172878,0.147909093790125,0.216042608319176,0.27464743233353,0.309187726879309,0.337415357793582,0.368734536375235,0.335645630552038,0.30056840980756,0.292272361871315,0.267428554480462,0.260769672758261,0.265587933258239,0.265259292351326,0.260427164532055,0.309019599937017,0.295423429082872,0.287980176769132,0.291715086627043,0.307714927109167,0.256893089351567,0.21875664064483,0.182359768943949,0.131718205813233,0.0543054404763764,-0.00553423667955468,-0.0561678096576502,-0.102198330546828,-0.135954045865558,-0.160810527145714,-0.180143345919169,-0.198862424414101,-0.203465476503019,132,181,287,0.0496514880468786,0.368734536375235,0.21875664064483,155,153,237,0.216042608319176,0.260427164532055,0.778991375831754,39.3035951089622,0.00651189894547666,-0.0014148858087774,-1.35167460337949,0.00167740541967207,0.00166821146480602,0.00167425050212567,0.00167713462189894,-630
"275",6,-0.603314056939502,-0.622670325451978,-0.498290606979799,-0.420971816492029,-0.363765937461487,-0.386262099414476,-0.409180521103075,-0.394407026039568,-0.417776488285505,-0.415155222989495,-0.353704470586389,-0.296910720528901,-0.287834271060397,-0.267014846210293,-0.30103810471179,-0.333939790009984,-0.366637410563381,-0.383059572837193,-0.407795454930204,-0.36659573611483,-0.34175857988074,-0.315914655543549,-0.280772183281499,-0.224710165915283,-0.163850733736409,-0.0821582346347999,-0.00874880645000793,0.0487376585502277,0.0700099440118634,0.0615484273036501,0.0513576557363443,0.041928198322166,0.0371435193455031,0.0435266506116792,0.0620542542318052,0.0433427238069953,-0.00127782233302747,-0.0619064503909696,-0.14230757652647,-0.224958503777429,-0.25144191753744,-0.283993193015653,-0.317330925741765,-0.294283815361409,-0.299075873503814,-0.343381200358504,-0.360598970605841,-0.372005131183663,-0.406468767863729,-0.440440044525127,-0.393650793650794,-0.540096017069701,132,202,287,-0.407795454930204,0.0700099440118634,-0.25144191753744,155,167,245,-0.224710165915283,0.0620542542318052,0.692680269463842,-10.1639426246088,0.00682579141345811,-0.0037817866064624,-0.619610053907813,0.00312378253839778,0.00160532408885136,0.00219158792412592,0.00184565714512863,-471
"276",7,0.168280389946283,0.168280389946283,0.171371151021237,0.181673687937751,0.195582112775044,0.201221935153682,0.202654646361754,0.201438130962978,0.1924211204991,0.174050348367876,0.158200304948741,0.152926573561443,0.156312485321662,0.17612690155372,0.207480948144372,0.249011858831965,0.286048580412973,0.316473361559711,0.333032312772693,0.349206711534409,0.37794619016529,0.407331508125304,0.437778693679432,0.468772775002838,0.496381489093271,0.507940791789788,0.51541502365615,0.518804184692357,0.517749215531021,0.537497116941073,0.600995451940186,0.654301233327355,0.693386217998677,0.729351446931952,0.737792351411493,0.690124808015288,0.649171003125591,0.615602310593052,0.575319879554005,0.534582747082473,0.523960527782146,0.517323492658709,0.523690766013966,0.528853199820065,0.523231179368714,0.494675190037149,0.463445423347494,0.423879624251197,0.395237915097243,0.381808933558689,0.367288032976874,0.36365780783142,139,245,308,0.349206711534409,0.737792351411493,0.528853199820065,169,188,273,0.51541502365615,0.575319879554005,0.58486577785005,87.3963771283242,0.00366590226299136,-0.00331649446970521,0.251360789273981,0.000467069782081873,0.000439270655276118,0.000448013674566534,0.000437700586341612,1571
"277",9,0.927938108484006,0.927938108484006,0.927938108484006,0.927938108484006,0.927938108484006,0.927938108484006,0.927938108484006,0.927938108484006,0.927938108484006,0.927938108484006,0.933738458424677,0.942357295246964,0.956407451991276,0.941472608774528,0.944359350093154,0.995888835470917,1.02498821216647,1.04940064455781,1.09158242051353,1.07845095931913,1.05061817719413,1.0419763054787,1.03911646169164,1.06993794056001,1.0915705629025,1.04994420376366,1.10709203516486,1.07535288939359,1.0700867989466,1.09936627897853,1.15651156119893,1.09140019968895,1.1310490919373,1.11250821660886,1.08775843732866,1.03386496430617,1.0207601253729,0.981995573608055,0.990668410577997,0.991035881084821,1.04952337554647,1.09112540050028,1.13598745815359,1.14266317306588,1.17598809705478,1.17598809705478,1.17598809705478,1.17598809705478,1.17598809705478,1.17598809705478,1.17598809705478,1.17598809705478,181,315,343,1.04994420376366,1.17598809705478,1.17598809705478,162,245,329,1.08775843732866,1.17598809705478,0.248049988570779,161.618268681971,0.000940626069336744,0,-0.330776692197021,0.00705443383299449,0.00482482109600333,0.00631122958733077,0.00705443383299449,121
"278",2,-0.337423312883436,-0.614383813572967,-0.48819474860054,-0.500086654253924,-0.451693155679389,-0.437692039590826,-0.447249482132064,-0.443381572333981,-0.480131651052014,-0.464394910612174,-0.45661653037327,-0.415091123435404,-0.349713660100687,-0.22672557003616,-0.0622740562045754,-0.0294955942762594,0.107873556186059,0.271851849161568,0.455440065853182,0.443271102221209,0.55458439191519,0.60585504403612,0.443591132118011,0.320830922103442,0.326924241942027,0.483327155697333,0.394124437165878,0.410929184296462,0.51105839874096,0.45899095621848,0.384230079231823,0.378127137610777,0.415032393683983,0.265168570322463,0.386779028251232,0.36091103889115,0.361195306956971,0.52178317857539,0.499557394948516,0.274214211688128,0.114636090062358,0.00774333602847028,-0.29134808181566,-0.364526655996774,-0.402592382152828,-0.446464021875066,-0.435012913352073,-0.421873475540456,-0.447808908506748,-0.442272320668553,-0.516924749489176,-0.443499799169902,89,153,280,-0.349713660100687,0.60585504403612,0.274214211688128,191,117,216,0.107873556186059,0.384230079231823,1.22023885760909,62.861514534046,0.0149307610021376,-0.00261134513659836,-1.4813004539555,0.0235206764403497,0.0232054456659276,0.0228845504470556,0.0219275292348895,1233
"279",2,-0.80172076652327,-0.691374687348729,-0.63651695275459,-0.58413291517422,-0.552629759244125,-0.535782673100323,-0.513422861033664,-0.503933775357868,-0.500642956051821,-0.506911958964022,-0.519985934811978,-0.545625497752778,-0.561798208470846,-0.537229945742257,-0.43511912947779,-0.280720965647985,-0.101176458881391,0.0904737670776163,0.253773518597601,0.351712327570935,0.425865506482981,0.44804196992372,0.45297072273619,0.463710533259847,0.449485397138956,0.425422800665928,0.461295274960625,0.451127205623985,0.52272283275687,0.624263071538609,0.606614148859724,0.566841170111864,0.592081446278028,0.520229204491256,0.430733524020661,0.565323601854571,0.632296761004639,0.797750020633287,0.864968077307925,0.841968893671636,0.634655801978049,0.458600652510973,0.133933822286141,-0.0985696128214053,-0.176064397701113,-0.134261174847357,-0.0522473145907146,0.0333739559817472,0.096416275243465,0.122046109918375,-0.0428057273554146,0.049820645675568,125,273,301,0.0904737670776163,0.864968077307925,0.133933822286141,176,202,287,0.52272283275687,0.634655801978049,1.66668884383119,87.879353013228,0.0052330696637183,-0.026108366250778,0.691258789950628,0.00946438253859193,0.00925980619183598,0.00915723258890154,0.00874750903627671,323
"280",9,0.803652807964664,0.803652807964664,0.803652807964664,0.803652807964664,0.803652807964664,0.818302041901366,0.840275892806419,0.869574360679823,0.906197445521579,0.955377016594793,1.00246383996276,1.04641154177287,1.08826649587773,1.14147086788443,1.20291841903131,1.25091118788689,1.2851310736438,1.3179655418153,1.33707141298796,1.34691697382207,1.34028489061965,1.33316675899073,1.31212873956943,1.26064167039165,1.19123917906069,1.21184681524309,1.2570375127326,1.31421319072376,1.37224140968927,1.41707512698652,1.33778040444491,1.32698393433614,1.30483415863831,1.28585498265997,1.27856336339665,1.32838833919908,1.29917414983076,1.03584209552578,0.845693444863067,0.715130738724666,0.630648622393343,0.578693981219956,0.791588408959233,0.952779904247543,1.06226846708489,1.12005409747126,1.14134354024519,1.14134354024519,1.14134354024519,1.14134354024519,1.14134354024519,1.14134354024519,96,209,273,1.14147086788443,1.41707512698652,0.845693444863067,177,153,237,1.33316675899073,1.28585498265997,0.838381145766563,211.385574998392,0.00243897574426631,-0.00892783878317893,-1.54472301550963,0.00332266915679689,0.00331639494323181,0.00255181139491765,0.00101637008472426,583
"281",5,0.768775872264932,0.842211681226184,0.881391292058056,0.922235117211656,0.952164086748542,0.960612607729289,1.00852993581032,1.06084465829161,1.10861309307174,1.13852320321097,1.22443793890763,1.27188933625293,1.30636527259474,1.33374656122866,1.25475742830549,1.14646081609009,1.04861077120304,0.925035620543627,0.79081664286435,0.795041911335294,0.76416822283573,0.692766421651184,0.635755346915397,0.60299823369123,0.544489504105412,0.484468821896118,0.472549246628567,0.468323226120539,0.447136725067837,0.43555901900693,0.461866915465809,0.460500690752721,0.442912834710804,0.456077108517916,0.481522045394619,0.444873448074854,0.431688946033194,0.495496611957026,0.500629635776692,0.509856682259737,0.565190789002024,0.65954958919154,0.641054623690344,0.635786286332987,0.604184760709823,0.589600390849809,0.512521597932992,0.46735106285323,0.47039030619226,0.442762245621862,0.488271673364731,0.294367564942947,47,96,195,1.00852993581032,1.33374656122866,0.468323226120539,148,68,146,1.13852320321097,0.76416822283573,1.03937899628571,125.836317890019,0.0066370739881293,-0.00874164984957698,-0.166025304718373,0.00793763009093634,0.00793304485153027,0.00683295520732932,0.00462819067952134,572
"282",9,0.853710642213896,0.853710642213896,0.711914592935647,0.646998052083893,0.602557544798957,0.608581051761632,0.66781824207244,0.681925773632649,0.720435528779801,0.747759870673806,0.808499892773926,0.88373726439333,0.933431628878253,1.0563924896475,1.19885070041646,1.23308148698187,1.30375673287076,1.45004970310871,1.50058671548399,1.43641766747283,1.44033510886307,1.45234258987378,1.40216594492902,1.38558261602118,1.46231307707289,1.52294659393681,1.53921351459774,1.58876240568686,1.59938485845648,1.59865810063411,1.61701054256595,1.54615015877743,1.50708828813207,1.45290745140964,1.48518078329457,1.3944844963718,1.419963659941,1.46157798191955,1.48613887783595,1.38158577980723,1.35162905893947,1.27446033928155,1.21925227981458,1.15482362165632,1.12002553838816,1.08563768741356,1.07114706840887,0.948951785937932,0.861063226498145,0.784566555788496,0.649675906702011,0.621721544586994,110,216,294,1.23308148698187,1.61701054256595,1.27446033928155,184,160,252,1.40216594492902,1.3944844963718,1.01445299776699,251.055726020026,0.00362197222249135,-0.0043916692728769,0.0777608831775334,0.0124618929977798,0.00941484056961026,0.0112314999820833,0.0118177663788598,-115
"283",5,0.852355335853446,0.957979811685697,1.02311490511559,1.11993426062579,1.15455579854588,1.21128099231881,1.24997076922131,1.27732908793764,1.34653704413585,1.3876650829519,1.47299911084926,1.52998856412626,1.52433746248898,1.41064631349771,1.32815406975967,1.16348504542534,1.01636474385375,0.925622540607483,0.862683923297312,0.853874723595496,0.789931287638472,0.770452257202643,0.717983589285664,0.668293590258456,0.600642161605016,0.584473653199606,0.539098349779008,0.53948457856585,0.525820529989556,0.517830178394746,0.566070292199625,0.562787128593695,0.541269794915084,0.556561986813861,0.608783121321733,0.558420992236522,0.572637243813426,0.613560650317613,0.627530837901838,0.589384774100187,0.613133974737793,0.59217691547405,0.609095291301979,0.594846927265739,0.575637656289489,0.54385869742006,0.521516031781071,0.44387021211049,0.401732006594409,0.371880235897942,0.346951874524247,0.327081722093323,40,82,195,1.21128099231881,1.52998856412626,0.53948457856585,155,61,139,1.34653704413585,0.853874723595496,1.20290684203293,148.852985320747,0.0075882755192248,-0.00876552199610979,-0.020410943198971,0.0059761570503033,0.0059761570503033,0.00490720979403958,0.00276931528151214,913
"284",7,0.189301416707377,0.0634088220521797,-0.0130894854560453,-0.101808421373478,-0.149184260812988,-0.102347249145666,-0.122912347293111,-0.125617307157036,0.038806014188638,0.00646690915148171,-0.104308192709077,-0.111325829942334,-0.0604900729727442,-0.0865672598241339,0.104330004356215,0.308889618629822,0.489760384469594,0.658861897159062,0.775373328861084,0.805032749704649,0.982381130323308,1.12363887987804,1.23887767903993,1.29925839454037,1.39781735375081,1.27062922198749,1.18818168958811,1.12280065110091,1.02295089128896,0.970257321684812,0.985097369681346,0.963078651183952,0.899925323674183,0.882327313716357,0.845345698726582,0.785138777362762,0.726954892363268,0.644800633666484,0.604726787895313,0.583480257006594,0.53292491246977,0.573257996693447,0.56218372852035,0.519251679259042,0.443217246111977,0.43432746057719,0.307007415438248,0.245126818637808,0.264363573026044,0.237484823551615,0.415813593533874,0.191237830319889,110,174,259,0.308889618629822,1.39781735375081,0.726954892363268,149,139,216,0.805032749704649,0.985097369681346,1.54700161456379,134.923143534679,0.0170144958612654,-0.00789249954573574,-0.133077124341266,0.0106069413748227,0.0072755981160396,0.00835193694366326,0.00717327134012744,442
"285",8,0.428951184146931,0.478555353273613,0.597368552711128,0.594284384091016,0.623136871734229,0.585454193600343,0.519107043992599,0.514907540250396,0.616568146780768,0.664931335636998,0.8011397699331,0.952273364481258,1.05325128674217,1.19240323724483,1.25681341061769,1.20720667311641,1.10099593996752,0.981647965133157,0.791709026816551,0.755783061432055,0.705454538861777,0.704407641559163,0.661515771342842,0.637203781280714,0.568474111310336,0.541467467230221,0.519759264881448,0.573177212583275,0.555991699226127,0.541317387030572,0.5886207928138,0.58272327635764,0.55196927764196,0.543428970447314,0.541450432584528,0.502140252644415,0.48653116369298,0.464956288456062,0.473875240153386,0.475174451970162,0.484251792207444,0.492543008461855,0.499376759086471,0.504641530180341,0.484344714394595,0.485780412679126,0.466837860875729,0.478240798123138,0.509639443643808,0.504978241515451,0.645621223118246,0.461848145082399,61,103,223,0.616568146780768,1.25681341061769,0.58272327635764,162,82,160,0.952273364481258,0.661515771342842,0.827862226470758,118.142702677667,0.01524393485326,-0.00561741778550041,0.683803567348147,0.0116004367063262,0.0108090119212844,0.0109256845828957,0.0103676051210764,1121
"286",9,0.442775131305729,0.405422763820441,0.403108841556902,0.498568396851639,0.543558556032113,0.598090146770304,0.651095102468561,0.66266495040991,0.68628004316042,0.664873664720203,0.729205853327821,0.811366552901506,0.902711286883649,0.902081944346534,1.011352380511,1.04976380520804,1.05956330000948,1.10691374105951,1.15865445809955,1.19304220179043,1.13918570049502,1.10932215725734,1.08902959267676,1.04537076272982,0.984740828913397,1.05636461749005,1.08905970208851,1.01387075593104,1.0174356661891,1.01099957881646,1.03437246103829,1.02837431298062,1.07908596271142,1.05849251570854,1.14104472220083,1.02816034597247,0.99087513041588,1.04355205868639,1.03349360690311,0.900677218722892,0.88899681448272,0.829452029929675,0.736745209651015,0.700471568469081,0.724115836890907,0.734210733203239,0.77111790184257,0.786407848163582,0.797666808636326,0.806423777892906,0.814902748125466,0.816987740805604,75,139,223,0.729205853327821,1.19304220179043,1.02837431298062,148,110,181,1.04976380520804,1.05636461749005,0.789933360233528,140.119562432794,0.00724744294472826,-0.00196033200964062,-0.706285495215376,0.0118030400330959,0.0105424146406877,0.0102303775642142,0.00834567801885901,1087
"287",5,0.952233599639923,0.891686034217611,1.03840960699993,1.11321389059045,1.13658105788062,1.22702649061491,1.18088200405427,1.23469868056661,1.32534541092376,1.43833365808521,1.54545484837414,1.70459281401419,1.71846725161504,1.70811633861827,1.66882400945947,1.51113062596443,1.32168572463285,1.183188043881,0.985626397227405,0.881379347546331,0.818333032190741,0.744411426538272,0.68641006884822,0.653532675278592,0.61397697148251,0.575842471188562,0.558520136050376,0.577839673291861,0.582042860917233,0.569084772378773,0.568812846336689,0.577482593387092,0.577381169654232,0.600436826033108,0.583382889708912,0.616087797780049,0.638560706666933,0.703386402411822,0.694968682842049,0.701201510056085,0.702104124768081,0.740096858819763,0.678343468860116,0.662411076557526,0.675501066160587,0.652010455455548,0.607389051190583,0.625290753598102,0.705380697902803,0.669177227562356,0.99053228546128,0.423524301365896,47,89,174,1.18088200405427,1.71846725161504,0.61397697148251,127,68,132,1.43833365808521,0.985626397227405,1.29494295024914,142.55033961515,0.0127996487514469,-0.0129940032956768,-0.233655986928174,0.0136185656049428,0.0130601107617875,0.011397665297863,0.00751431952685883,344
"288",5,0.862770160353242,0.887171479895272,1.00667822685668,1.12035198873766,1.1568232109191,1.27872599278879,1.38505980640596,1.3535813184069,1.27760809400632,1.32455320135146,1.3130405459409,1.32286914013043,1.47485123824987,1.64962877933275,1.73906548066519,1.73123381509104,1.65479102740395,1.51522530428045,1.33615089193938,1.21219527091145,1.02576982450709,0.888528227179675,0.78178142871911,0.686344424144073,0.568156771202676,0.556698360641988,0.56611747533937,0.534536550703502,0.52395026865514,0.486887901558418,0.508070824499548,0.455795446250011,0.457815269826011,0.442894279568613,0.500231793684122,0.455820797460927,0.462058802243795,0.457917228231116,0.459588250752,0.420237001130766,0.442838615113603,0.433763055559943,0.453863847526402,0.470328807001786,0.431233108421681,0.432737241922714,0.415047192788646,0.424133153620372,0.496201437862732,0.701243171774352,0.876088438253478,1.27506992798905,40,103,195,1.27872599278879,1.73906548066519,0.534536550703502,155,68,146,1.32455320135146,1.02576982450709,1.32401828787654,172.298640660684,0.00730697599803811,-0.0130927057604531,-0.450621813558091,0.00706263315455253,0.00706194853607537,0.00644692780490263,0.00521620172407998,1234
"289",8,0.398022249690976,0.399839348426881,0.418440876554163,0.450212823740384,0.48478296065701,0.53140419831543,0.566985300404231,0.612379041975426,0.678882731494962,0.760487859503571,0.844081043561467,0.957333572774784,1.07010103595751,1.14735301935218,1.22272221862838,1.19687383684619,1.10456036008055,0.979602450174085,0.896123928769866,0.908541083246195,0.876690549475101,0.935980503242054,1.05999857710565,1.11405942844442,1.02860252839627,1.03117606946837,0.938434052679553,0.771398438039608,0.650122368017412,0.5754121945593,0.640263624010584,0.622216002999293,0.627948310333012,0.642257461804029,0.650408236010465,0.537259834533412,0.551882990189797,0.539906666481715,0.546944880300849,0.527282960515927,0.524135580003474,0.501575428770972,0.530298082840973,0.517740501930219,0.507794910335966,0.513259811705289,0.509795015457588,0.488210777203723,0.462283929098391,0.446043632962962,0.436506331125236,0.430326907743539,47,103,245,0.566985300404231,1.22272221862838,0.650408236010465,198,75,174,0.844081043561467,1.02860252839627,0.824699968937401,163.906069678478,0.0117095878254312,-0.00403038015928107,-0.0486565640641575,0.0161495445757058,0.0161173927936018,0.0156086566602234,0.0145590326113626,1217
"290",5,0.693100546907867,0.669579668096804,0.699055051461784,0.713561199962943,0.789584920301784,0.840428562098968,0.895782480688574,0.981903247047437,1.05913072777941,1.09960114878325,1.18538608081794,1.29808828783733,1.39000495736187,1.46735709072742,1.54561897732518,1.58482521107748,1.56793923020357,1.50205913822954,1.42226880667975,1.28888572186068,1.1549465028931,0.995665076264675,0.84796058601455,0.75151563726863,0.670464237507288,0.592838067450685,0.612180209599345,0.609915916229199,0.606766737750535,0.58818445834509,0.665496514356184,0.634466634914262,0.614137767720453,0.601648046566149,0.677564427827341,0.579925664177676,0.587771731482361,0.67363006469743,0.67670095336892,0.622425064133878,0.652254462290426,0.716772459576557,0.644052300797783,0.622403065544198,0.599008402307322,0.568071804285268,0.462060867363856,0.454033588905897,0.465304564022844,0.461226868566789,0.54262160293212,0.44911665453583,54,110,223,0.981903247047437,1.58482521107748,0.634466634914262,169,82,167,1.29808828783733,0.75151563726863,1.13570855654165,167.048499093281,0.0107664636433936,-0.00841025288640015,-0.0318374524747625,0.00743628846375026,0.00701143685355966,0.00573981627367783,0.00277172350372355,994
"291",3,0.448259314195969,0.545904705953685,0.51704738198882,0.540988783201815,0.537841909051086,0.531942531973718,0.529029713926318,0.522607885746736,0.516897908816652,0.510476662080639,0.517863356612163,0.541175981864234,0.582814761605561,0.616749192124508,0.691792856527559,0.772959405461573,0.846045067777608,0.907259468922932,0.96453410366152,1.01116116342816,1.00290685259871,0.971797546781279,1.01334543004593,0.982832976948454,0.94532525773376,0.937085632290803,0.93179275019307,0.863100472191462,0.861284306359676,0.857777309538338,0.884915372791186,0.90199932278013,0.854938434517088,0.799861000329248,0.816623112961946,0.777636475880248,0.718324648943939,0.786663289387608,0.823992281901211,0.791329748353659,0.739319266497059,0.714453472010576,0.639232882335232,0.58999246236539,0.533346630527276,0.538091987206971,0.533782689751303,0.515450735620195,0.523432684831889,0.532741981657159,0.538784105089959,0.585159362549801,96,160,245,0.616749192124508,1.01334543004593,0.816623112961946,149,125,202,0.907259468922932,0.861284306359676,0.565086115849962,121.674866885501,0.00619681621752223,-0.00231438020098806,-0.649474907739381,0.0103400433458138,0.0102151243838935,0.00923442784971699,0.00714811581944367,-232
"292",8,0.992351046698873,0.992351046698873,0.970896971971598,0.93073958429215,0.874626329224487,0.824895358986442,0.753984053793433,0.766725769590219,0.83100615883696,0.941885360409748,1.03846200016425,1.18852040850779,1.21599178013826,1.26056563225141,1.24105770182319,1.13231080590698,0.994305971885144,0.9050783755126,0.772125364860415,0.683773038618601,0.695838596037938,0.674386817775398,0.661906542362618,0.666046377326732,0.630708789532742,0.612571783551764,0.645079120636694,0.643847094821267,0.659396811378938,0.684213450230312,0.737272039303866,0.761307837021875,0.843610229167841,0.85062868473994,0.910492136454549,0.887387104986901,0.888856824526134,0.819705047443961,0.785066246498333,0.720330113250292,0.650361761205265,0.600033056856808,0.559756927042462,0.495932162158494,0.422800799469768,0.432793092250852,0.405062231142987,0.449770238738282,0.577400840849303,0.740293751093631,0.95044547871669,1.09871908127208,68,96,216,0.941885360409748,1.26056563225141,0.737272039303866,148,82,153,1.18852040850779,0.674386817775398,0.855503401108421,113.963633340579,0.0113814382800593,-0.00436077994122952,0.635710014920717,0.0112757496259926,0.00988549799563438,0.00975217405965783,0.00809527455734646,-888
"293",3,0.420609884332282,0.420609884332282,0.417774464584946,0.427404445550379,0.445087294951241,0.513377739120048,0.595442118482145,0.614112981001402,0.616514869323359,0.681514903665774,0.759743991019127,0.831215643582223,0.944217113865533,1.01864530736915,1.05011037639818,1.04737340511946,1.01406314914893,0.958312805194532,0.921627316001175,0.910502164811511,0.832699513302749,0.756835852784345,0.777535957856899,0.797575457446364,0.788381345094594,0.788921709868237,0.859322971167619,0.860581298166626,0.871356865029269,0.859238689632314,0.895305880137472,0.847208126766949,0.794047757289168,0.789013840016508,0.773509078404074,0.754516421927569,0.763321014679554,0.754222940511067,0.767372628278408,0.772495746326597,0.773488172857678,0.768162108768426,0.789634930546492,0.748866263685693,0.718610616783441,0.65560806226227,0.612487531138076,0.575796076833653,0.544044782758598,0.51517827962994,0.501537132375214,0.481643485526122,54,103,245,0.614112981001402,1.05011037639818,0.773509078404074,191,75,174,0.759743991019127,0.788381345094594,0.632335911813238,151.969901664889,0.00889790602850576,-0.00194789646474726,0.0507084126797975,0.00849740773955813,0.00842762365744565,0.00807387266723567,0.00729658660470324,172
"294",4,0.665318554024366,0.665318554024366,0.661740560199779,0.666773094022539,0.688167209835355,0.703194746876313,0.73153233705102,0.773169178990424,0.817109415830784,0.862716129559214,0.925205789738407,0.980792304612624,1.03337414300715,1.07029287133266,1.12616840515502,1.16688459895904,1.20456463555684,1.23657513672767,1.27610086628149,1.28416819877706,1.27031638334139,1.24905874555076,1.22742525124358,1.19193628327218,1.14676964323475,1.12354249442754,1.09499956797805,1.04552657261733,1.02800852491948,1.00318155373882,0.974151125349662,0.898066001307104,0.869194568947306,0.82454595769744,0.793041869321697,0.76897862170299,0.801148078779211,0.797567836733855,0.780415098945703,0.752696251874189,0.720213114764909,0.711402977430903,0.712482080153534,0.722442897517508,0.741285429522825,0.766277497057829,0.768166960020116,0.768166960020116,0.768166960020116,0.768166960020116,0.768166960020116,0.768166960020116,75,139,223,0.925205789738407,1.28416819877706,0.898066001307104,148,110,181,1.16688459895904,1.12354249442754,0.622427638577281,153.515129023856,0.00560878764122896,-0.0045964547317852,-0.0969017944886061,0.00179221380094244,0.00173289519748547,0.00145579477241415,0.00084227531881454,448
"295",3,0.679893000445831,0.679893000445831,0.679893000445831,0.674951296896631,0.666550400862989,0.678182920735672,0.685566923315491,0.688702408602448,0.692531080145744,0.705701749921404,0.69297769104288,0.690069958181177,0.652730373798722,0.733109219655826,0.737936265833388,0.719478962171195,0.712613361623976,0.769531984680717,0.751550000469593,0.848475431377419,0.957582711690007,1.06948855437152,1.15515375036677,1.19440431497565,1.18953992709546,1.15717805550616,1.14427206405861,1.10114264952369,1.06705371917948,1.03991518556546,1.07617501470893,1.03696570498919,1.02517833147447,0.949364167296223,0.850204017378947,0.779484261596388,0.698596331403315,0.632343953256102,0.636611556378563,0.645302567884484,0.609907265059148,0.62305848280662,0.6288035729555,0.629183475663749,0.641767267927531,0.652415092150731,0.663251034472406,0.672918699774019,0.681614119839888,0.695322968224132,0.699764128561239,0.73160715829515,96,167,230,0.733109219655826,1.19440431497565,1.02517833147447,134,132,195,0.751550000469593,1.10114264952369,0.584497049916505,118.628119382584,0.00649711401858912,-0.00268612672224099,-0.469588027858079,0.00947110502406387,0.00920373222107972,0.00881425862085656,0.00776793861742608,994
"296",3,0.602618484378824,0.602618484378824,0.602618484378824,0.602618484378824,0.602618484378824,0.602618484378824,0.601464879158737,0.598458998804411,0.582830787150672,0.575525335763239,0.609827761880277,0.667033491806257,0.732889001741039,0.877303219209567,0.947162594490139,1.10052274848576,1.10494735857277,1.11405292725039,1.07967612433853,1.18396786225726,1.07542076297382,1.12178854475301,1.13224215264812,1.13620783081977,1.09786384100434,1.09783214425064,1.12473993606667,1.16808014971273,1.15186195333606,1.13620518494417,1.17141286883604,1.13346044478366,1.02900819101305,0.960235195621006,0.85785529972187,0.758622668409159,0.680554700197116,0.665008949217018,0.716979411976952,0.728333168640095,0.748287977788342,0.759500848703769,0.775361416354749,0.72737686630989,0.720234040255051,0.698325028936625,0.680913572552786,0.669264016679328,0.661070789569844,0.652989798448161,0.648500358936115,0.635593220338983,96,139,252,0.877303219209567,1.18396786225726,0.758622668409159,156,117,195,1.10494735857277,1.16808014971273,0.608442526494019,156.172791572,0.00713173588483002,-0.00376411675971769,-1.53044211682575,0.0142985561217817,0.014110862638694,0.0138976145113501,0.0132834247735746,364
"297",5,0.876696832579186,0.82130272808661,0.890583678182596,0.972515764147874,1.04524166416919,1.10259079087393,1.12854809674022,1.11727840556924,1.12959414769638,1.11379069698013,1.15279473245283,1.17997537017385,1.21139709045447,1.1770377287922,1.13434208431487,1.04232374550541,0.927867669092299,0.832427526456976,0.739047470824171,0.750854909588407,0.677369470891047,0.6787060817527,0.6328856012929,0.588512365379257,0.529862096615117,0.517276109647866,0.489910540769525,0.51544533041326,0.502880461885427,0.475974891188354,0.518586565926313,0.500747299837789,0.476718905465538,0.46287108139368,0.464107786533711,0.427575747842057,0.41718382957801,0.400285150664388,0.407753756965989,0.379776180501081,0.372326296841519,0.362650909926897,0.362736071930395,0.362106936672303,0.353169617568009,0.35709774742733,0.370260272471284,0.396527437990659,0.450673356949139,0.469480120441994,0.66023619400916,0.439337614058804,40,89,209,1.10259079087393,1.21139709045447,0.475974891188354,169,61,146,1.12959414769638,0.677369470891047,0.858227472886464,133.561041775605,0.00222053672613354,-0.00612851832721767,-0.0592026466334055,0.0130262710086534,0.0129447044270522,0.0120854615061617,0.0102854090827796,1801
"298",3,0.388152505771092,0.388152505771092,0.385457280464476,0.380965238286782,0.373328766584701,0.362283531861762,0.353428460247448,0.349910864062916,0.333576400092634,0.371885960775222,0.39002837995029,0.422109757067082,0.460986343969777,0.532696569579244,0.571302758368227,0.57975802644274,0.564079454762348,0.533520374442403,0.547247775937224,0.5824163826552,0.669543063866577,0.773393731806952,0.855487411534389,0.905537159843298,0.917889404792919,0.916759271185632,0.917133467719692,0.921998521960977,0.912894948336472,0.86386452617874,0.88730063862838,0.885485140050332,0.91907640725088,0.940520035979809,1.00726929775571,0.994575819658815,1.01356079147568,0.997112941199068,1.00074778323317,1.00155958553127,1.02200249375703,1.01866411652913,1.0311244118209,1.00761943954029,0.961002697466407,0.906239071211158,0.840488997992548,0.762659784004649,0.691294820235417,0.620697221668004,0.566981657540624,0.478734659331358,167,301,329,0.905537159843298,1.0311244118209,0.840488997992548,162,237,315,0.940520035979809,0.961002697466407,0.697548011728268,141.900250679691,0.00093721829834032,-0.0068084076367269,-0.0958175540651457,0.00318239830614896,0.00200535764139633,0.00279005141789808,0.00318239830614896,1092
"299",8,0.460485854858549,0.573693962567905,0.594898158536993,0.59694940207983,0.617500219043378,0.570540950435653,0.550715434576523,0.53794969900698,0.547621882499077,0.548651023214233,0.593580295209556,0.667998733425073,0.738104676737332,0.863931167531809,0.889438753301739,0.883057981806025,0.814736076946436,0.742720914225649,0.671627818973428,0.75296030999646,0.736432821208661,0.81427212385534,0.821455056086654,0.794086807429497,0.73864984701862,0.760589730094646,0.77326040772525,0.821080490319053,0.818659333525645,0.776364765258416,0.841860330834602,0.786059338268573,0.721644518637404,0.698222749896769,0.671275665277417,0.60489307636203,0.58562558600008,0.598540363974077,0.646097029936051,0.689373934053824,0.672846391461249,0.717807093264666,0.697947623143715,0.64303809414199,0.572931067788455,0.561286475556801,0.511491592700328,0.510576832595222,0.533013859857527,0.530353963871684,0.602134917901273,0.444950977330919,61,103,237,0.547621882499077,0.889438753301739,0.698222749896769,176,82,167,0.667998733425073,0.794086807429497,0.44448777597082,124.931257350516,0.0081384969238729,-0.00142698510003709,-0.880817206603797,0.0308282034714145,0.0302383558975634,0.0296014573746919,0.0277378127550977,956
"300",9,0.300519818063678,0.133989682652559,0.132432957179804,0.0180654276755959,-0.0469338812097861,0.00598223610535653,-0.0434014910594324,0.0633894922883756,0.275832381882536,0.29828376191327,0.20181840525328,0.202281869248587,0.128443528054411,0.0588904968184885,0.200728004827292,0.348734032086462,0.462567106123751,0.571199953949906,0.666866885321355,0.803787718172541,0.96521313978371,1.1559299707894,1.35267354324008,1.52170532223901,1.63258301119194,1.75967146012117,1.84147728703992,1.790971123774,1.79003671762293,1.73185800394315,1.73028434201384,1.66877815275253,1.60705791096836,1.43426471732599,1.33659272237594,1.1441541098043,0.932211308317512,0.773678697548747,0.68821506530096,0.574182268211055,0.452410472393193,0.459604714277144,0.460762156468553,0.447505546892981,0.426258737869103,0.420245719853953,0.355545911001236,0.332118660232528,0.304882106837575,0.248596309751339,0.268203039126988,0.132349628294661,125,188,273,0.571199953949906,1.84147728703992,0.68821506530096,148,153,230,1.1559299707894,1.60705791096836,1.88841116824971,189.822092190231,0.0201631322712701,-0.0135677908439878,-0.507757693605945,0.00721613947364045,0.00440405044170957,0.00603764054022567,0.00649273170532699,740
"301",9,0.563562453806356,-0.000103472175455144,0.294519774079315,0.214375521531443,0.210442817809238,0.134075226002001,0.0525493552733618,-0.0387660611907075,-0.032882787412449,0.0185134953602217,0.102743476909071,0.209541439184374,0.363386491458861,0.486208716356214,0.707109565928729,0.953611957874455,1.22259195635068,1.4639987248096,1.66946751358779,1.75719348627713,1.79175177685996,1.77285485847777,1.76636756942118,1.73698331184361,1.71151680164309,1.66644458608744,1.63809672149329,1.57020050940093,1.53129042600754,1.4955866306828,1.51770664097711,1.52762879925489,1.51017194330599,1.48352857661271,1.34006171427654,1.22197312595213,1.0902328864016,1.08148677752085,0.953120800275541,1.04857877775111,1.08004565777988,1.1088990736957,1.05365716552515,1.09273108979891,1.00970267849759,0.91644937929072,0.830967188351087,0.749370551545075,0.656033879622143,0.607266949288229,0.445880465542444,0.575475874280655,96,146,252,0.486208716356214,1.79175177685996,1.22197312595213,156,117,202,1.22259195635068,1.53129042600754,1.83051783805067,218.429139503519,0.026110861210075,-0.00537527029158336,-1.59337594669123,0.00839046430556322,0.00781502628405466,0.00733528894718605,0.00580037625194026,875
"302",4,0.808108478290645,0.769814564960676,0.76183287200951,0.774765660721816,0.78591297016825,0.829178403541586,0.864867013251961,0.911270421136215,0.937942034218293,1.01122844308819,1.08376716464972,1.19378785662598,1.25977769810418,1.39161043494574,1.41270010519321,1.36554283262936,1.27462037819176,1.20469305112964,1.07498367099129,1.0580624052519,1.00651347221757,0.986576247562382,0.938162978725945,0.891919546766686,0.836264847959174,0.82404131496553,0.80819907765396,0.828894645317136,0.831104629633598,0.804702585979253,0.82930459712982,0.818709425134677,0.795675234504768,0.769036827710154,0.772082332807413,0.740046753872286,0.727508341911567,0.712576976408477,0.739963452362139,0.728885847995339,0.71983862294285,0.733959893098003,0.742960281076636,0.70348296824723,0.660696644702804,0.636629097639491,0.596092015993492,0.573959239682488,0.596111488721723,0.572898100407058,0.713695059409078,0.432382411130257,54,103,223,0.911270421136215,1.41270010519321,0.818709425134677,169,75,160,1.08376716464972,0.938162978725945,0.980317694062953,162.035093637455,0.010233258858306,-0.00494992233382111,0.512665379322044,0.00703033371672642,0.00697506200792574,0.00649145138081846,0.00546895841780324,654
"303",9,0.694213501829066,0.694213501829066,0.679494978304873,0.670788403975793,0.663912586437077,0.674206936177338,0.686763989527561,0.675867223243119,0.611801003429744,0.594496194342201,0.524577927699378,0.449988905241276,0.451953000249756,0.515803469435128,0.648670605792979,0.90208832011625,1.17434744330287,1.38767275906621,1.59176642597053,1.61079148414161,1.60986646539396,1.54777344985049,1.51913571781323,1.48406925643497,1.48386904239453,1.4375370434939,1.462952068256,1.43125722600269,1.40217948752506,1.37429315069882,1.3981680653878,1.40033651879546,1.43423838190975,1.4679122252391,1.53611086270273,1.4129758902732,1.32442452819067,1.1814176384846,0.96946073773589,0.73015809187848,0.689498473492262,0.517013456624147,0.389310389704775,0.340144520214612,0.318122122901356,0.220924026731735,0.224620561225844,0.239917874377394,0.251182259516262,0.264115442453482,0.268426503432555,0.29137247315988,96,139,245,0.515803469435128,1.61079148414161,1.53611086270273,149,117,188,1.17434744330287,1.462952068256,1.38986745740987,188.255446155676,0.0254648375513134,-0.000704534164517675,-2.0405794015688,0.0123689143236524,0.0114928631581349,0.0108256629656835,0.00861521141526334,932
"304",9,0.742903888592953,0.692879553403513,0.63759707936414,0.606835762372395,0.602420552177524,0.592842240110753,0.629697353365358,0.680750086881818,0.680487207126187,0.709242969280743,0.751134835554024,0.847037969102441,0.9422367227083,1.11397004335303,1.28588768163308,1.43638617498079,1.52637950319433,1.57625247445072,1.57914032990494,1.52251640662348,1.50223461356011,1.45323340667806,1.44452097087323,1.41869278113769,1.40032597112017,1.33229892127523,1.33960367393534,1.31302652766588,1.25855755942223,1.22961430868584,1.31286621696704,1.24829757674182,1.19006056530168,1.18240606033677,1.23608839117201,1.09662505552273,1.08912307884498,1.12454065276802,1.10515526252404,1.02596727740434,1.04174034610852,1.03183381543097,0.938739959813537,0.918924531115696,0.866269790751505,0.822745566703256,0.759052896327385,0.732174044628541,0.693024281415049,0.659388586747019,0.62937755985382,0.595520137841913,82,132,245,0.847037969102441,1.57914032990494,1.23608839117201,163,110,188,1.43638617498079,1.33960367393534,0.986298089794187,201.374625682013,0.01464204721605,-0.00303585786489315,-0.549045855395518,0.00896624484070369,0.00855582087752288,0.00760086530425817,0.00528053019454795,84
"305",9,0.481094426406926,0.472301501318426,0.487012171827206,0.495956731411276,0.506109233386623,0.523308709884452,0.547902979927962,0.59456011490446,0.591990685959949,0.625001454750099,0.641613864375305,0.655765493168922,0.659215172457719,0.719200013915467,0.775505878039607,0.887384696453145,1.01840894264963,1.13857656028036,1.23248889910033,1.29406209136437,1.36415247701003,1.39409737275005,1.42902117716044,1.49623262303084,1.55455752951158,1.54623115810133,1.57978508024133,1.51951470169055,1.49331156148467,1.46449970675164,1.43918407586451,1.36041116320211,1.31573626791836,1.21570321086187,1.13661326549847,1.01038678700141,0.927016719975002,0.981644108538623,0.969315823489041,0.981573355523681,0.971083362972806,0.980717387777891,0.864353215552727,0.805521974783771,0.699193989475166,0.66534098777466,0.595663538244116,0.56361868918015,0.559354620088851,0.530796070438977,0.610214249484238,0.416483654389157,96,188,273,0.719200013915467,1.57978508024133,0.969315823489041,177,139,230,1.29406209136437,1.31573626791836,1.16330142585218,210.126308417983,0.00935418550354204,-0.00718199125590934,-0.53586131372631,0.0106377574239088,0.00971080776432075,0.00944308655340313,0.00798069447197985,853
"306",9,0.561520762572587,0.497669912244582,0.565964228737745,0.596253600799641,0.659284881731949,0.706890772541376,0.730399889279367,0.754200526120954,0.766961224611533,0.772705641192303,0.794913502409107,0.833123860222999,0.932019000276995,0.958267068192751,0.99760836868642,1.02532120901973,1.06444332594531,1.04796355861545,1.1311285250314,1.23592396457744,1.24794420337848,1.30142085930344,1.28750977399171,1.25090466822999,1.1520820215585,1.14985188341074,1.13205470382996,1.12158296912774,1.11799272378676,1.11832306231892,1.16080939441966,1.11793583954708,1.11399051947814,1.1247792280159,1.21276284821139,1.12733384775787,1.19768324601517,1.26007259484964,1.27338097605938,1.24426979340314,1.32838721799026,1.27458017539694,1.24052772501309,1.18630925437013,1.08703232626055,0.9836901495467,0.889673876765273,0.773626844541673,0.696892957769922,0.621022151728387,0.58858319314399,0.488394076252494,103,287,329,0.99760836868642,1.32838721799026,0.889673876765273,226,195,308,1.12158296912774,1.18630925437013,0.839993141737767,249.419382844636,0.00179771113752088,-0.0104455557434521,-0.109808492691644,0.0172862368778038,0.0172057079145782,0.0167595521192011,0.0157867115652214,923
"307",9,0.781284631410967,0.781284631410967,0.781284631410967,0.781284631410967,0.781284631410967,0.781284631410967,0.781284631410967,0.775799616491555,0.757516233426847,0.750177904573136,0.76416067883187,0.817765199391891,0.926850581415951,1.11180682409267,1.15139324568617,1.12633577496697,1.14612903091865,1.09805075400528,1.00141833957565,1.15871034390815,1.24037863136646,1.22158545219621,1.22389208172474,1.23086372496564,1.16261232115141,1.15598098358092,1.24743932700014,1.32235294354589,1.3207316704923,1.33242801117474,1.31304289643447,1.26054603259655,1.1486890531416,1.09723835535529,0.997218136198998,0.94309379477229,0.864964295069924,0.85061451459656,0.813029594306896,0.805062823859608,0.794699196664743,0.750314021280965,0.710248339689065,0.690363037140678,0.631834887549082,0.618215612228911,0.613634105137633,0.613634105137633,0.613634105137633,0.613634105137633,0.613634105137633,0.613634105137633,132,209,287,1.00141833957565,1.33242801117474,0.794699196664743,155,167,245,1.23086372496564,0.997218136198998,0.718793906037108,160.147347070662,0.00429882690388425,-0.0068939591603846,-0.710335855383141,0.0198857285057339,0.0108959162255746,0.0168241961226903,0.0196909436367624,1046
"308",9,0.111940298507463,0.0744578991833287,0.0250860749003588,0.0214589228428152,0.0332278083456362,0.132688352765258,0.243542262583101,0.366028260556328,0.488861264262742,0.632763498763464,0.732110213826687,0.821430645003708,0.905922944765755,0.944050557061346,1.02803492844598,1.05005371923182,1.17670057462003,1.28691535608639,1.4149952059289,1.45680225154654,1.59158765082366,1.4810202785402,1.35533717895049,1.24564815012422,1.14908241316795,0.996544449784723,0.956032985137091,0.856549186475806,0.897108090715333,0.895934652797948,0.923853729574914,0.986387286725372,1.07981211660453,1.02256890038119,1.00471602507992,0.930799443654892,0.839894571725131,0.803824427117521,0.77850917484249,0.796524530897451,0.839882267475011,0.915359785148517,0.96884010525149,0.987295301667255,0.924556176272381,0.849031208828114,0.733344603804434,0.640278770147565,0.581665482992863,0.580202755023411,0.579773448322088,0.67287784679089,82,146,252,0.821430645003708,1.59158765082366,0.930799443654892,170,117,202,1.17670057462003,0.897108090715333,1.57012872798085,175.497824461615,0.0120337032159368,-0.00623385101102615,0.758283068075891,0.008973504420108,0.0089179687622374,0.008666787239746,0.00810888853689262,654
"309",9,0.81940725694765,0.81940725694765,0.81940725694765,0.81940725694765,0.785068883189503,0.696098574348699,0.614236633649821,0.539483061092867,0.501152469054625,0.501205884926762,0.620769195005364,0.724674226645817,0.810783502274066,0.925842267307754,1.02400195641057,1.08342882189849,1.18381808994996,1.28487638809881,1.30901206996046,1.26248068326205,1.32661992453164,1.30885625372228,1.31957493282685,1.33811081810711,1.4388604052268,1.40736168922667,1.40771099915109,1.34862885857614,1.34677733526169,1.31477462164175,1.27689283997541,1.22301725592232,1.2199741536719,1.15467385215202,1.1456664347254,1.10609060035902,1.09091369518154,1.07249160453922,1.05648686734535,0.992034552698864,0.9622053204868,0.928190543367264,0.920389147193725,0.901074724420634,0.912054553110134,0.90247453815193,0.906317335186129,0.877326913294817,0.866191686750943,0.848374900908592,0.848374900908592,0.848374900908592,110,174,266,1.08342882189849,1.4388604052268,1.07249160453922,156,139,223,1.26248068326205,1.22301725592232,0.937707936172172,182.125799445219,0.00555361848950479,-0.00398226957269108,-0.361224255814492,0.00627261500398726,0.00556297754697477,0.00589094252612586,0.00583723502741557,-185
"310",9,0.551217271474506,0.454053988130996,0.457898807860603,0.463551047441214,0.486165319452104,0.530643527604801,0.582742272780859,0.625873213186053,0.666995695755758,0.691916538028538,0.695795596567501,0.705833924045818,0.742857075908284,0.67573819496378,0.745236647605007,0.866741706138596,0.96136594762748,1.013789241999,1.15150924951266,1.20369094720765,1.14166014317133,1.12640760577593,1.04228491319138,0.971411539040877,0.864787933125067,0.743787753645958,0.823934933890932,0.831585872153325,0.824044039198674,0.832434474030877,1.08138639822317,0.96672757456217,1.0529676652254,1.15810648978307,1.29496974142994,1.19894943236811,1.29664006512215,1.27887338254323,1.27770440581775,1.20167502111026,1.25676868836849,1.16751921198466,1.16511854743635,1.11233888863578,1.06577237478869,0.898557588890249,0.778771196798286,0.652539422386595,0.532536130111093,0.426417694271725,0.401954963326667,0.349709042076992,110,259,315,0.866741706138596,1.29664006512215,1.06577237478869,205,188,287,0.823934933890932,1.25676868836849,0.94693102304516,205.25322952677,0.00288522388579567,-0.0041226373273833,-0.434990228952568,0.02923339074812,0.0285360325569006,0.0285646194756558,0.0279244351219467,1082
"311",8,0.279126213592233,0.279126213592233,0.311897492972493,0.361137327876753,0.406314526265986,0.459921348756528,0.536559084765644,0.538581862622398,0.548438122266161,0.586696913860909,0.613388534257108,0.611911711863163,0.657690729761398,0.766060357798947,0.784745232971883,0.788913148233418,0.810965620632605,0.838431113319782,0.797084713476014,0.827136674425481,0.861118011302565,0.869427662098137,0.875161332366224,0.853093941103786,0.828196221076022,0.809244687810354,0.829407139441564,0.812545339169583,0.790805631156741,0.760191620395034,0.764552049649361,0.718956817154372,0.696140308166341,0.679057234217783,0.664086404632416,0.619623343321642,0.574447935218953,0.556954125727596,0.546106456302388,0.533236819648827,0.555104713594201,0.577693185059868,0.566241580936812,0.540339761108079,0.512399357976359,0.444418725956244,0.395626846973733,0.370645477995758,0.36134738303972,0.360786867687592,0.37503404013217,0.380724766562917,75,160,245,0.613388534257108,0.875161332366224,0.664086404632416,170,117,202,0.810965620632605,0.790805631156741,0.596035118773991,122.522168138827,0.0030796799777543,-0.00248323444392716,-0.896485284850886,0.00754121185479061,0.00699048585783076,0.00726835716785213,0.00727337379093502,770
"312",3,0.714418431809736,0.702616608295383,0.622820965118018,0.615353299107253,0.597774421211246,0.584545417728718,0.613909574717323,0.636308220614894,0.642174394075089,0.691778537451206,0.740490796501526,0.824605202443382,0.957152950849036,0.948206228646117,0.961909270050686,1.01406574177901,0.962122969682497,0.868939349875369,0.919524982729725,0.970261618396277,0.888638905583303,0.896500618016788,0.972698702241007,0.960920330263084,0.886036497520813,0.888208289600589,0.92092427325768,0.875174166183598,0.871159463357248,0.892287461887204,0.938660339838905,0.921282423049098,0.824065072988117,0.784468760872446,0.79577898013878,0.719571621071455,0.687574755747986,0.781307382134282,0.789284425196686,0.775141344634462,0.782321889912733,0.771135334345642,0.719563384039584,0.723369885582024,0.683104462524152,0.688770703776827,0.686301055853401,0.691155459986732,0.689072396822951,0.688011864779598,0.686160994919665,0.695368068004395,68,110,237,0.691778537451206,1.01406574177901,0.784468760872446,169,89,174,0.957152950849036,0.886036497520813,0.429520324050296,141.766435199753,0.00767350486494782,-0.0018078502433588,-0.804616762966216,0.0132785854755222,0.0130631717652889,0.0116889011158125,0.00872494610662659,-245
"313",8,0.566042290238486,0.566042290238486,0.589476746700173,0.566847998797403,0.557347816159961,0.520808397370128,0.474995727021576,0.513035177901696,0.686369563340555,0.814856773242992,0.987474463225181,1.21047821000048,1.29281948531195,1.36078726322786,1.30609492234908,1.14636496299366,0.929505604522521,0.782489934310532,0.56563462332721,0.57999833425966,0.58317324914507,0.614824872480209,0.603065986307679,0.593714737630522,0.543529559007095,0.537612310156342,0.550156444943049,0.617882122353078,0.623952036507862,0.620228946359194,0.685376222577908,0.703518626580758,0.70478876029802,0.700089130573476,0.714178167199642,0.664155760164449,0.640086201251353,0.58895991359775,0.599719992408623,0.579913920661635,0.589719115912556,0.597315197210818,0.609947169437757,0.61179757374788,0.604634776000352,0.60130968818213,0.568011950291919,0.56767973809853,0.565305056509987,0.538425649449675,0.586406999009525,0.490996733328022,61,96,259,0.686369563340555,1.36078726322786,0.640086201251353,198,75,174,0.987474463225181,0.543529559007095,0.885791536206284,143.643848114765,0.0192690771396373,-0.00442147890783133,1.1577071380189,0.0238612509399696,0.0234927470461218,0.0231455550353445,0.0220826671199421,184
"314",4,0.668896321070234,0.668896321070234,0.716554115863607,0.713729860729641,0.719028476151996,0.81581593570177,0.824317167470868,0.885094867271376,1.09286634585818,1.22974470877938,1.34178493565802,1.52248557921334,1.60937561829533,1.57250099947305,1.57165290852786,1.51185138774965,1.20353675703965,0.95462504756589,0.729678174732344,0.695683876348523,0.490180491666261,0.514324252639686,0.725982014303819,0.794699139053311,0.734069220646569,0.794544953242354,0.951873993395169,0.951037589485601,1.04741730404544,1.09411260538939,1.23529972489712,1.25933241662605,1.27884431665537,1.29244253314162,1.32137158124859,1.34029732244475,1.37440516356577,1.3722490871103,1.34624803882898,1.25095370957318,1.24279335904069,1.24800858699135,1.28718620577608,1.35095733914112,1.45095879653802,1.35135638451127,1.15436199686686,0.988881707976743,0.820963139286355,0.702675800583984,0.627257840999864,0.712640368557443,47,89,223,0.824317167470868,1.60937561829533,1.25933241662605,176,68,153,1.22974470877938,0.514324252639686,1.11919512662907,170.438657296654,0.0186918678767729,-0.00261226269902447,0.192288897383972,0.0267982948296012,0.026627220881522,0.0233824908780744,0.0167219569231,-158
"315",3,0.433744760130415,0.46467100302045,0.452002521538078,0.487043099021807,0.497407219433385,0.513149083671599,0.529673503925023,0.524351312529495,0.507919322104851,0.512680259510434,0.541575550740588,0.627072012035058,0.68961552448088,0.744218488975077,0.836665081458572,0.986389183835443,0.984184040400187,1.01313318815422,1.03710027474589,1.06754646062025,0.957963384008157,0.934016977082596,0.983877278772155,0.972581170818284,0.935262584010638,1.01732718959377,1.07753030241845,1.04463762880829,1.08798310844219,1.11194541880173,1.03513923455877,0.917534529655904,0.795830167739106,0.73027644424367,0.689284258305095,0.669341519825536,0.743366217475334,0.832531503699523,0.876107570797422,0.878134917839961,0.924430645885575,0.935721262316519,0.986538547449621,0.987937705105485,0.999733154341927,0.956173738927859,0.915652843927218,0.833923168618808,0.757250423000839,0.6900819573197,0.593628587457102,0.616289524951296,96,209,315,0.744218488975077,1.11194541880173,0.999733154341927,219,153,259,0.934016977082596,0.743366217475334,0.678200658671313,191.674553790656,0.00325422061793496,-0.00105860626848868,-0.729512174117499,0.0130541738951759,0.0124040454905902,0.0127454091674195,0.0127780081164924,290
"316",9,0.436249825150371,0.436249825150371,0.436249825150371,0.436249825150371,0.436249825150371,0.436249825150371,0.419068749417842,0.398848255020404,0.393096978862526,0.430662689426455,0.511609332112087,0.611952091912821,0.745717083069975,0.873379785826416,1.01587653359394,1.11827183817327,1.2130045816247,1.27511141601888,1.32705394519625,1.34342772336643,1.26826698657968,1.27013769497668,1.2608873640072,1.21162518041068,1.17776443274917,1.22963947075015,1.22236768351124,1.23666345796285,1.25629659375194,1.19166203240258,1.23236510360407,1.22967408820442,1.22600686441531,1.27338043840781,1.38160692399213,1.27630243021721,1.11230069803729,1.0755663775913,1.00145487575035,0.894367099827328,0.879584568105603,0.941462842625864,0.850439144875343,0.769230278840065,0.698849261609491,0.63929609318362,0.585156849160102,0.545454736876188,0.516219545103488,0.493870258705204,0.471464436710712,0.467996492766331,117,245,308,1.2130045816247,1.38160692399213,0.769230278840065,191,181,273,1.22963947075015,1.00145487575035,0.988509945129605,208.405974779434,0.00131720579974557,-0.00972026420876295,-1.05560774929841,0.00901122817212267,0.00859057961280122,0.00886849181335997,0.00900366765515603,1987
"317",9,0.473385230380812,0.46564837008148,0.467618129624496,0.483735571469395,0.508321725246121,0.55449333593265,0.608726929935232,0.650489677840371,0.665981843322995,0.725548683215006,0.775390357096904,0.858080600501589,0.986494219029778,1.15055132308611,1.24680093744172,1.34955555177703,1.3811643298701,1.37687311574052,1.34029224876613,1.30160701048332,1.2542767886138,1.21827641807637,1.20134755704025,1.17172102440803,1.15472194611311,1.109637380678,1.095815288842,1.07564666092429,1.07517582938368,1.06129515241999,1.1012907910149,1.08059917783832,1.07090025941461,1.05328366070748,1.07787024243915,1.03625390485753,1.04026173783238,1.01338834702885,0.981510485998529,0.925880602405449,0.89004699528923,0.84494065311566,0.795115907272216,0.749713650194977,0.698760759288036,0.655640676177148,0.619575524982989,0.589101321013631,0.562033157159749,0.525691982688715,0.508503228221124,0.428149606299213,61,117,252,0.665981843322995,1.3811643298701,1.03625390485753,191,89,188,0.986494219029778,1.095815288842,0.953014723570891,201.192145319044,0.0127711158311984,-0.00255489203713016,-0.589858657877158,0.0025505301846732,0.00215347657777924,0.00234316352042542,0.00232548379882383,2011
"318",9,0.61747572815534,0.61747572815534,0.618405787932974,0.610579559667525,0.602627091048092,0.61546941124015,0.628878946381203,0.651407922238684,0.683205056958333,0.721437927412046,0.83458880610199,0.945324378987646,1.06279642238404,1.24035081183597,1.42483176998354,1.53684397090298,1.62879881811515,1.71652572210676,1.74039478203126,1.72008880135204,1.66505348508693,1.62418519687308,1.57967760349974,1.49552361204843,1.41818007199031,1.36321461208918,1.32985720567951,1.20493809163609,1.16530014242019,1.10276949578346,1.06637028291893,0.977682079006468,0.966446712799137,0.912463373430613,0.910451133717249,0.876186895311113,0.877758447649341,0.932413024741171,0.945215664062826,0.951512370215542,0.962874667473774,0.984498431613176,0.912526279418586,0.84529568500502,0.76828456028994,0.689213153624276,0.622704839117748,0.60153753251558,0.650161067179102,0.617354803351395,0.82654900498789,0.362717080677072,75,132,223,0.83458880610199,1.74039478203126,0.977682079006468,148,103,174,1.42483176998354,1.41818007199031,1.37767770135419,190.848907897515,0.0158913329110398,-0.0083814582749977,-0.242501142155098,0.00521268057270097,0.00519524597378893,0.00445392014398203,0.00295383388545619,227
"319",4,0.923740617503676,0.923740617503676,0.923740617503676,0.923444920318896,0.92294223510477,0.898977511658665,0.863326123674289,0.788066779530588,0.729154840636017,0.699916872536738,0.658973518429256,0.660017171947683,0.735478235977269,0.809513363627285,0.791807040988025,0.958648710616497,1.03302972335966,1.05910473770035,1.06366876314094,1.10402048334743,1.07453438298958,1.03986225170641,1.02096412088656,1.02809560596578,1.00650849001919,0.923540025339055,0.912437379772,0.859458205131382,0.828200604621515,0.842785681424879,0.829619217842219,0.796457894722372,0.803301180785571,0.799575889256497,0.799467363747583,0.777103310800698,0.802149291880702,0.780327907403541,0.683155490018866,0.606211767529947,0.579398285628239,0.534374314783301,0.537389792879222,0.567258724258273,0.583357246603077,0.588631148276898,0.580180890014164,0.570153011845563,0.578325318079111,0.585785268901013,0.585785268901013,0.585785268901013,103,139,237,0.791807040988025,1.10402048334743,0.799575889256497,134,117,188,1.03302972335966,0.912437379772,0.569646168564126,115.168904826222,0.00867259562109448,-0.00310657749072377,-0.225079313795241,0.0126058066296362,0.0118510983254019,0.0116554850341135,0.0105095501473023,140
"320",9,0.841623295342249,0.697603653693595,0.654789181280236,0.594900374584369,0.599199529456365,0.598822934599479,0.644019518208183,0.699219439308078,0.736671653172259,0.753263334836639,0.858655784624839,0.983600679272159,1.08425664845802,1.28798358630781,1.47171183112674,1.6015872983943,1.68213636533619,1.743448414288,1.70544258005129,1.66121294303133,1.61426735134313,1.56375929563862,1.54716857872602,1.5217628060355,1.51302178272695,1.47174000459325,1.46499246720837,1.37035792218168,1.33334851428911,1.29232218321902,1.35179754605593,1.28757364718597,1.23350669651096,1.20092386885395,1.25818638427073,1.12984538140656,1.13280418350045,1.25636876360943,1.24014436461487,1.15038227963002,1.14425608408237,1.11963040070305,1.00011663496811,0.982345992434327,0.931622449102126,0.90077772920392,0.865731854638754,0.908784115772757,0.901539842535972,0.863807123333649,0.876859234223028,0.645934942964247,75,125,237,0.858655784624839,1.743448414288,1.20092386885395,162,96,181,1.28798358630781,1.47174000459325,1.14854803970363,216.461910568434,0.0176958525932632,-0.00484396915566118,-0.540714154251417,0.0110988286889205,0.0107718585257218,0.00922746920624363,0.00581172040408851,-65
"321",4,1.48582059533387,1.48582059533387,1.48582059533387,1.48582059533387,1.48582059533387,1.48582059533387,1.43331758592869,1.34685385794459,1.25147432081459,1.17590436598603,1.09989798582897,1.11004903902204,1.21976133259756,1.34959634277616,1.38336217741374,1.49728002238465,1.56574236047536,1.56303782841053,1.54352433772151,1.55227565353957,1.51229725244995,1.40828061971414,1.33774545550796,1.27586186333191,1.24879035562005,1.19886812967826,1.17503169324105,1.15802163296711,1.15816057159987,1.19375526044393,1.12956887095232,1.12633382846318,1.08358702344222,1.02836885533404,0.949331813007112,0.899113767323822,0.904424982216062,0.92731238999307,0.893937898585072,0.873920642971431,0.908657153683932,0.856394790876142,0.770225317204776,0.718581367764316,0.65586752998947,0.579893421642624,0.524191104314931,0.489589971156966,0.46899805627051,0.447664620199831,0.447664620199831,0.447664620199831,96,117,237,1.34959634277616,1.56574236047536,1.02836885533404,141,103,174,1.38336217741374,1.24879035562005,1.11807774027553,168.710742452948,0.0102926675094857,-0.00447811254284432,0.224086098251759,0.00932428946400432,0.0090279205715219,0.00848096541607234,0.0070906862126908,1191
"322",9,0.481954050401463,0.481954050401463,0.475152616481104,0.567013800452454,0.662334176851603,0.782928650676308,0.831530814692455,0.823055251061523,0.704414863281431,0.600202783327283,0.501287283567582,0.465139471448216,0.504176224321337,0.581758744855418,0.785624614536355,1.04997763324141,1.32991233774212,1.58937503851978,1.78928106277322,1.73516810078118,1.71632290155044,1.64807237700248,1.61546557957856,1.59325482079221,1.63773096157021,1.59802101910314,1.5646107641107,1.43014702794716,1.40265769733146,1.40181158257954,1.39471007766888,1.43917257332871,1.54802772688558,1.49164187794701,1.53992314826951,1.42658311662101,1.3491035223718,1.26789174759828,1.17585029807117,1.04166609643011,1.05618138856734,0.951138964694249,0.877580954179299,0.893451467896997,0.837337515495039,0.763805116989853,0.761449556762082,0.725947039512629,0.681220956747962,0.597421879523372,0.600585970721875,0.275330396475771,82,132,266,0.465139471448216,1.78928106277322,1.26789174759828,184,110,202,1.04997763324141,1.40265769733146,1.51395066629745,242.626660807818,0.0264828318265001,-0.00389096503861898,-1.57213604560324,0.0206175953413291,0.0180310403330846,0.0186256538810903,0.0172283259688571,1117
"323",5,0.931461964599379,1.04101279112377,1.02663072869075,1.00844282661986,1.01004685848142,1.02524630047927,1.02958226372915,1.10930706946019,1.2059687103968,1.29800545206893,1.37402699816406,1.49997684544223,1.56723543762966,1.60893002912569,1.65857213686135,1.67148960344306,1.57343816530948,1.44863699606561,1.34035117080438,1.18349898265033,1.01454151176739,0.90427241704884,0.810473245884474,0.736390382785346,0.646135363504522,0.587385032183318,0.577554577951394,0.555861695089813,0.539107863972147,0.538764300878989,0.56478481178685,0.566412469076982,0.551954995449832,0.552269182450069,0.57098168405263,0.528704572409438,0.509281426733574,0.569390377267546,0.582630189978563,0.618737624467886,0.607633413522945,0.682843391938284,0.630807379956486,0.601881721929159,0.517425125408959,0.523117396116735,0.414413907861685,0.431351972794742,0.468042453741973,0.486931158490954,0.64328513217382,0.466433566433566,61,110,195,1.2059687103968,1.67148960344306,0.555861695089813,134,82,153,1.49997684544223,0.90427241704884,1.25707569558137,145.452977916447,0.00950042638869913,-0.0131250342159205,-0.361078858801095,0.00683615065920765,0.00631230132081758,0.00496044488657364,0.00173288267969569,1117
"324",5,1.32400699475393,1.15573986604799,1.25008914768158,1.26350597753042,1.22464030580989,1.31954819342815,1.36746328886469,1.26537885724451,1.10471355803622,1.07804961105202,0.878740939602033,0.70660787493928,0.810463730780453,0.91433937261769,1.05324342020569,1.18376744655976,1.2691755527082,1.17196058110736,1.11458844508758,1.02494657677131,0.865970146349553,0.756040016889654,0.676573270966932,0.630022017550072,0.521696899197888,0.496041534039742,0.521667372652912,0.538586216829137,0.511022544880389,0.494604783844787,0.522499531007764,0.494107367740026,0.476267281630722,0.479427425588008,0.499911530340229,0.473545321602418,0.473115737689972,0.511970897590515,0.525319921623503,0.49812524954728,0.534547147351403,0.558986399805584,0.576107378346843,0.598497160035886,0.440909436640969,0.358171690120563,0.221881010577231,0.308935315926362,0.416616176796762,0.512996626697215,1.18260660296449,0.111099067851723,33,47,174,1.22464030580989,1.36746328886469,0.521696899197888,141,40,110,1.31954819342815,1.18376744655976,1.25636422101297,128.738222633812,0.0102016416467717,-0.00665957787139213,-0.140328620324599,0.0205581612760268,0.0205518792612399,0.0186622882182423,0.0148768241174601,1131
"325",4,0.65990818668707,0.65990818668707,0.65990818668707,0.65990818668707,0.65990818668707,0.65990818668707,0.65990818668707,0.65990818668707,0.641653870587649,0.646380246789061,0.699600411940936,0.837874586516057,0.938549537756078,1.21400970916197,1.34931253132237,1.46721339343569,1.52621708997946,1.59457624900173,1.48745665716346,1.48582337617725,1.36707027604701,1.18837299206157,0.997952798659605,0.835698370668932,0.667791284164825,0.571087527516133,0.536209349607846,0.531306870811018,0.566495268244272,0.60510530079521,0.626066223767888,0.616340748622485,0.752669615114865,0.765956705311265,0.742794307819856,0.829599104796931,0.897451197407385,0.919954251855257,1.04411859704582,1.20338493158682,1.23387897315409,1.24570625410313,1.13247328783989,0.968809516314501,0.791990407181416,0.649869380014217,0.531435190708218,0.430766129798118,0.344309171604739,0.259036555304419,0.21166287958202,0.0754635618801207,89,125,266,0.938549537756078,1.59457624900173,0.919954251855257,177,103,195,1.34931253132237,0.531306870811018,1.51911268712161,157.482697636677,0.0182229642012682,-0.0047845531712516,0.408760035078212,0.0107750596877608,0.0106654096999609,0.0105593026252452,0.0102374384880139,1225
"326",4,1.22071166287813,1.22071166287813,1.22071166287813,1.22071166287813,1.20973769688761,1.22465410951638,1.25551255158281,1.32120222823597,1.36776089709096,1.41441153539099,1.47753711978731,1.55048950826828,1.57917954487447,1.55723674341713,1.5865917496006,1.53325442665177,1.45644307210266,1.35605162589255,1.3015610097138,1.1847207357743,1.1472471105701,1.06056985322503,1.05208519205813,1.0706675530657,1.06115741000889,1.06572547946758,1.10171549961183,1.02498635902249,1.01968530460276,1.05948157464192,1.05005806467844,1.0481297277048,1.1162532995417,1.08200207586398,1.08580917007748,1.06395466309529,1.05863045381169,1.03749227263776,1.06484419474634,1.05563844486607,0.98129139568743,0.967793676135746,0.888222155506949,0.794230645025938,0.683654073788085,0.673517516125276,0.647899879335733,0.709700409964282,0.770292776372254,0.875032173175806,0.936252223700944,1.05692017005196,61,103,216,1.36776089709096,1.5865917496006,1.05005806467844,155,82,160,1.55048950826828,1.05208519205813,0.938691870264869,179.373210318121,0.00521025839308667,-0.00474808570727575,0.258231162790556,0.00959850928446571,0.00953205570176869,0.00850362201977665,0.00638030107309554,1365
"327",7,-0.243427458617332,-0.195162920444034,-0.185443347407609,-0.0972841714736158,-0.0440454619160232,-0.0553313790962912,-0.0400313546306015,-0.0721257938701996,-0.151467233817793,-0.137648025208126,-0.0511025441907885,0.0506728502572873,0.173884718464244,0.432333160486236,0.687001132112524,0.93139913035113,1.0882488769153,1.19884259526169,1.12711349014815,0.901892648499578,0.895102966555463,0.913899059583236,0.900190425600467,0.911767567341285,1.12766489863503,1.02555950871885,0.966338566132703,0.988231109092461,1.08504104035183,1.04508491399289,1.03303662173849,1.03300655954465,1.02807500236779,0.930919731671248,0.881749383674737,0.839161740875056,0.809062309794368,0.786788891522664,0.762952787034786,0.659903940013799,0.571222785368147,0.51319263394398,0.452171932018974,0.386994580018624,0.427485687860293,0.435243375907788,0.3373550981401,0.210603001466874,0.125868538034758,-0.0390995922568431,-0.0783226822265444,-0.216412742382272,68,125,266,-0.137648025208126,1.19884259526169,0.786788891522664,198,96,195,0.432333160486236,0.988231109092461,1.44227005387902,160.07626336198,0.0234472038678914,-0.00292236669318455,-1.70843811011931,0.0140540514206923,0.0137298858193277,0.013432609608468,0.0125138915853841,683
"328",4,0.814924568965517,1.0073245218636,0.970916312725838,0.951754456461958,0.948325304387686,0.852167141256409,0.82652972879345,0.86983052700546,0.931086278583067,0.983907203469611,1.09410921818868,1.23461774886468,1.30106274412309,1.44043886893259,1.42821119727186,1.36683696977276,1.26833567901669,1.16900695757374,1.04957522721497,1.1049785875576,1.12332981453768,1.15888108361959,1.16138337369852,1.15451093809286,1.09157692182317,1.08817119623456,1.09851321597283,1.13094290030202,1.12173882636345,1.12632352630826,1.1584358826765,1.13742011789313,1.14411421950436,1.13728495905409,1.11087808019754,1.06326420658771,1.05388897756365,1.00307991597316,0.998243891617029,1.02377062210142,1.02076241195634,1.03578983366234,1.01297751228174,0.971362597879689,0.889930190513971,0.852427967116446,0.787377430834647,0.765963751085035,0.787714368426726,0.756109029249667,0.887085560732803,0.608825773135379,61,96,245,0.931086278583067,1.44043886893259,1.11087808019754,184,75,167,1.09410921818868,1.15451093809286,0.831613095797209,198.710450395933,0.0145529311528435,-0.0022118173740607,1.12204048485471,0.020433075862721,0.0189862359009142,0.0186180851333516,0.0164349436364197,157
"329",9,0.491372599896212,0.491372599896212,0.548880535781105,0.552447631960679,0.556914281915375,0.590070065578458,0.581442006693712,0.598381332661197,0.627866556674823,0.660438569721587,0.672869504525874,0.728913567325214,0.758379237273814,0.847846647314554,0.919911812695019,0.965023752248947,0.990390531076747,1.05172652722996,1.0826053488699,1.10639994803513,1.17846560545559,1.21483157645932,1.26976701165404,1.29083629651246,1.29280524900583,1.30169671424058,1.34479463667626,1.24408367647108,1.22958182257153,1.208415870711,1.21103916801746,1.12306139656557,1.0753231940573,0.979517485147077,0.990292795460068,0.814465812545734,0.793829355079361,0.82754267792948,0.806817232773715,0.724792217457676,0.736932764752977,0.679648246916496,0.619774626364642,0.584476839083767,0.551271507122187,0.553548875813966,0.559271375800216,0.591428845692316,0.628699246830641,0.682120223732806,0.718409813017232,0.804709440483906,96,188,245,0.847846647314554,1.34479463667626,0.990292795460068,149,139,216,1.10639994803513,1.21103916801746,0.853422036780048,155.934999352611,0.00540160858001855,-0.00621933054765249,-0.332739665242128,0.0166006833856658,0.016084826228878,0.0144092466091382,0.0105422302128707,1078
"330",9,0.459242250287026,0.459242250287026,0.499043612688312,0.544968261612871,0.601608661953162,0.705704532848831,0.835970454303343,0.972001274265992,1.08363535509371,1.1790837545693,1.24676697833035,1.30624325396369,1.32605906891009,1.41504891198421,1.44728772800534,1.48038395300086,1.47946133616135,1.49864255381618,1.44443549522902,1.49515121017629,1.48415826312447,1.44000856880767,1.42062933527537,1.39834585543726,1.30114597581807,1.27972987208139,1.31818785160163,1.24741529550013,1.2598411890024,1.30051049056059,1.35231879121075,1.3431091444561,1.43358045438574,1.39393916679531,1.39862859982394,1.30590600536047,1.27200158526013,1.2125264590931,1.19385758916597,1.10244602972709,1.01089221718563,0.97066308303096,0.870622818413807,0.773075091437683,0.70600792981183,0.694516914678022,0.600382348328006,0.581191405718581,0.574679000114181,0.570069173232316,0.559810439313629,0.559810439313629,61,125,266,1.08363535509371,1.49864255381618,1.2125264590931,205,89,195,1.32605906891009,1.24741529550013,1.03940030352915,262.182681959432,0.00648448748003853,-0.00202919216115661,-0.157686554464165,0.00991663359154732,0.00986826113754199,0.00925261398431537,0.00797294722385679,277
"331",9,0.383522727272727,0.383522727272727,0.390683492594353,0.402475619840952,0.422479491673335,0.338645488935548,0.236424759935746,0.0749755609819543,-0.0610135129349949,-0.161082556688611,-0.152926418454446,-0.117293486250678,0.0594691242566756,0.280850498244135,0.610512610556854,0.960516743172768,1.32965426087295,1.56282484843285,1.77739376130082,1.77293770500017,1.81516311570308,1.78908177062492,1.80710414292715,1.74954516044725,1.78640695021248,1.77511321944507,1.79718540508881,1.77548357196135,1.81112198875547,1.8181201916246,1.76715706158502,1.73409736381711,1.72655297709148,1.66620801354484,1.57176938837186,1.469788775817,1.3643171823937,1.29840526242522,1.18745361273439,1.07163733685478,0.996050736188376,0.915643637728474,0.788166335817837,0.699995349952532,0.626574484232668,0.540565284556216,0.445929280255451,0.386706399730532,0.348810847941074,0.308680633874582,0.345870845308133,0.209497206703911,117,209,287,1.32965426087295,1.8181201916246,0.996050736188376,170,160,245,1.80710414292715,1.57176938837186,1.97920274831321,257.662452695568,0.00530941229077885,-0.0105393519927721,-1.40177931600975,0.00731052119999169,0.00525027840405681,0.00658443838777785,0.00719251555928505,867
"332",1,-0.365853658536585,-0.0972290771406282,-0.21549142462753,-0.0772917911861087,-0.016515527432424,-0.00512123380268138,0.066749976791569,0.0522547025433195,-0.0474256463982856,-0.044969004061754,0.0415734614530232,0.115824779336565,0.246739318558265,0.511775403002286,0.790781513047531,1.01941236544998,1.15445482784912,1.29720396122103,1.29908055986205,1.03866538025729,1.06665232732215,1.18641891421947,1.24264715667341,1.26087444461918,1.5329389713737,1.50995702130317,1.40029794923025,1.33626303418679,1.35138190126867,1.29888025715547,1.14094064184499,1.13204785413126,1.0585515718134,0.968412629056482,0.813218172033454,0.76892395975467,0.687511879879234,0.656456732622248,0.582902571397334,0.514917454640805,0.429659016224833,0.272173259206939,0.0925686210029369,-0.0850527386111221,-0.245134170343314,-0.373199315729067,-0.441070741631723,-0.402285124328394,-0.325763871724191,-0.136476443534731,0.00407089956753827,0.439836632108074,82,174,252,0.115824779336565,1.5329389713737,0.76892395975467,170,125,216,1.29720396122103,1.14094064184499,1.97400971300543,178.009966806365,0.0154034151308384,-0.00979506425152605,-1.23330121337459,0.0137102208926605,0.0130486535876941,0.0131259582382347,0.0126190002343495,782
"333",4,1.13854798166494,1.21786081191187,1.20127812937379,1.20394919836789,1.22873162879186,1.22392337413063,1.25708987368646,1.26102134342926,1.29680750097003,1.33110792469353,1.39779546001296,1.43388529529947,1.45792551695493,1.50717012643666,1.46367550950316,1.41404041586142,1.43771877917259,1.47184955825888,1.41376654456644,1.43724418191938,1.43648636555984,1.35012714986411,1.3217644808766,1.33816547497503,1.30427978859483,1.26389916411373,1.27495245796312,1.25885504984137,1.21766283029463,1.21755050128569,1.26845299649197,1.27607202944284,1.22198800047676,1.21580621788968,1.22600570834052,1.13852013852452,1.10799413017421,1.09247552512771,1.07690979124287,1.0868081616002,1.12582576625475,1.07376121006902,1.07970142679006,1.08131192166151,1.05100170060408,1.03837091427999,1.09329835027546,1.15154062503978,1.19146701951489,1.13508846912696,1.2616328304174,0.910245554614733,47,96,223,1.25708987368646,1.50717012643666,1.27607202944284,176,68,160,1.33110792469353,1.3217644808766,0.596924571821928,220.635054897569,0.00510367862755518,-0.00181967005506947,-0.0216673039151544,0.0117072613567536,0.0116565279389535,0.00940820159959435,0.00486081550307599,1718
"334",9,1.14944269445118,0.869493087557604,0.882143867358317,0.841010348548403,0.847015987361268,0.916146428994976,1.02216989964955,1.01774406164651,0.938638164373203,1.02644902232401,1.00076207998465,0.996648889923198,1.13703856724106,1.35652144187386,1.44422487959715,1.58895607925149,1.68617575378834,1.7225758840364,1.72337851344554,1.68542704573739,1.66761932945695,1.6042552878354,1.49990140186191,1.4414385560234,1.40355728291414,1.35419114268237,1.33317330780635,1.35961178812152,1.37594477799291,1.31745594020268,1.34229167822549,1.28907955329372,1.23161724443291,1.16938042311346,1.23457918253871,1.10194279106701,1.14310562533374,1.12046655767735,1.11834289785835,1.03604353346528,1.06699445513629,1.03076387675669,1.06688042390924,1.06181063064949,1.06918239564842,1.06662859686554,1.03280683694739,0.996187996148806,0.952458522778508,0.915382328354367,0.873225115566608,0.871459694989107,82,132,245,0.996648889923198,1.72337851344554,1.23457918253871,163,110,188,1.58895607925149,1.33317330780635,0.882368164897141,215.768620505213,0.0145345924704469,-0.00432565779563567,0.198196305357951,0.0127216058618116,0.0083655368682876,0.0103462604875802,0.00995163873264155,1325
"335",5,1.27067786880969,1.63489403589158,1.61603060442365,1.73221627318535,1.78438159458356,1.76380157039488,1.73094617448148,1.66275077404948,1.65142434604519,1.50206298455967,1.55197407484848,1.64104472768187,1.71354102816922,1.72868107211894,1.76484572587716,1.64249259943476,1.52505059238688,1.49286727732717,1.43129551859004,1.42905103951941,1.29708843994644,1.24347806537494,1.12903033992879,1.00263231665939,0.891579684788713,0.886740614452949,0.774442580775142,0.664776771362833,0.599164828007537,0.572889639396546,0.57540739473723,0.580729279113446,0.608309231203233,0.606810416173473,0.647225320511434,0.627175698222277,0.666205415710825,0.649188038417824,0.67229417143701,0.681351586707705,0.680731965545152,0.647172079224688,0.685215863614997,0.695690071048885,0.652933575048985,0.690509922211525,0.777397902248494,0.861463463353536,0.993870118079357,1.02149181896301,1.42520656628189,0.803563228946643,12,33,153,1.63489403589158,1.78438159458356,1.24347806537494,141,19,96,1.61603060442365,1.72868107211894,1.21149195518702,205.943867202927,0.00711845517580884,-0.00450752941007182,-0.677529066260339,0.0191087084976659,0.0190998931940223,0.0157328026223947,0.00898980617549581,2745
"336",1,1.57793972332016,1.58919275709887,1.64529235431471,1.66364831035602,1.68239099251969,1.65434710616028,1.63098066746472,1.58186072905381,1.50427200199687,1.50044542995812,1.49648979303702,1.51249638828573,1.57776569020516,1.69850078234168,1.71797427171861,1.74874981258506,1.76159445225842,1.73810018775299,1.66877412711724,1.63080724303589,1.60643325267543,1.55253776621747,1.53683953858316,1.51250864757592,1.46756002377035,1.4040326959902,1.35120606868427,1.27487837872989,1.22120145555489,1.17805643340352,1.20018712020768,1.11984560611677,1.04499595523755,0.979959469763497,1.00043813492236,0.877573573575751,0.901022437624323,0.854904050081882,0.883173470784523,0.82441407183122,0.810755917370435,0.726155496816954,0.78678565683689,0.768086537238258,0.756237475908324,0.82137789622016,0.952519970574662,1.07275586426597,1.23903556965984,1.29151070433744,1.70284955995383,1.14256480218281,75,117,216,1.49648979303702,1.76159445225842,1.20018712020768,141,96,167,1.69850078234168,1.51250864757592,1.03543895544147,196.453032959494,0.00631201569574751,-0.00567078113182561,-0.571175716726098,0.00913276279362562,0.0087930929529683,0.00686070016827406,0.00265624475822825,2798
"337",1,1.08637543913243,1.07091771850234,1.08303471676751,1.10505326483934,1.17080155670997,1.26598829033986,1.38021679071291,1.44461401449705,1.47515531754455,1.55391732149002,1.57946432616444,1.58227352294998,1.61685031351893,1.69562299547675,1.70706236388876,1.76474824302065,1.82951498301654,1.88883379391886,1.91182419979303,1.90904002631727,1.90087447510992,1.87514708223803,1.86696140792705,1.87635167750825,1.87435950381849,1.83655208922309,1.82294516517131,1.79195033651925,1.74081284995003,1.73618647824603,1.77458692984572,1.67899201942309,1.57530466447535,1.55186057346115,1.55424216034976,1.39879520104648,1.47019143888098,1.48408162454546,1.5175657048179,1.4778214509281,1.54582827420004,1.47954025820106,1.55996443042277,1.49483064638268,1.4343401867152,1.39523924978052,1.39187659798928,1.31616030615,1.30202209939201,1.23623000567681,1.30309404124982,0.985426343375804,68,132,237,1.55391732149002,1.91182419979303,1.55186057346115,169,103,181,1.70706236388876,1.83655208922309,0.926397856417227,276.671299053874,0.00559229497348462,-0.00342822501268456,-0.527504286091205,0.0166263049647128,0.0158333451904268,0.0132636514983772,0.00733130433999189,3034
"338",4,0.795994351007832,0.795994351007832,0.857950173814918,0.921659781996283,0.951606222732968,1.05959874155168,1.14205662184969,1.22629646661529,1.13360232333261,1.23947718205865,1.1918630320389,1.19200010810875,1.21456301361433,1.42567397293004,1.46830759425871,1.48624603907248,1.54629752400415,1.51214422046671,1.48376116897639,1.45057423971681,1.53475025731321,1.44085340782432,1.42112848324898,1.35718073100376,1.2956817613547,1.22688283443615,1.24662751212074,1.22277663983985,1.22587002908541,1.19219677675984,1.22436014969066,1.16103467874928,1.08185377277392,1.03716769986495,1.09137259798741,0.959037097065167,1.00255250075798,1.00257836924051,0.981018451632925,0.897522260551028,0.925524095685776,0.870517616204941,0.914301798155015,0.915130762405651,0.943575756266861,0.939685979200603,0.927426459229049,0.928803894649848,0.938879669967849,0.881670046418909,0.983733144890364,0.756193585557903,61,117,223,1.13360232333261,1.54629752400415,1.16103467874928,162,89,167,1.21456301361433,1.35718073100376,0.790103938446248,200.100306956578,0.00736955715484891,-0.00363455514391384,0.162356319536943,0.0139077144069016,0.0132574606312594,0.0119318735873809,0.00863044572398176,1781
"339",4,1.11176282393089,0.969757634822883,0.995528376175766,0.988043333157211,0.97823068582855,1.04544655855314,1.11174240128556,1.19520767028315,1.2252336413,1.31020208206862,1.2990596657356,1.31614718208331,1.33399649622948,1.43708693670625,1.50662574209081,1.53411157655271,1.5902172737084,1.56622824675205,1.51785071665369,1.49125888759446,1.55051625221416,1.45146184026561,1.41851694165846,1.38121351318146,1.30693683108154,1.22609040945064,1.22822485343809,1.2125167693208,1.1891221315981,1.16661753269383,1.21891473876334,1.1588317626671,1.09643289194433,1.04299635557532,1.07413941584712,0.933757270523841,0.969308518928128,0.944485529190584,0.952638146929457,0.895599500003675,0.927609110198561,0.910971097420115,0.944749558256549,0.90946670515275,0.895375334537602,0.867260603821033,0.821622549845744,0.812371361378493,0.828773146717807,0.782516543470228,0.873716752842711,0.645147276044834,68,117,230,1.31020208206862,1.5902172737084,1.09643289194433,162,89,174,1.33399649622948,1.30693683108154,0.945069997663562,203.6864268639,0.0057145957477505,-0.00436977328994745,0.0261556145795582,0.0112858145148287,0.0104075496002511,0.00983399289690022,0.0078086145756209,1032
"340",9,0.861900097943193,0.847650836658371,0.962976682431384,1.00904166416166,1.0895400144178,1.13080347189396,1.16574245505994,1.15132066591366,1.16251464931628,1.18077751442881,1.21766978137708,1.23916103690543,1.30449219157279,1.42771837259849,1.40202646778602,1.38375190015463,1.41240857665596,1.45309375069199,1.38977804366526,1.48273525875688,1.53223489752063,1.52679708622025,1.50919690586238,1.53393501802588,1.51097755844224,1.48161591062472,1.46733142964479,1.46618924810005,1.44687522071506,1.43385973527505,1.49131060637806,1.44924042715253,1.40951246787158,1.35904366944988,1.36228438160063,1.26584997651348,1.28772649435296,1.23229168517525,1.26313555519512,1.23338530260341,1.21593996278692,1.11891016845896,1.13660389691592,1.10333788963799,1.04924627565584,1.04844703316873,1.07995043871322,1.04847514690011,1.03194259836499,0.936292802518254,1.12775029642067,0.616663988430018,75,167,259,1.21766978137708,1.53393501802588,1.28772649435296,184,117,216,1.41240857665596,1.49131060637806,0.917271029595862,244.215817609526,0.00343766561574778,-0.00267617960514047,-0.795742413618317,0.0134448537112104,0.0120229727603869,0.01102561130822,0.00760900745306263,1808
"341",4,1.2427665063097,1.2427665063097,1.30284297786986,1.35998014654754,1.38564146170533,1.42571008676318,1.43272662852758,1.30250027600768,1.18672389657743,1.15067420542909,1.11475559480492,1.11619309361173,1.21820688797424,1.26780936056122,1.3263889459162,1.26815630936543,1.22315386509221,1.19919362826607,1.20537803238878,1.15790761753156,1.23102143194295,1.12455659624216,1.06945051688706,1.04512911919497,1.0165698459949,0.972026741081285,1.06998559331889,1.09779532637396,1.10387104028393,1.05919616554405,1.09803573208317,1.04483226526347,0.986660080306121,0.954626047483991,1.02285546817974,0.910056140645752,0.958881164511883,0.949649307176644,0.986276878835368,0.896589460906558,0.917345884464854,0.850244706333552,0.912468830838146,0.854245606218084,0.850228880979697,0.825923983786213,0.799783392645579,0.76654073894517,0.800057220060417,0.766064143410906,1.03671039384358,0.582860743541273,26,47,209,1.35998014654754,1.43272662852758,1.05919616554405,183,33,125,1.38564146170533,1.19919362826607,0.849865884986304,200.478562702616,0.00346411818952576,-0.00230574359866375,0.388348613615348,0.0160973586810773,0.0160822005615535,0.0132276645533723,0.00750343441748626,1543
"342",4,0.920668612364022,0.842053740334429,0.857364950868741,0.902789072127009,0.904832025575582,1.0551959306746,1.11166952049051,1.0949155000726,1.04064448934098,1.1377351488537,1.10372987306482,1.12958427908179,1.19247806268836,1.27729288153134,1.19394612975755,1.13339592718715,1.09282901214755,1.0763303495314,1.02044718164987,1.08904206395481,1.13402599556457,1.10655647816572,1.09465320995883,1.14690419359383,1.12472060368634,1.11332254820588,1.12960050796288,1.1297824148525,1.07279749850733,1.08108274743758,1.10791406105072,1.0681572399522,1.01074082066718,1.03654494724585,0.967445606282392,0.920440779018448,0.963203756192539,1.02245488400051,1.00855051850991,1.02045363856608,1.07029683127375,1.10132969237737,1.11879368848775,1.09974514185963,1.09945212866583,1.02254296547292,0.928621973822542,0.877480669315323,0.892024113578571,0.857825202101754,1.03439604986963,0.736030025020851,47,96,237,1.11166952049051,1.27729288153134,1.03654494724585,190,68,167,1.1377351488537,1.14690419359383,0.541262856510494,196.033187087523,0.00338006859267002,-0.00170743215805316,0.824052426956918,0.0191371417281228,0.0186386286811115,0.0169111382402026,0.0129576443113733,2045
"343",9,1.05918095555186,1.02873870172901,1.00922898795199,1.00110794320757,0.984446165384312,1.0067141926516,1.04294128239734,1.02536689756664,1.03246661276099,1.0847158909384,1.13861216548285,1.17323117782811,1.26880597997185,1.33139985945967,1.37913788147254,1.37670011063679,1.39754195641591,1.38894241118838,1.38483604701683,1.39367874184428,1.39227326660034,1.36875547183553,1.39396239296311,1.41405528566412,1.39620956416173,1.42015412031646,1.42720565886795,1.3970200806577,1.37591386573432,1.3719774519428,1.37379294288046,1.37601218893034,1.34185151073542,1.34681710830928,1.34599358058788,1.26584982730803,1.24638393246106,1.22880949009461,1.20607915890256,1.18628685237482,1.2430344513826,1.19236440431016,1.19865518157927,1.18607628471971,1.17820008366074,1.14502761514924,1.15153778645976,1.16067657963682,1.14624565120312,1.1212479017816,1.1175724787137,1.11322018758374,103,188,273,1.37913788147254,1.42720565886795,1.20607915890256,170,146,230,1.39227326660034,1.34185151073542,0.44275949348364,213.593522975764,0.000565503263475403,-0.00260148823488696,-1.54005733935687,0.00734878744974579,0.00650022898952514,0.00648813455391144,0.0056153872224634,1364
"344",8,0.594823836450631,0.764648766009723,0.782238041519288,0.798518856855456,0.811703745213203,0.749916189900149,0.733273621565377,0.716921146078128,0.735527173615309,0.771489674027218,0.809238338337505,0.791042083650653,0.837769131145286,0.933330457721297,0.932417151995927,0.9629428648901,1.0141596812177,1.01245730634673,0.930227055722044,0.900350062197327,0.878443160649787,0.855482276074717,0.813612094503475,0.81330643826183,0.777921156618144,0.729663944897224,0.677411751646642,0.748460534792348,0.671111624844169,0.66350715150477,0.761332552056532,0.733409458853065,0.586437806677192,0.612848578295041,0.68367044097499,0.532100484716224,0.59381623555922,0.59014915751564,0.654228103820124,0.593498897221372,0.618043588205541,0.539963065357721,0.591630083336904,0.520619932044488,0.464337967437665,0.455738354551832,0.4525101397312,0.455826588073714,0.492732389887858,0.457700098093816,0.729567441845196,0.235377437093818,68,117,223,0.771489674027218,1.0141596812177,0.733409458853065,155,89,167,0.837769131145286,0.81330643826183,0.778782244123885,118.115618110923,0.00495244912633643,-0.00264858700343998,0.0565717031901975,0.0190313519488893,0.0182218041386832,0.014697774912129,0.00684016864881465,2006
"345",1,1.39459326917183,1.59013955449234,1.47158333892282,1.4956899620738,1.45807672911783,1.45404916035167,1.46321158444907,1.44296905638563,1.4405384001567,1.51141062387544,1.59810679655356,1.66962462410225,1.74373224401101,1.81456548221425,1.77232480125145,1.80223782873466,1.82150400146226,1.85186879393743,1.84384791488499,1.88493073254832,1.88341421678426,1.75522254356737,1.68863285087264,1.68944623612926,1.70062724617025,1.63519340240302,1.63621350205599,1.5898468217472,1.53843327674323,1.47063152858962,1.52090125502165,1.54853508641053,1.5713006737299,1.59261637624791,1.6644668477555,1.58236206520854,1.64559887649615,1.63219394628554,1.64117501587116,1.5990403983263,1.65318570616957,1.59042594333962,1.61694776368822,1.61481635531356,1.65934176979318,1.66530743872119,1.68600489995836,1.7464332825531,1.74179537187615,1.61528273150925,1.68167136605946,1.20618464162291,82,139,245,1.66962462410225,1.88493073254832,1.6644668477555,163,110,188,1.80223782873466,1.63621350205599,0.67874609092541,251.651653935414,0.00377730014817661,-0.00207984796974361,-0.110459111182203,0.0206088535783793,0.0191139164634827,0.0188334059501033,0.0167774478084479,2126
"346",9,1.08310072109793,1.12833850758606,1.1220296703589,1.14843741458553,1.15339938815766,1.18899559050732,1.25076764977323,1.28480698751662,1.33867207950769,1.41388886667259,1.4902881764587,1.56334208397288,1.62799657836444,1.67365846070883,1.71137536253319,1.69173360083315,1.66669798202885,1.67446463544655,1.66682021688434,1.66340061963653,1.6375453059109,1.59747593841054,1.58149912345374,1.55666776742207,1.4945823127556,1.4602872654003,1.41710051146936,1.31998194345932,1.26707505921805,1.25832859198697,1.32348846061629,1.29593476202912,1.282665581672,1.23468450386757,1.24831269999944,1.12472335807516,1.14459960419927,1.06925992300063,1.13343223653735,1.12273093676229,1.17848531266963,1.13519998189966,1.25264756228052,1.22768441564854,1.19103526405586,1.18936159913588,1.20630742090943,1.18244860660341,1.18620494958853,1.1329838217878,1.26078318015982,0.91184230948316,47,103,223,1.25076764977323,1.71137536253319,1.29593476202912,176,75,160,1.4902881764587,1.58149912345374,0.799533053050027,247.209792754945,0.0082251377278564,-0.00346200500420055,-0.395111154715396,0.0142457640854371,0.0142360833836843,0.0114885633188525,0.00598384248743604,2122
"347",9,1.08102042343084,1.04745080827653,1.01725700291388,1.00916466750092,1.01586795306592,1.07848030549285,1.16308194779538,1.22684022092673,1.2804958471722,1.40601165017368,1.49268920327776,1.57035924070478,1.65580063927549,1.76306382175229,1.81456113123969,1.88567712687036,1.90320410183752,1.90471490718286,1.91484315004201,1.89913064405412,1.81953361144924,1.80106602356692,1.83459494523151,1.81006863827392,1.75112839683255,1.73617992212566,1.67149457301655,1.50746209359687,1.42261858489571,1.43273154226708,1.48390551428082,1.40770410163375,1.40033954397357,1.36010646044265,1.37797345925147,1.20332514122108,1.26263986461586,1.19481137046201,1.24804399851802,1.21440574433906,1.2673935743599,1.1655214303114,1.24647284622533,1.19954289337924,1.10083897128241,1.10010397003963,1.153872585004,1.19032813025616,1.2246385597745,1.19337379685847,1.35084503196604,0.914634146341464,75,132,230,1.49268920327776,1.91484315004201,1.40033954397357,155,103,181,1.81456113123969,1.73617992212566,1.00020900370054,243.409636777233,0.00740620959235524,-0.00525003679661671,-0.580467985848797,0.0205169265004898,0.0198447837497615,0.0163075884878127,0.00856105521318669,2885
"348",5,0.903539725423168,0.858114780299992,0.88296320814703,0.933770078902883,0.986016252949398,1.09422696639559,1.20565814303223,1.28805557271626,1.35573099770025,1.41474762516319,1.46640177926204,1.51946137456781,1.55103260509715,1.5692684578954,1.57870658210271,1.52942331681353,1.45411010392517,1.39419313646029,1.29739368379403,1.28125854801322,1.20312793025996,1.16040782331281,1.11958104659513,1.08531634726711,0.963567142324771,0.870188074255744,0.747242441222167,0.635305482864405,0.549236796599193,0.542507824628491,0.579767333791581,0.580172034679479,0.571345158793893,0.596761409100629,0.598218916884321,0.570406341414797,0.61544643974832,0.635592717629946,0.664467146471806,0.660886732663566,0.678696729202323,0.643462659920498,0.665212018339228,0.659150721988015,0.660262218631536,0.691684285395121,0.724890044307816,0.740681492378159,0.746944367380598,0.716658719354082,0.773927565815302,0.582067558376785,54,103,181,1.28805557271626,1.57870658210271,0.870188074255744,127,75,139,1.46640177926204,1.28125854801322,1.03619875747422,153.912707633987,0.00593165325278465,-0.00908357061342261,-0.517411282605341,0.011020503856489,0.0106984073810521,0.00856222942289647,0.00396777703114835,2187
"349",8,0.95049292756108,1.02245921002272,0.987270749054155,0.969684356132994,0.943675047909874,0.821778796162852,0.781843818424507,0.719129322276473,0.758550768848366,0.740936119191168,0.903378370432741,1.08938952068959,1.23177017974731,1.21184084320179,1.25555703183511,1.13430225029249,0.945896663348854,0.81010957779965,0.80516132151114,0.800118080016294,0.770678218062612,0.744538405625082,0.774136886850192,0.738332771886947,0.653022934289806,0.622788269098961,0.599275641171347,0.535370796842693,0.470370078303132,0.476398391112502,0.562541268798446,0.547128511429097,0.534315004604555,0.532971084880831,0.551285749249591,0.423313377560508,0.442113286847145,0.412855099423166,0.456685097164802,0.446232439369481,0.461734547026813,0.441795206541235,0.513480558379727,0.48795429386609,0.438824918813899,0.456445116987002,0.464129876131621,0.430963705951923,0.410195548130623,0.415841781949936,0.412214342545424,0.423190859077444,68,103,195,0.740936119191168,1.25555703183511,0.535370796842693,127,82,146,1.08938952068959,0.770678218062612,0.845361483704482,101.250792840979,0.0147034546469696,-0.00782811124991752,0.504988929077026,0.014951136355531,0.0143389135420774,0.0127820294508647,0.00905603845498558,2294
"350",4,1.36524822695035,1.34210434861645,1.45353550914131,1.50844612328084,1.58375603791907,1.6848105778563,1.68124576502894,1.66617236137839,1.68526739031033,1.677872654544,1.69023892413254,1.72728733846502,1.74828186071359,1.77074801520651,1.77035612455892,1.7126483542981,1.63220712219304,1.50687357396753,1.39094634843783,1.34645946278645,1.21447544871765,1.15819925809001,1.2055200836336,1.15903378195149,1.04644688656807,1.05065403920326,0.98717957682219,0.891402187178622,0.862785334453701,0.893800028656068,0.92154433562947,0.915458814142809,0.915778607089142,0.891199767255445,0.867781590977178,0.795367458311461,0.77900651004454,0.764425915153613,0.752717693255736,0.762633949101008,0.760301432257993,0.747998786128723,0.756019746855651,0.755392800765751,0.681397129859501,0.67694615295732,0.682186154009369,0.75660578673724,0.876629830661937,0.992970044660704,1.30800549560476,1.19363846887345,54,96,209,1.66617236137839,1.77074801520651,0.893800028656068,155,75,153,1.69023892413254,1.15819925809001,1.09380186224919,197.295542175033,0.00248989651971701,-0.00776060165088884,-0.223482049919458,0.00906629359971243,0.00878662533801554,0.00783413116323176,0.00564947455196731,2321
"351",1,0.881126831733199,0.881126831733199,0.881126831733199,0.881126831733199,0.89007065715729,0.927938427081994,0.987067400767366,1.03903918449288,1.07818543976786,1.205556385022,1.32062067400497,1.44879361007259,1.5887101970477,1.77343216456973,1.83982205348394,1.91981262906697,1.98238057780177,2.02381259674318,2.01262041414655,2.0131552240673,2.00679085882675,1.95474049058258,1.90832022666642,1.90971174805281,1.89851473494723,1.86049978262446,1.88706135934917,1.84034554534454,1.78977019902505,1.78161491026158,1.80776063525427,1.78013773408022,1.69275212563747,1.6671798468114,1.67560224085503,1.58924445868811,1.54995737466995,1.56067097810773,1.57358460079872,1.49954895805416,1.47173788383891,1.3855435256288,1.47061411393408,1.40862169270414,1.36953306268562,1.33635182014973,1.31011496814306,1.2128754754516,1.16818003637838,1.14173179940771,1.10185532587845,1.14481209150327,68,125,237,1.205556385022,2.02381259674318,1.6671798468114,169,96,181,1.77343216456973,1.86049978262446,1.14268576500998,285.744555230125,0.0143553721354592,-0.0031842209815337,-1.38333576544347,0.0139605972945415,0.0137534836638633,0.0120657017592032,0.00848302431920474,3927
"352",4,1.03752320339433,1.07662605877649,1.09233060819367,1.13493559603075,1.19820681745338,1.27317823737592,1.35352384926018,1.34188940324343,1.3545360932778,1.42520708591577,1.44329216066441,1.46511746358491,1.604732488844,1.73558964369706,1.73653419871298,1.68718693212647,1.61829602901641,1.4785515963897,1.33488704489947,1.24083939501375,1.2000914953974,1.11879967632412,1.0524279683336,1.00118257610023,0.939341483635338,0.907870366730723,0.92573160350282,0.948430501643281,0.942194688032335,0.907539330365654,0.93530975321793,0.911205880322225,0.89471587186785,0.920184554790372,0.968944741605376,0.909544606830987,0.964150528639726,1.04447881209101,1.04326143269885,0.979094503566985,1.02103832889694,1.01133649577526,1.00693617534494,0.98722582212312,1.03775380979875,0.993860704149512,0.943718168755188,0.905524168506425,0.936633467206405,0.866206585931052,1.14058982538663,0.621811224489796,47,103,209,1.35352384926018,1.73653419871298,0.907539330365654,162,75,153,1.44329216066441,1.11879967632412,1.11472297422319,193.07323875884,0.00683947052594298,-0.00782070630516347,0.0517708272531589,0.0139543086122533,0.0139424720398929,0.0119860139481689,0.00806126119236053,2889
"353",9,1.09019229221981,1.05490971355504,1.05517714179791,1.05247901702486,1.05861923780009,1.13240531304113,1.17215524516553,1.1565789371869,1.15264350177357,1.21679631643024,1.22920510949912,1.2787458976686,1.40177785923811,1.51037978779283,1.5623843102185,1.54660687391675,1.57370516136613,1.57663804242327,1.58816654700052,1.55334983897696,1.64004720371308,1.55787599770158,1.49698538650731,1.45660749022539,1.43432621198074,1.36310318804906,1.42137240544125,1.44863344439096,1.43062748380702,1.41212698501653,1.4496373647973,1.37678668834888,1.2858627757781,1.32491999454085,1.37626803421897,1.24858537671049,1.32052002940979,1.35634523995723,1.30595889709158,1.24647968417381,1.38129741732972,1.35844059718774,1.407915338582,1.42622656306858,1.45345124007461,1.40333438708827,1.32605342374371,1.27133457226369,1.25776314482793,1.15079890266877,1.33281073735804,0.849051385585486,82,146,245,1.2787458976686,1.64004720371308,1.37626803421897,163,117,195,1.57370516136613,1.44863344439096,0.790995818127592,218.915176402286,0.0056453329069449,-0.00266443605549606,-0.142398484492664,0.0194410199690795,0.0165626393050721,0.0164108010408173,0.0132287438483004,1056
"354",4,1.22015449438202,1.14082973622058,1.137457702744,1.1741038777467,1.18984168177905,1.2247028560237,1.2975980804295,1.25631213685223,1.1211699608701,1.12020349075169,1.09821694318692,1.12063684735486,1.2357912026584,1.43022760006102,1.53099909056713,1.56709957526177,1.60117930881969,1.55291936435569,1.5181242467429,1.47103184978164,1.51098284403487,1.42925829180872,1.39421780463111,1.35678015083376,1.30346833081697,1.2471153412655,1.26876238544562,1.29232888399476,1.28247842552594,1.27573747158463,1.32000236590955,1.24909652393044,1.18598092482217,1.1301002796554,1.14797317968963,1.01647540775236,1.05006189511962,1.01341299430011,1.00580912710432,0.961793670214426,0.982920133484737,0.935275595267809,0.951412540928577,0.926679172225266,0.898960516745783,0.901227471722896,0.896473111645492,0.918926684823222,0.954556220625344,0.912897250189503,1.0264986007845,0.705217089869139,75,117,237,1.09821694318692,1.60117930881969,1.1301002796554,162,96,174,1.43022760006102,1.30346833081697,0.895962218950547,204.513418945418,0.0119752944198276,-0.00392565857636904,0.120653648260266,0.0151369802769089,0.0137875589305314,0.0131155953064584,0.0104222467119351,1350
"355",9,1.10811729294106,0.969554182694142,0.969183493452247,0.948437295946248,0.974655358180146,1.03873502115016,1.15098376625103,1.23873224191429,1.28351972071647,1.38760244687091,1.4374251358154,1.48151745396377,1.54041415223921,1.67681840841345,1.73025507851585,1.80869270056814,1.86561000634173,1.89133480532437,1.88073203390185,1.85773275136119,1.83419281082931,1.72250071006975,1.71108915085302,1.64989530566981,1.59659507679618,1.58206186636211,1.61548622251334,1.55204612405676,1.56945457456749,1.560996101719,1.55274301481421,1.5130142166109,1.49271987949281,1.38418836292277,1.39960002433996,1.28477637389011,1.25664399329965,1.13989205481497,1.16461625920794,1.10350958083391,1.06261247045654,0.973738862281707,1.02618942317389,0.997960262789776,0.963522968554118,0.971071654157307,1.0265680775548,1.0660730160905,1.0810851081706,1.08754242412456,1.15328224741272,1.09607657764122,68,125,230,1.38760244687091,1.89133480532437,1.49271987949281,162,96,174,1.67681840841345,1.59659507679618,0.942897509378119,247.966188581489,0.00883740979742902,-0.00379633262696717,0.276672590855206,0.0128840793810296,0.0122906500191401,0.0100450688080563,0.00496047702399925,2844
"356",9,1.09620944426598,1.13404920980174,1.05837429041756,1.06187317373237,1.04550403376228,1.09072374415546,1.1595246704807,1.19756566101358,1.22167362834137,1.33391663654301,1.40929531122274,1.47639597761819,1.56837474528259,1.69550305511702,1.74141549313122,1.79132240135323,1.82583666671103,1.84779644269721,1.82581826449047,1.79829375612996,1.77156720463461,1.71307318102321,1.68637189829641,1.64569005871737,1.59954522648264,1.54451981225614,1.51804572903772,1.47786256399352,1.45740466829441,1.45070561429294,1.48718787961365,1.49197265077283,1.42845726245536,1.40438761299267,1.42976841616577,1.32057370221544,1.31956365896341,1.28984878204295,1.30017332983354,1.24066830103343,1.26924559182759,1.19361189138897,1.24169632456979,1.20314886147897,1.17230547408413,1.1570931889793,1.17117676184044,1.15600097677893,1.14581070136029,1.10096185953227,1.1418814783188,0.892056493797639,68,125,252,1.33391663654301,1.84779644269721,1.32057370221544,184,96,188,1.69550305511702,1.51804572903772,0.955739948899567,273.923454772904,0.00901543519568761,-0.00415136016127377,0.242349438129254,0.0117705898812707,0.011223513077498,0.0103128449651872,0.00794443193679274,4083
"357",4,0.991434545086666,0.899042802314322,0.943142943752934,0.925952035812752,0.969521327734423,1.00607503158691,1.06584144116018,1.13295163594409,1.16991847948263,1.26096647289207,1.31856825637592,1.39934740039393,1.48867050132951,1.63604951924548,1.68744484502495,1.76115066064311,1.7281303805239,1.68318190484344,1.61425327957709,1.56963817475847,1.44942201657634,1.43171904530957,1.44525231299616,1.42169898502011,1.31457341046428,1.27776035240871,1.1819688737303,1.02403367253509,0.922979839032187,0.903690305102672,0.948366445981775,0.915941016389927,0.926673899277533,0.869821311223642,0.901359490983235,0.786822402832372,0.765733058731123,0.67973093368163,0.701241834517538,0.675851526816494,0.64614673688773,0.605174236770442,0.65616200039636,0.651862670215388,0.582897120959007,0.617052645104536,0.719764364343584,0.821372702226429,0.882593775617294,0.93474509980177,0.967430658891346,0.920623026280576,61,110,223,1.16991847948263,1.76115066064311,0.915941016389927,162,82,167,1.39934740039393,1.42169898502011,1.17825353968411,207.255057509981,0.0120659628808261,-0.00747973136507244,-0.450562267339781,0.0165126405141658,0.0163791365762373,0.0129666346798407,0.00600812694911894,3119
"358",5,1.05942490289167,1.34369757591374,1.52565334997881,1.65733140950684,1.72736955175061,1.69808934003767,1.61793600648688,1.5466526388041,1.58664444892587,1.47542744357206,1.54837483897101,1.66249011297375,1.74628115869192,1.7232166382648,1.7568591914678,1.60483333285592,1.42290828938736,1.30212699395426,1.19148989874317,1.17751124390229,1.06197349284021,1.0497849936683,0.967509918030004,0.889499981242313,0.766782774993157,0.722315289512976,0.61307006562691,0.546281820203936,0.459435526183687,0.422665683984827,0.432276313367933,0.443145069234833,0.449737895866915,0.463944024786033,0.471186527519461,0.477418235284265,0.499049328342711,0.511473510270947,0.523298284747923,0.535487733322178,0.559747497838606,0.561969624596525,0.581777265818354,0.591488779077945,0.591034057697833,0.590208660538899,0.576861454826902,0.630293236443986,0.781539021583548,0.806774282619291,1.35992602788605,0.65974996475067,33,103,167,1.72736955175061,1.7568591914678,0.889499981242313,134,68,132,1.47542744357206,1.19148989874317,1.33419350748297,175.013690109476,0.000421280567388476,-0.0135524876597732,-0.577750047788155,0.0142967528385828,0.0141118885405779,0.0128141373932327,0.0100337708005375,3644
"359",9,0.705071826443858,0.711655866061027,0.707888192965308,0.723718196164325,0.729214390849069,0.737651455166073,0.756047350086888,0.747745395743117,0.724671161025462,0.760139551881408,0.789154365918516,0.843912429676203,0.926519648859294,1.02857433094024,1.09975929556539,1.16309986574815,1.22888858640194,1.27853243444222,1.28821042684037,1.30065155480436,1.30442201486578,1.27249082897792,1.27463241930558,1.30107246134474,1.27470952826583,1.2314972615044,1.18376955778377,1.11540160301044,1.05286801740188,1.04068340745837,1.09530559628824,1.06990596206707,1.04649773881403,1.03962544151272,1.06532851857788,0.971598221650043,0.989386396958919,0.960896393630175,0.973724044867335,0.932666960076402,0.958467250822462,0.920437480029961,0.97630145569805,0.93415546742305,0.877595337572126,0.842079903366347,0.83214025389621,0.771888823515518,0.75224699223312,0.719749503826157,0.767883995291407,0.61981341167981,75,146,259,0.789154365918516,1.30442201486578,0.989386396958919,184,110,202,1.16309986574815,1.05286801740188,0.684608603185967,195.437600275574,0.00725729083024312,-0.00278792582218459,-0.346302384572329,0.0122848528715339,0.0118711522605933,0.0109991792287708,0.00884153255418539,1532
"360",5,1.4819386288357,1.59337082359728,1.6593093939191,1.75922473538739,1.82420649065071,1.84068067113521,1.8643736529742,1.83042362504843,1.77005603052298,1.73836675720853,1.73203162343346,1.74027967541913,1.72065917354,1.67027609857079,1.58203093425412,1.41321341018746,1.20847531926251,1.04990750001514,0.917649249268984,0.830562318325835,0.780263001974369,0.727801474552484,0.690202062822588,0.6701773414408,0.621752175293094,0.589514415775923,0.5747827419543,0.575399541965989,0.540894135841793,0.532427664480011,0.575817967848111,0.573360104543008,0.556806759097539,0.587474972251018,0.584315530116865,0.543169253648849,0.571178144223526,0.600629763878837,0.592885163908093,0.570556648417386,0.609656319732411,0.65914754291873,0.689884850095005,0.683601539898888,0.703491164061977,0.677875623320955,0.631167449345559,0.679400391499887,0.831304947894284,0.826425598368011,1.33654439434818,0.546326154554877,19,47,153,1.6593093939191,1.8643736529742,0.727801474552484,134,33,103,1.82420649065071,1.58203093425412,1.33194598849419,183.149746199127,0.00732372353768209,-0.0107223790417143,-0.935884756546931,0.00991985095656101,0.00991975100613368,0.0075072922122681,0.00268227467410959,2893
"361",1,1.36657062115587,1.24770527641433,1.28867094833052,1.28610289342491,1.30639814601172,1.35571073244017,1.39708429556993,1.42786867794741,1.42337433752918,1.50214646357046,1.546817610508,1.60087484243536,1.6693941586465,1.78610880015586,1.83663074660708,1.90716971425955,1.93640168782221,1.93771362693988,1.92918111561697,1.91401569315462,1.84753505798697,1.80367456823915,1.81554564739298,1.79966423457718,1.72045966279467,1.63179622229624,1.57927713017517,1.42627508254901,1.31878263781266,1.31383025356537,1.4415156704833,1.34428690289798,1.300872253888,1.28639228518547,1.32897713731798,1.11574197499711,1.19188296248064,1.15045879234798,1.18661289630411,1.11482822497902,1.15358376008793,1.03469982028714,1.11058151639542,1.0468974242535,0.953338909171096,0.954224346515521,1.03554375679728,1.10382508940271,1.17286594495241,1.17399299847438,1.39045450101499,0.890883605585207,68,125,223,1.50214646357046,1.93771362693988,1.34428690289798,155,96,174,1.78610880015586,1.72045966279467,1.04683002135467,241.816540322042,0.0076415291819196,-0.0060553747351214,-0.595215858220721,0.0268898574628468,0.0265975675615395,0.0206108896304331,0.00834524386691295,3109
"362",9,1.19857352038165,1.18248884780428,1.14695407327274,1.13046704642868,1.10686271683476,1.14939639212517,1.15305734153143,1.16161306494549,1.1618807004255,1.20377687791945,1.22277787946657,1.28247398519826,1.35894148155898,1.41677517709933,1.51242389557897,1.60528054098565,1.61678513039103,1.62190709298395,1.67688063039304,1.6748816102091,1.63065842165958,1.63368185783894,1.65558575110391,1.65676797100914,1.617097580919,1.59858102627554,1.57584617527301,1.52271955466479,1.4604848715413,1.46092425835513,1.51641787629603,1.47063605249011,1.43192662577026,1.45824426507389,1.47818365371213,1.36535268380075,1.42897421831369,1.41148493890036,1.40642414042873,1.38577239598151,1.46834979878912,1.43840679476743,1.49338175270057,1.48141054736922,1.43427851173386,1.4005711148112,1.38822882410523,1.38087652748067,1.37905339160285,1.33707210399507,1.41356291033151,1.09691316714071,75,132,245,1.22277787946657,1.67688063039304,1.47818365371213,170,103,188,1.51242389557897,1.57584617527301,0.579967463252335,240.218285064418,0.00796671492853461,-0.00175838032460981,-0.635616063976506,0.0144808211220499,0.0137905959347423,0.0128390418391649,0.0102457084607025,3549
"363",4,1.29865656217706,1.35696992333883,1.41023606439756,1.42697275145919,1.43670269977509,1.40131679425632,1.4040502853121,1.40607866166256,1.44186434554634,1.47077713706214,1.54555929229453,1.60877026457875,1.62664369744508,1.65332639629534,1.66131082397264,1.64435294426985,1.62691616352263,1.65548648691068,1.62974425485383,1.6157727574421,1.56009434272683,1.50149143902013,1.43500302770142,1.41646575466894,1.37350696607584,1.35445989265197,1.30039216004353,1.256521759069,1.21099777458382,1.21468306591091,1.28162141687585,1.29132285095109,1.28010426042597,1.23637779936486,1.25993561216491,1.13699676967774,1.11602949858099,1.05132109093926,1.08629433527864,1.0795594667403,1.13020959849194,1.10017987459561,1.16414542740564,1.13914270261582,1.06596979257066,1.06177369925032,1.11834905652197,1.18567693479418,1.27554108669245,1.26015388949831,1.52620551521648,0.965194972607154,54,103,195,1.40607866166256,1.66131082397264,1.256521759069,141,75,146,1.54555929229453,1.56009434272683,0.696115851365487,195.89687058523,0.00520881963898122,-0.00439988114025697,-0.535426739828042,0.0125932399456526,0.012517074132772,0.00940388535529233,0.00310134198745245,2117
"364",9,0.982975273611674,0.971235813096928,1.02465635872368,1.04537947664482,1.08500246461366,1.11619956081379,1.12996681270575,1.12767797055052,1.17286838682577,1.21289772598365,1.27274386446356,1.31304332806325,1.37014606736569,1.43171842446645,1.43084243913691,1.41485309060901,1.44956329955541,1.46347148517577,1.40652080029455,1.42280225381876,1.4463454398972,1.3983668072397,1.3870665341737,1.39740689891306,1.37530862265153,1.35685126866043,1.35143659815113,1.29935658111331,1.29413985619367,1.29065648164077,1.30898419950285,1.29914004357689,1.30903978315626,1.24232568559004,1.25539295273212,1.16535452051368,1.13565426508543,1.05226774109638,1.05002535631698,1.01017251588931,1.03217763338171,0.963642289503293,0.992329612183582,1.00398897045369,0.996247052826689,1.00702066282692,1.06544088468515,1.11411863779019,1.14157117447167,1.12760951017113,1.21204656781986,1.07617075956596,61,125,230,1.17286838682577,1.46347148517577,1.30903978315626,169,89,174,1.37014606736569,1.37530862265153,0.499829195672474,212.420019973434,0.00454067341171866,-0.0014707781144715,-0.426081019098623,0.00998887509346639,0.00970669694064288,0.00796576024126861,0.00420170868969655,2018
"365",9,1.11843974990527,1.13831720576146,1.0705544345364,1.09047670819752,1.09271890726067,1.11823739410945,1.1795983341833,1.20056913086994,1.20667656314445,1.2617393227301,1.33304015765942,1.39841133827886,1.44211827796037,1.51027101884643,1.48299930097154,1.51561938594651,1.53365311024072,1.59769731663579,1.61606491463945,1.68552400368225,1.69060864368435,1.64037082456868,1.57162071718113,1.54265811408657,1.53060978446382,1.45002646070536,1.38026814410385,1.32940965107072,1.28856580451111,1.199407942647,1.2716658597459,1.30235424272771,1.33345192539326,1.31470182866912,1.39628096269359,1.3125505852577,1.36200166863741,1.31978600933656,1.38936186692726,1.34802450757387,1.33950516484904,1.27264224516136,1.31542588599156,1.3162454806754,1.3438984216012,1.37072756035092,1.41377537410148,1.42489030183224,1.34741659843647,1.24172935974485,1.20301598653441,0.940785281936923,75,146,230,1.33304015765942,1.69060864368435,1.33345192539326,155,110,188,1.51561938594651,1.38026814410385,0.749823361747429,208.972469676802,0.00503617585950614,-0.00425186569394162,-0.284037954060192,0.0181846521954958,0.0176778899290938,0.0155674065444479,0.0108396775087539,2839
"366",9,1.06068509824378,0.990631267388195,1.05798918761866,1.08366133453889,1.07931244412557,1.14950071370924,1.15586570135972,1.15557006979226,1.19331140585611,1.25070967966589,1.3232233122029,1.43469418974973,1.52547959744284,1.58956219864069,1.6226185383192,1.64098493555759,1.6517000328594,1.69594031624045,1.6740733933883,1.71304902450897,1.71619617921983,1.67567194911608,1.57787788181172,1.52194104762287,1.49824852332977,1.4636387634611,1.37418224458221,1.32508296072663,1.33158257209279,1.25568917802889,1.2602184725673,1.24552527589002,1.27172530827232,1.18998903774148,1.26398062902544,1.18608473369449,1.21443537806276,1.12918263376256,1.21143552741257,1.11512115075483,1.04536614704394,0.952509587417572,0.947954357634154,0.900497858864873,0.924249430137299,0.939442120493318,0.940466461270604,0.977635233392316,0.957142980717077,0.927340713625334,1.00448414915255,0.976241040615875,75,146,237,1.3232233122029,1.71619617921983,1.18998903774148,162,110,188,1.64098493555759,1.37418224458221,0.815698320354955,223.661130015474,0.00553482911291445,-0.00578249606020169,-0.287701372300807,0.0144749099253463,0.0136583445295712,0.0118234485526043,0.00733709120289554,4531
"367",9,1.09938811688683,1.153553519551,1.06386754634824,1.0392188120132,0.999254288877133,0.983428511108401,1.00578746034209,1.00598764379933,1.01087783387847,1.09230985039083,1.15595473805922,1.23473696973668,1.35866319436819,1.52485197315846,1.62195070360987,1.73625390478121,1.80489084445281,1.8414572702086,1.81727212194446,1.80856659051031,1.79301408718926,1.74193284764179,1.72014300219853,1.71337428236713,1.6828114955267,1.61186158856387,1.56160794539326,1.52010260200243,1.46001637020662,1.41197946816822,1.45226707790439,1.38679693251788,1.3136247138247,1.25739284305053,1.2607282162229,1.12963986144659,1.16579013811419,1.10815627806628,1.13289857322039,1.13661664257429,1.16895923009574,1.10577084298168,1.18544663141503,1.16240567977181,1.07021910926089,1.06458566917836,1.09698156293306,1.10334136684753,1.12565437079634,1.09122817758894,1.21525117352965,0.812061931164348,75,125,216,1.15595473805922,1.8414572702086,1.45226707790439,141,96,167,1.52485197315846,1.71337428236713,1.02939533904426,209.318077358862,0.0137100506429876,-0.00427681530004626,-0.693067382706646,0.0122255199430927,0.0115220347151862,0.0091842794819739,0.00380528378764281,3644
"368",3,0.480211081794195,0.480211081794195,0.480211081794195,0.480211081794195,0.470808069290064,0.486060901796972,0.525761793918582,0.554791154025427,0.594612310360897,0.618141263125894,0.659080919393192,0.732272767110976,0.802725563601737,0.848275512015556,0.9023026662769,0.894381686634051,0.87180950759377,0.850675345354557,0.836349832109239,0.831361740943567,0.871359129138434,0.784082498035965,0.761663852422274,0.790727009115725,0.786850003367281,0.726389253616088,0.765684442465635,0.877763770184592,0.839655632398827,0.832490186888675,0.978177856994401,0.995543797212244,0.882428324503591,0.872324257975737,0.936342226074416,0.758229733099712,0.775192191626679,0.724351562521228,0.741189182831685,0.662560081275169,0.678215218527291,0.608742138323439,0.69360130551925,0.621325781452942,0.588727193610055,0.58167752764554,0.576887826888814,0.485542767028759,0.483910995207034,0.460908768228922,0.454345423325326,0.389764100889723,89,223,294,0.802725563601737,0.995543797212244,0.608742138323439,205,153,259,0.784082498035965,0.775192191626679,0.605779696322521,157.957493620022,0.00143894204186945,-0.00544791068857472,0.0545034383534571,0.0236049350307361,0.0231238569668446,0.0224390790482868,0.0205884451472797,1537
"369",9,0.938502323754664,0.957218074670897,0.968759454402573,0.981236621680062,0.989549226904389,1.03226954694449,1.09311315623258,1.17145113457245,1.21444170818416,1.33569275761065,1.42296391467603,1.50224895640557,1.55488116408848,1.66322626775401,1.67236519870449,1.66743160742314,1.68326621377216,1.69713343932771,1.61973632856995,1.56664642021437,1.5936586213762,1.51830892625926,1.38987781249809,1.42901646510884,1.42488342565735,1.32727273559023,1.35847507776444,1.42315253727818,1.39639103194137,1.39811837465478,1.43152507296756,1.33584664649327,1.26306691317515,1.25757620563675,1.24443655929683,1.15797097790282,1.25664360121812,1.27667173305438,1.28170421590152,1.25404393799123,1.32598920471421,1.25676231058527,1.32097684001923,1.28724042345422,1.32992104426219,1.3124368746507,1.27934613817815,1.19536894118335,1.14827154152059,1.0384531932019,1.02600652451404,0.833564718404369,61,125,230,1.21444170818416,1.69713343932771,1.26306691317515,169,89,174,1.55488116408848,1.42488342565735,0.863568720923345,233.224644885139,0.00754205829911797,-0.0041339669157387,0.290958338092735,0.0218946744849565,0.0217416640404489,0.0189531587374189,0.0132231376868514,3665
"370",4,1.00853125267941,0.833671667694085,0.971234489074314,1.03036834693952,1.07987181617365,1.24598247017278,1.34993568029993,1.38096612298115,1.37693010277483,1.51217889242164,1.53312153207992,1.56540359122926,1.66371506472674,1.80368155708079,1.81332266051103,1.75288125192795,1.67821219819156,1.56225690783141,1.40039107814603,1.29341388646102,1.23117981278418,1.12465116287454,1.01286148223239,0.980645093170275,0.924354555642727,0.871033142288987,0.86244590719279,0.919792551897453,0.88251055261383,0.834643874505744,0.877236298684318,0.871701174894642,0.813024057515987,0.85796352315928,0.911762731246987,0.867366697183281,0.920364749742851,0.997667345819789,0.992148495166312,0.91148293716463,0.911638548782419,0.882945918068747,0.878427489995642,0.844491753891281,0.885029302045605,0.861074118873345,0.817778466599489,0.793105651110848,0.784909777106273,0.762491116002753,0.81347683699294,0.706229128330948,54,103,209,1.38096612298115,1.81332266051103,0.834643874505744,155,75,153,1.53312153207992,1.12465116287454,1.10709353218008,188.067073147707,0.00882360280673223,-0.00923281873589892,-0.0522062452723205,0.015581637737014,0.0144158505219649,0.0128351598887203,0.00850799140718195,3426
"371",4,0.754515599343186,0.865827451658065,0.993209101426258,1.04372079782801,1.09106441501754,1.11479081951943,1.1326733186184,1.18061582729902,1.28041562983353,1.31954678198021,1.41718084939843,1.51320392960894,1.49552676893348,1.3187410261566,1.26565203130206,1.08847294345149,0.873321563429161,0.800293306370878,0.900312427924675,0.9700992935877,0.973674488201154,1.03497900796444,1.07773506368156,1.11721920853242,1.06840977535596,1.0847942448542,1.02103477043637,0.941561674554729,0.835198791016763,0.786556328937075,0.802931398197185,0.796556417581411,0.780451291286317,0.777122704213159,0.790655724839793,0.737878313735511,0.783487715013792,0.804541371656799,0.850555417274323,0.815845516462428,0.852812630882473,0.854210468609439,0.90828099211964,0.879716139488612,0.915167963746457,0.933874783050048,0.936597045633137,0.894834267610446,0.92095193991768,0.918544266686268,0.989037685576454,0.953767530306632,40,82,195,1.11479081951943,1.51320392960894,0.941561674554729,155,61,139,1.28041562983353,0.9700992935877,0.77532561587343,160.836144921653,0.00948602643070273,-0.00505878101817887,0.329591472178793,0.0261529804543336,0.0260342489193628,0.0237899236099547,0.0191825414561676,2087
"372",1,1.38811771238201,1.42909352447972,1.40929841061963,1.46475662914951,1.47434905340172,1.56973026128314,1.5952783827408,1.56703017254364,1.5292907927835,1.53388890066125,1.51050008063659,1.55364628768702,1.60565376051223,1.68068174963645,1.71500537981076,1.7042274323482,1.68810344651077,1.6468117826897,1.51510424285666,1.49384343251521,1.4282775327521,1.32192821682507,1.28710384433735,1.35292008215068,1.30231220830167,1.23768294242808,1.24293501618164,1.25472050554165,1.16677413232223,1.17365613080213,1.24263225781079,1.22053391708134,1.14767676021437,1.24211351324236,1.22539111309763,1.17017786498728,1.23300496842718,1.31612928143287,1.26675828347129,1.23768023377864,1.32714783245701,1.33716931229312,1.33775206835229,1.31190736476602,1.33270653509957,1.28420794341803,1.21214836446792,1.19047353570136,1.24138876785194,1.19068835444607,1.43334489380987,0.968222442899702,33,103,202,1.47434905340172,1.71500537981076,1.16677413232223,169,68,153,1.53388890066125,1.32192821682507,0.746782936911054,232.138615106852,0.00343794752012909,-0.00553768936857095,-0.324975845916124,0.022265918362338,0.0221330686661425,0.0176506018904398,0.00855281864283892,1801
"373",4,0.721037811745776,0.876788656450417,0.728042168165839,0.819230398867601,0.836108921967065,0.912795668697771,1.02593152813726,0.997923228925981,0.948119514154785,0.986761768825772,0.997208758459557,0.975388984716557,1.0578879327956,1.17399885482794,1.18153428862997,1.19068623037897,1.23668787403178,1.24928632534247,1.14650329914761,1.17235457820313,1.03850918947909,1.04287146838881,0.982690891607639,1.0384460144572,0.955732143318591,0.934005854375764,0.760737739467325,0.696225021787973,0.564726479203123,0.579708610094832,0.738004862277286,0.787181619754325,0.777911410320211,0.813899635208441,0.822817281424823,0.74872950722951,0.796513097862821,0.835225280031722,0.88903258203947,0.880671584000715,0.920962401326756,0.905244368737692,0.964254206384109,0.957840020551308,0.999609195674972,1.04405347064047,1.04714390182832,1.0163215919729,0.990284694004696,0.900900351529549,0.902604987384475,0.747374812486606,68,125,188,0.986761768825772,1.24928632534247,0.760737739467325,120,96,153,1.17399885482794,1.04287146838881,0.68455984613935,116.100284771888,0.00460569397397722,-0.00775473945833569,0.130600325202148,0.0298495846893049,0.0280557595888029,0.0242881733223502,0.0149591756889427,1287
"374",1,1.3808376213118,1.39019862770105,1.37851336623897,1.39675907704335,1.39007881893118,1.42022243219302,1.44521734985325,1.43464835533594,1.43368266021268,1.48308339495766,1.51273835594844,1.57089734887531,1.61011757255187,1.63481867371441,1.64780235235345,1.7066278349558,1.74409794296943,1.81838691222037,1.87980755010981,1.89996916925329,1.89633325371843,1.76248097024248,1.66101265910318,1.59651125579564,1.56844917379307,1.50206993328872,1.52248310398789,1.52186398581154,1.52551784646876,1.47615073154892,1.51062674732016,1.52167413463231,1.52782182392096,1.51740110481251,1.58981767367517,1.51520193654534,1.55718221418426,1.53307774373295,1.55852579378561,1.48981035687809,1.52613699145632,1.48697865803135,1.54404802372834,1.54344938076124,1.62654229768379,1.63551469433915,1.64135463006919,1.64575455395028,1.61373722854864,1.51003528054659,1.50566549460296,1.29784201954397,75,139,245,1.51273835594844,1.89996916925329,1.58981767367517,170,110,188,1.7066278349558,1.52248310398789,0.602127149709314,254.332652409826,0.00605048145788818,-0.00292595750545397,0.777372731856489,0.0203265584025416,0.0191259325601866,0.0186554630618772,0.0165138982229034,1904
"375",9,0.880870292012746,0.91265960667988,0.9871083776329,1.00944511146477,1.04787766401637,1.02830100343599,1.0398693529332,1.0447285979403,1.08934641106727,1.12794138272624,1.22858162423602,1.25656695577595,1.31712966743556,1.40190631744057,1.345385896772,1.33257235815012,1.40623719416414,1.44996281919917,1.3722565264491,1.39754838924522,1.46212634212146,1.36226969748445,1.27201980529763,1.31076447817389,1.30559585680107,1.13801964123306,1.17346848271504,1.24435674791646,1.17341261345546,1.23052199880988,1.33844354218197,1.28846479365389,1.17186804203575,1.26747423593121,1.26901878614421,1.17965854774186,1.26888932875776,1.36035526255965,1.32727443564895,1.28623720300057,1.40617353802332,1.3749059382024,1.36533691959132,1.34652840787123,1.37121198302844,1.33474602031673,1.29161224970673,1.2319180186926,1.22257195493315,1.13588502846397,1.26185146268411,0.893878089541736,61,146,252,1.08934641106727,1.46212634212146,1.17965854774186,191,103,202,1.345385896772,1.17341261345546,0.581256050108711,229.814385295519,0.00438564624769636,-0.0026647905130151,-0.0525888035662443,0.0283001543856794,0.0280531953462411,0.0260259695415403,0.0217245588927003,2753
"376",9,0.995063809294486,0.985261910469546,0.992873289221091,1.01589667681071,1.04643026785772,1.13030989556602,1.22400838151219,1.28542424480648,1.33805625464151,1.41344531769893,1.4287255070519,1.45959877518218,1.49385378896277,1.55928290890099,1.5482250269412,1.58512017410277,1.61424030281491,1.65233405895714,1.60533123563401,1.55030784610714,1.56551538062228,1.50864625880966,1.42170332928328,1.41829260431708,1.45807918626295,1.38382269003531,1.40587247164111,1.45267700837579,1.445645223073,1.46102281777857,1.45606469427324,1.4090990305998,1.3517023762528,1.36350399992756,1.35532653354977,1.30905637213156,1.34917905148612,1.35096588971667,1.32541713065962,1.28682957537005,1.32782394615315,1.25063598564322,1.26976560524919,1.2308540981109,1.22716063128724,1.19957194091475,1.15795950053985,1.13095893678273,1.10848678211087,1.04845516474453,1.03760574218593,0.907839177528915,68,125,266,1.41344531769893,1.65233405895714,1.35096588971667,198,96,195,1.55928290890099,1.45267700837579,0.744494881428226,270.555637064266,0.00419103054838976,-0.0021373629024147,0.294847958005998,0.0144690725437231,0.0141023668753615,0.013598490497398,0.0122240320731093,4123
"377",1,1.1598440545809,1.18228932876011,1.17291189662982,1.20874287158088,1.26637874443151,1.31190572721261,1.41077259128152,1.4380555291102,1.45436622905897,1.51899362247367,1.56914302963956,1.59043739760302,1.66956151619133,1.71634589257335,1.75060713674696,1.8290382683532,1.88283341208423,1.9169904799578,1.97713195583968,1.96277280241426,1.90792889702775,1.87902520299302,1.87736470136754,1.84879091309956,1.82198071108804,1.81129809087758,1.7457899396586,1.66430476191259,1.61196094040699,1.58803292869675,1.59976280956442,1.60263474985345,1.54421849300235,1.50841449973344,1.52909773501033,1.39492629052229,1.38252664630097,1.37709716764776,1.41898358721503,1.39362548924961,1.46660761025063,1.42915232207811,1.48503231790196,1.44922066408569,1.40825135590779,1.38517881680322,1.39829089749658,1.36083363351629,1.33225162393604,1.25395986344121,1.25903745604079,1.01974538841257,61,132,230,1.45436622905897,1.97713195583968,1.54421849300235,169,96,181,1.71634589257335,1.81129809087758,0.957386567427108,273.37332376584,0.00736289756029169,-0.00441748431466668,-0.0611613374458301,0.0114701426702519,0.0109642489764913,0.00896925207120939,0.00447336456688491,2700
"378",1,1.42597087378641,1.49871940584627,1.52344035754843,1.55303783761464,1.56330654522974,1.56473533335423,1.55519657491064,1.52949733100621,1.4773904544488,1.50265618620945,1.50834326121044,1.52162040642284,1.55949665426809,1.64825211188316,1.64693174108305,1.67057136085235,1.69683884591552,1.71449858129089,1.68710943897998,1.65867630191674,1.66212947449477,1.62420526788729,1.58741124213861,1.56062978766053,1.54728747543902,1.48756835562844,1.44566314392127,1.39363897372264,1.36951212525881,1.324707427035,1.34939166572335,1.26214207875707,1.21013547121272,1.12626552521433,1.15664721287316,1.03063970317321,1.05948674399205,0.991757008872785,1.03600391536661,0.968817173145869,0.938941715776498,0.843123823027429,0.897340318182852,0.870120548788714,0.879983638507655,0.957350245730623,1.07610966166164,1.17784421492469,1.29911238485349,1.30512624881931,1.63784075829215,1.13224850679584,75,125,216,1.50834326121044,1.71449858129089,1.34939166572335,141,96,167,1.64825211188316,1.56062978766053,0.871374758263466,200.390762307094,0.00412310640160917,-0.00401216390733561,-0.691690190812254,0.0106417764568981,0.0103504720257806,0.00802636654989344,0.00308685116700171,3327
